label,file,mean,abs_mean,std,variance,rms,peak_to_peak,peak,kurtosis,skewness,crest_factor,impulse_factor,margin_factor,spec_mean,spec_std,spec_centroid,spec_rms,spec_peak_amp,spec_peak_freq,spec_kurtosis,spec_skewness
B,12k_Drive_End_B007_0_118.mat,1.5612511283791264e-17,0.799686037212644,1.0,1.0000000000000002,1.0,6.828766018398834,3.636236409399842,2.9336108133968004,0.015153270005821205,3.636236409399842,4.547080029150156,5.39179217601779,0.016141293345261022,0.026758587629090926,2707.9882868609147,0.03125001380418104,0.2044968214548694,3375.0,16.012564252195936,3.293046514451235
B,12k_Drive_End_B007_0_118.mat,1.3227266504323154e-17,0.8002857323695053,1.0,1.0,1.0,6.7510055463658265,3.5929472228517825,3.0778718625205683,0.03796510682936233,3.5929472228517825,4.489580505469838,5.259240380291036,0.015477093543334574,0.027148150497901827,2635.2153324551664,0.031250000000093696,0.30617631858463307,3363.28125,37.323927374072866,4.728269961867991
B,12k_Drive_End_B007_0_118.mat,2.0599841277224584e-17,0.8110130971081164,0.9999999999999999,0.9999999999999998,0.9999999999999999,6.201791422132629,3.2759552973697033,2.8428834012267346,0.007850079491000753,3.2759552973697037,4.039337106948082,4.690710540885064,0.017080350377699748,0.026169193905923222,2657.108413745765,0.031250041259345517,0.22460092724866726,3351.5625,17.4763631410325,3.286006440302953
B,12k_Drive_End_B007_0_118.mat,2.6020852139652106e-17,0.8085530725926557,0.9999999999999999,0.9999999999999999,0.9999999999999999,6.260923708398124,3.5613511829350153,2.8882118161833894,-0.05467242319792761,3.5613511829350157,4.404597921464091,5.135655888958932,0.016170583768564138,0.02674088107403049,2634.168131317251,0.03125000000050548,0.19522862273468705,3363.28125,15.591102180678744,3.23091492167344
B,12k_Drive_End_B007_0_118.mat,-6.938893903907228e-18,0.7981824639724973,0.9999999999999999,0.9999999999999999,0.9999999999999999,6.734458626713751,3.419544663209723,3.1232678709673714,-0.01826712658381236,3.4195446632097233,4.284164107278044,5.024170578570435,0.01582617274383043,0.026946149065145187,2658.604318095687,0.03125000309053722,0.18989318963413246,3234.375,16.20150321198006,3.332483448182905
B,12k_Drive_End_B007_0_118.mat,-6.938893903907228e-18,0.7883282733722219,1.0,1.0,1.0,7.023756946780572,3.68683324647727,3.2727662883188713,-0.001810707480182281,3.68683324647727,4.676774094002933,5.546234668776224,0.016263946088659394,0.026684200526869532,2617.797264790365,0.031250000002128055,0.16707896239319994,3234.375,13.505028201994142,3.065598207360311
B,12k_Drive_End_B007_0_118.mat,-1.6479873021779667e-17,0.7992823324590798,1.0,1.0000000000000002,1.0,6.0836127409612075,3.0839439999107205,2.7950557744805677,0.022962773952616543,3.0839439999107205,3.8583913026359893,4.569062825970131,0.016637940760138574,0.026452630359165407,2621.642121307505,0.031250003610504104,0.18785390144966327,3234.375,15.477525189921995,3.158022221568548
B,12k_Drive_End_B007_0_118.mat,-2.8189256484623115e-17,0.8021080785024325,1.0,1.0000000000000002,1.0,5.680918953190204,2.945958010845004,2.7567077250167005,0.005144427615892393,2.945958010845004,3.6727694057703846,4.3439995586418725,0.017350418159035833,0.025990898227688863,2665.7553242237286,0.03125002081560076,0.16447357763911252,3269.53125,11.257919866041126,2.7424691219797293
B,12k_Drive_End_B007_0_118.mat,2.45029690981724e-17,0.8082102557670215,0.9999999999999999,0.9999999999999998,0.9999999999999999,5.853027348638632,3.262071718554369,2.6948552678405497,-0.04198980789107069,3.2620717185543695,4.036167191987117,4.74101360468751,0.016602466505231436,0.026474946439069516,2676.6469100886625,0.03125003492812339,0.20327504987068545,3410.15625,18.114939963128695,3.491289336865717
B,12k_Drive_End_B007_0_118.mat,4.119968255444917e-18,0.826231116561631,0.9999999999999999,0.9999999999999999,0.9999999999999999,5.515115912036439,3.076074003636344,2.4516143230354785,-0.007498018428105479,3.0760740036363443,3.72301882848162,4.300034024122207,0.016293322164028175,0.026666288931087256,2684.7973318112213,0.031250012999949915,0.23703598205199305,3363.28125,23.164430697273154,3.7623654572286545
B,12k_Drive_End_B007_0_118.mat,9.540979117872439e-18,0.8252765439905381,1.0,1.0,1.0,6.220924347435011,3.2863611829706336,2.511354388162084,-0.007547037945367062,3.2863611829706336,3.98213327023664,4.603410080953999,0.016533644822662612,0.026517943572060793,2653.9126802056776,0.031250003878607095,0.1778859805142057,3421.875,13.645218177182524,3.065243494454215
B,12k_Drive_End_B007_0_118.mat,3.903127820947816e-18,0.7999649520537042,1.0,1.0,1.0,6.26087028667155,3.416795458862933,2.857031615125434,-0.07707235549002515,3.416795458862933,4.271181443750992,5.064197160753074,0.016351607733592767,0.026630573487174358,2663.450958769564,0.031250000315665355,0.18101919337299519,3375.0,15.801685269451358,3.2227713575517343
B,12k_Drive_End_B007_0_118.mat,3.5561831257524545e-17,0.7813622864667502,1.0,1.0000000000000002,1.0,6.772091641290923,3.816274933885227,3.3070538837448917,-0.09864778479306359,3.816274933885227,4.88412993560526,5.861862569452398,0.017024884916168492,0.026205341165258862,2712.9199938746483,0.03125006579187301,0.18170714881553285,3445.3125,13.030770392581845,2.9628205009420316
B,12k_Drive_End_B007_0_118.mat,-2.42861286636753e-17,0.7886035707665788,1.0000000000000002,1.0000000000000004,1.0000000000000002,6.807094893102722,3.7340366558258404,3.1730187079449674,-0.0005301537479197868,3.7340366558258395,4.734998412695609,5.617486411327773,0.016067621335033422,0.026802877039357766,2663.1295671953885,0.031250002767247126,0.18980136963113,3304.6875,16.730467123947385,3.350929747438996
B,12k_Drive_End_B007_0_118.mat,-8.673617379884035e-19,0.7977018515802139,0.9999999999999999,0.9999999999999999,0.9999999999999999,6.173929236416021,3.199137720072321,2.8668592139812037,-0.03390879835290719,3.1991377200723212,4.010442891332097,4.75137934122456,0.016206670416385988,0.026719054722738,2688.582286021372,0.031250024820182604,0.23151760648986383,3292.96875,19.874311157826284,3.55918052525916
B,12k_Drive_End_B007_0_118.mat,2.0816681711721685e-17,0.7983790111357487,1.0,1.0,1.0,6.120911361548709,3.399882346522942,2.8764346508217695,-0.14176047600451785,3.399882346522942,4.258481622264064,5.044018749080768,0.017400711084990365,0.0259572315412945,2601.342467839451,0.031250001848826835,0.1454439205777833,3011.71875,9.555799425844278,2.514263332306301
B,12k_Drive_End_B007_0_118.mat,3.469446951953614e-18,0.7996336160232161,1.0,1.0,1.0,6.585296151707486,3.3886538726947637,2.9450149683656623,-0.044581423815136495,3.3886538726947637,4.237758149222655,4.994645723308339,0.016711081064735785,0.026406515916147594,2706.9616604474704,0.031250029010897365,0.16658754766215447,3281.25,12.4514433535562,2.902331636344309
B,12k_Drive_End_B007_0_118.mat,-1.0408340855860843e-17,0.8057730905174414,1.0,1.0,1.0,6.136698930770319,3.1587039450928813,2.718475290107733,-0.014283775503604844,3.1587039450928813,3.9200911302020076,4.616852652832088,0.015423121743917294,0.02717884924649582,2708.249872119051,0.03125000049106305,0.24158645057012063,3281.25,24.088367582483635,3.9381688716078083
B,12k_Drive_End_B007_0_118.mat,1.691355389077387e-17,0.8005335987654352,1.0,1.0,1.0,5.82169333828497,3.1340368854197345,2.783219884983077,-0.05024413074317473,3.1340368854197345,3.914934851270422,4.636941164078362,0.01566266164079854,0.02704151669876204,2665.924451126017,0.031250001520697054,0.23103100835984683,3351.5625,18.315270198138215,3.473828092121596
B,12k_Drive_End_B007_0_118.mat,-8.456776945386935e-18,0.7991079025771317,1.0,1.0,1.0,5.986690167409241,3.125049330647046,2.886997126381341,-0.08019500224411526,3.125049330647046,3.9106725394264377,4.616018297174287,0.01580178078750158,0.026960482445622,2675.1611304837556,0.03125002223610322,0.24977530469752443,3410.15625,23.873635063157238,3.908033980920567
B,12k_Drive_End_B007_0_118.mat,1.734723475976807e-18,0.7887258240773227,1.0,1.0000000000000002,1.0,7.197545355413717,3.660592589957906,3.1506121299815413,-0.02300315256382407,3.660592589957906,4.641147123894652,5.526121469212241,0.01571958851138001,0.0270084631355124,2691.329929917829,0.03125000070255108,0.19372517175615964,3445.3125,16.107902684615663,3.33891709987159
B,12k_Drive_End_B007_0_118.mat,-1.9081958235744878e-17,0.7857710076678404,0.9999999999999999,0.9999999999999998,0.9999999999999999,7.206012318878795,3.6615801833785486,3.229495843091221,0.00034351493098590095,3.661580183378549,4.659856558268901,5.5751071891282145,0.016093367089100453,0.0267874935497147,2725.312455201799,0.0312500603989904,0.21450990579183346,3363.28125,22.407172039397224,3.8852787300454685
B,12k_Drive_End_B007_0_118.mat,3.0357660829594124e-18,0.7943745790433936,1.0,1.0000000000000002,1.0,6.500751500425171,3.431888342943438,3.082541997171169,-0.03382573198150148,3.431888342943438,4.320239385147755,5.126735076297789,0.01665106825747477,0.026444385234906474,2681.081173656727,0.03125001735307075,0.19902368681353605,3292.96875,13.290024339411108,2.911795336845762
B,12k_Drive_End_B007_0_118.mat,6.5052130349130266e-18,0.7994754588492847,1.0,1.0,1.0,6.899784762878478,3.7545342323000517,3.155792584781815,-0.07419309336931779,3.7545342323000517,4.696247008887671,5.523325957453523,0.016772682397560836,0.026367411381700685,2673.9865892199005,0.031250012124498225,0.15535175800242768,3257.8125,9.90960139880428,2.6098620137130624
B,12k_Drive_End_B007_0_118.mat,4.336808689942018e-19,0.7871415255251455,1.0,1.0,1.0,6.4888794993475205,3.507285355129356,3.275253503019348,-0.04319483147749925,3.507285355129356,4.455723959918711,5.2867597687955525,0.015845824447858835,0.026934595735039132,2668.690402478938,0.031250001597477546,0.2032942372409028,3246.09375,19.42599964630973,3.625157287312636
B,12k_Drive_End_B007_0_118.mat,-3.903127820947816e-18,0.8059331152000148,1.0,1.0,1.0,5.829900701536545,3.1499826913576805,2.767966029998926,-0.04410126824361987,3.1499826913576805,3.90849145164599,4.587805452771615,0.015304195888690482,0.02724599431227635,2686.632699065673,0.03125000188582403,0.2060901410154846,3281.25,18.89348677099891,3.6798133782291114
B,12k_Drive_End_B007_0_118.mat,1.3010426069826053e-18,0.8138187494198275,1.0,1.0000000000000002,1.0,5.404731613765554,2.706087108947158,2.606977539652716,-0.03639946097992865,2.706087108947158,3.3251717423275533,3.884718579580188,0.01627966215009894,0.026674627279385094,2642.431050045869,0.031250010243445994,0.18414813272447447,3351.5625,14.697484331711415,3.189946914850413
B,12k_Drive_End_B007_0_118.mat,-1.5178830414797062e-17,0.7999936585190307,1.0,1.0,1.0,6.069488809721786,3.2403563790359518,2.8416467451831244,-0.03553591568695344,3.2403563790359518,4.050477581328063,4.774071709185757,0.016245141655577496,0.026695653214808115,2685.328373811309,0.031250000447601185,0.1842815387651472,3363.28125,15.451541856562272,3.2494079663364603
B,12k_Drive_End_B007_0_118.mat,5.204170427930421e-18,0.7965120333170874,0.9999999999999999,0.9999999999999998,0.9999999999999999,5.8725366444787515,3.040572435619477,2.8051568239732396,-0.03115056856884361,3.0405724356194774,3.817359071095214,4.521948166147692,0.015708769443430613,0.027014764955313922,2678.8495074139096,0.031250007408282585,0.20941910810445058,3398.4375,20.08824151460168,3.735378069042797
B,12k_Drive_End_B007_0_118.mat,2.168404344971009e-17,0.7993732241188443,1.0,1.0,1.0,5.764636005101758,2.927102593604818,2.7797859122645576,-0.011073620958659477,2.927102593604818,3.661747110470691,4.331472441718956,0.01613964499822238,0.02675956967897923,2656.279505334468,0.031250003361164444,0.20584499199649883,3246.09375,16.399803982022046,3.300135487914315
B,12k_Drive_End_B007_0_118.mat,-9.540979117872439e-18,0.7903701649693122,1.0000000000000002,1.0000000000000004,1.0000000000000002,6.639942566725077,3.7191681747446057,3.2252107907975924,-0.13403165457745447,3.719168174744605,4.705602943513195,5.57881380852967,0.016996226940896246,0.02622385919988966,2629.9744769236972,0.03125000034499336,0.17875608845440064,3292.96875,13.605887937109959,3.0034142720126846
B,12k_Drive_End_B007_0_118.mat,-2.3201926491189795e-17,0.7903111554653313,0.9999999999999999,0.9999999999999998,0.9999999999999999,6.968832191874522,3.5878732304608105,3.3515208135319425,-0.08418950869023738,3.587873230460811,4.53982359435163,5.368261383240868,0.016568984917721564,0.026495881674310207,2664.7607095746494,0.03125000811044266,0.1663353805812854,3292.96875,12.07808122566621,2.872242142997046
B,12k_Drive_End_B007_0_118.mat,-1.214306433183765e-17,0.7980761191207546,1.0,1.0000000000000002,1.0,6.986083219718434,3.599066499185808,3.00372997164012,-0.01198295847346701,3.599066499185808,4.509678228626766,5.326470265957228,0.016303651033151907,0.026659960813109704,2632.093613429897,0.031250000761077444,0.19467996286813732,3445.3125,16.60665550646814,3.302702901318465
B,12k_Drive_End_B007_0_118.mat,-1.3010426069826053e-18,0.8091068398201867,1.0,1.0,1.0,5.8821587434071,2.9543188168300425,2.666273778720287,-0.060037864878606684,2.9543188168300425,3.6513333856955166,4.286050462743746,0.01647247872091951,0.02655598217126334,2668.931673469267,0.03125000390866539,0.16603413647653045,3421.875,12.280034806808972,2.898967464144127
B,12k_Drive_End_B007_0_118.mat,9.107298248878237e-18,0.8151254381715056,1.0,1.0,1.0,6.107680057451398,3.0679703587954488,2.6579140318098755,0.012994614864136837,3.0679703587954488,3.7638015146203,4.386372143884533,0.01749447696569946,0.025894202230586662,2686.7651942369594,0.03125006293532716,0.15640650889083918,3375.0,10.88348658699013,2.711355880481228
B,12k_Drive_End_B007_0_118.mat,2.5153490401663703e-17,0.7985787457327335,1.0,1.0,1.0,6.684571919967471,3.533431725386201,2.903883228977149,0.039202772748624846,3.533431725386201,4.424650348218461,5.2260344690815055,0.016812120606831366,0.026342280055438653,2635.739855470221,0.031250009885083314,0.24658550685449362,3363.28125,18.37762669528596,3.2620915900293026
B,12k_Drive_End_B007_0_118.mat,-2.6020852139652106e-18,0.7974671886045575,0.9999999999999998,0.9999999999999997,0.9999999999999998,5.8695615026380565,3.1023283706730242,2.926298160144813,-0.001741967175654064,3.102328370673025,3.890226977365191,4.593275261409316,0.015835387109492824,0.026940762488092327,2668.9309376128,0.0312500266935453,0.23267128407389517,3304.6875,21.57217805051142,3.7850592929034086
B,12k_Drive_End_B007_0_118.mat,8.239936510889834e-18,0.805810822842959,1.0,1.0,1.0,6.013171291702396,3.0915521486619864,2.939129618055457,0.03749500199749306,3.0915521486619864,3.8365731273684887,4.472042908446742,0.016486197134974477,0.026547489018351973,2669.7910491284433,0.03125002190643647,0.16626647774011702,3234.375,14.306613712096901,3.1519944437867684
B,12k_Drive_End_B007_0_118.mat,-9.324138683375338e-18,0.8034789317544185,0.9999999999999999,0.9999999999999998,0.9999999999999999,7.888162087908931,4.223721130883186,3.144635763119106,-0.01875160034154092,4.223721130883187,5.25679139048559,6.135325536772812,0.016456887542335027,0.026565648973062475,2679.626149234893,0.03125000564705609,0.1894503085684157,3222.65625,14.298665947374303,3.0954888087863504
B,12k_Drive_End_B007_0_118.mat,-2.8189256484623115e-17,0.8037373164292224,1.0,1.0,1.0,7.23368689556162,3.8723331904392295,2.909067116895776,-0.01673870260781725,3.8723331904392295,4.817908925322655,5.674492442096776,0.01617711173365209,0.02673693741075784,2704.225320042881,0.031250004258397246,0.19813801638665385,3234.375,15.125085024613337,3.2229155401331493
B,12k_Drive_End_B007_0_118.mat,3.0357660829594124e-18,0.8036290034337576,1.0,1.0,1.0,5.740592731130384,2.938475489396118,2.8077672939498055,-0.005407489690631824,2.938475489396118,3.656507513841035,4.309189545421806,0.016526253805229943,0.026522564861748112,2666.71066169603,0.031250016186884014,0.2085386140159885,3281.25,17.911775288436854,3.4411111587316046
B,12k_Drive_End_B007_0_118.mat,2.0166160408230382e-17,0.8099523303996905,0.9999999999999999,0.9999999999999998,0.9999999999999999,5.779790138573661,2.9703331448284893,2.7473501475215496,-0.05963079312834849,2.9703331448284898,3.6672937817991174,4.2874017375061255,0.01661621504842347,0.02646627958384542,2615.4887640786324,0.03125000092073162,0.2079046178584731,3421.875,15.245988917140743,3.182771311868064
B,12k_Drive_End_B007_0_118.mat,-2.3418766925686896e-17,0.8022548314229561,1.0,1.0000000000000002,1.0,6.5843702817283845,3.4674940778630674,2.9082821311710756,0.043731993178136926,3.4674940778630674,4.322185348155259,5.0885160584960545,0.017165896302732495,0.02611322733497753,2716.8853489506528,0.03125009820343583,0.20489776998865378,3351.5625,16.359541445713454,3.2712448346578245
B,12k_Drive_End_B007_0_118.mat,3.122502256758253e-17,0.7894208109967281,0.9999999999999998,0.9999999999999997,0.9999999999999998,6.50440262708427,3.4262628234640493,3.0884466048536194,0.07864887982480911,3.42626282346405,4.340223586375974,5.171768635418072,0.016558405641199873,0.02650248681753901,2642.0858054043,0.03125000167827754,0.1949279428986224,3351.5625,15.495019905811894,3.2153261447479125
B,12k_Drive_End_B007_0_118.mat,-2.7321894746634712e-17,0.8012368462471169,1.0,1.0000000000000002,1.0,5.523923055102978,2.784619214059887,2.7376307469179526,0.034313253772756694,2.784619214059887,3.4754008469563775,4.121190252331728,0.01656504121307318,0.026498408837300924,2710.176050614378,0.03125006018073502,0.21176361180903666,3304.6875,19.14856191515325,3.5297572377481776
B,12k_Drive_End_B007_0_118.mat,2.168404344971009e-18,0.8144424714798237,1.0,1.0,1.0,5.983072152992447,3.0752307353025894,2.646663690135311,-0.020601140550500212,3.0752307353025894,3.775872259847849,4.407285404653064,0.01644003073085582,0.026576106304367218,2741.051898690541,0.0312500245877105,0.17441503948234285,3363.28125,14.001683929241823,3.093628185784765
B,12k_Drive_End_B007_0_118.mat,2.2551405187698492e-17,0.8019283881179875,1.0,1.0,1.0,6.1093421553904355,3.088408794366659,2.991004066821477,0.0010417068989371676,3.088408794366659,3.8512276658701627,4.522609211916003,0.01602405984401187,0.026828954121855406,2712.760694780775,0.03125001237051109,0.22924302895278156,3234.375,21.904968009260745,3.8182824611089208
B,12k_Drive_End_B007_0_118.mat,-1.734723475976807e-18,0.7934290791179587,0.9999999999999999,0.9999999999999998,0.9999999999999999,6.01083529947433,3.0109091256944978,2.963601621612385,0.035780543496202855,3.010909125694498,3.7948056164536763,4.525057517660806,0.016079895146585973,0.026795522355281404,2733.9129874009614,0.03125000873948013,0.210641700765337,3363.28125,16.166943683284813,3.318297275483497
B,12k_Drive_End_B007_0_118.mat,9.540979117872439e-18,0.7940509806261618,1.0,1.0000000000000002,1.0,5.880053616059876,2.971501516859017,2.8517268038880603,-0.01173724281782356,2.971501516859017,3.742204958321179,4.472080332087974,0.01611516566801722,0.026774315998615416,2697.9647011127304,0.03125000098722165,0.20290244659744822,3257.8125,17.377833086515828,3.432694908382854
B,12k_Drive_End_B007_0_118.mat,-7.806255641895632e-18,0.8078685256419532,0.9999999999999999,0.9999999999999999,0.9999999999999999,6.499982806054826,3.552761015120828,2.7639120335379928,-0.030204573304668966,3.5527610151208284,4.397697029102244,5.160227422304791,0.016158692385891023,0.026748074993408432,2680.416673364543,0.03125000568759714,0.22199580457671877,3421.875,19.64205682989838,3.5928112284957927
B,12k_Drive_End_B007_0_118.mat,2.6020852139652106e-18,0.8076522120928815,1.0,1.0,1.0,6.432196898688844,3.513135154272152,2.724980439683139,-0.06096937521588154,3.513135154272152,4.349811839391254,5.107939357717927,0.01629201633010476,0.02666707166282624,2663.3094562064066,0.03125000011473136,0.2030555579355282,3351.5625,17.383662137252298,3.3913561796623353
B,12k_Drive_End_B007_0_118.mat,6.938893903907228e-18,0.798967077611751,1.0,1.0,1.0,6.334837648865415,3.5496422929513693,2.8444631802286926,-0.053512888197290956,3.5496422929513693,4.442789186710741,5.272002198069322,0.016220444562419344,0.026710671954922587,2670.2719472596136,0.0312500050893757,0.1977855350660092,3281.25,14.3516823272097,3.128203148116192
B,12k_Drive_End_B007_0_118.mat,-1.973247953923618e-17,0.814488960905986,0.9999999999999999,0.9999999999999998,0.9999999999999999,5.635275792156056,3.1004089678306603,2.554991351372586,0.003365176607146464,3.100408967830661,3.806569661032559,4.442531675867826,0.015236430173338669,0.02728394603416341,2701.661374465961,0.03125000024995466,0.2064658036046666,3234.375,19.312961429451143,3.665120195389664
B,12k_Drive_End_B007_0_118.mat,-7.37257477290143e-18,0.8087032130612914,0.9999999999999999,0.9999999999999999,0.9999999999999999,5.53264438780897,2.8783834134985176,2.667756917889503,0.040229507819871044,2.878383413498518,3.5592580405394845,4.169534669296664,0.016263486589254222,0.026684491216067818,2705.8323206112677,0.03125000907998672,0.19208371426046633,3292.96875,17.444768296369173,3.378233406722487
B,12k_Drive_End_B007_0_118.mat,6.071532165918825e-18,0.787851843639442,0.9999999999999999,0.9999999999999998,0.9999999999999999,6.314878175840283,3.33112774158338,3.1238965467002004,0.06733701021249494,3.3311277415833804,4.22811442084771,5.032154891840019,0.016699628008753815,0.02641372806113582,2605.7473216976596,0.031250001691494174,0.24288073925916126,3234.375,21.71917690656775,3.632991497178506
B,12k_Drive_End_B007_0_118.mat,1.6046192152785466e-17,0.7782518337493128,1.0,1.0000000000000002,1.0,7.357073187812849,4.069999498754213,3.454442775566769,0.06113151642111421,4.069999498754213,5.229669012338266,6.238907998402022,0.017289952825172573,0.026031168853943583,2685.6947744942395,0.03125002752957532,0.18501634934251077,3222.65625,12.920801570332078,2.8921976977781805
B,12k_Drive_End_B007_0_118.mat,-4.336808689942018e-19,0.7954415426351926,0.9999999999999999,0.9999999999999998,0.9999999999999999,7.0420778414748995,3.8898081518692966,3.041149650417509,0.037024952999885875,3.889808151869297,4.890124469716375,5.772633838117365,0.01666832549074302,0.026433491938482847,2671.7332589969133,0.031250001131635036,0.24129600288676592,3363.28125,17.76350010482907,3.214006596130924
B,12k_Drive_End_B007_0_118.mat,2.168404344971009e-18,0.8098014330028857,1.0,1.0,1.0,5.647420587132737,2.952098716646991,2.5770849542615633,0.037366317865570944,2.952098716646991,3.6454599810969603,4.283064677865662,0.01684713854174507,0.02631995730639922,2706.755093119493,0.031250059674429904,0.18379978227066612,3363.28125,14.552487459597756,3.1568939841570485
B,12k_Drive_End_B007_0_118.mat,-2.47198095326695e-17,0.8005595088098525,0.9999999999999999,0.9999999999999998,0.9999999999999999,6.066733272456905,3.0752836297781223,2.9050369966351766,0.020632532260444803,3.0752836297781228,3.8414179032736446,4.524853077755493,0.01655236278074798,0.026506260231170805,2683.2746808781435,0.0312500007210886,0.17929022655058943,3363.28125,13.448216208548837,3.003080885352408
B,12k_Drive_End_B007_0_118.mat,1.734723475976807e-17,0.7960475458221867,1.0,1.0,1.0,5.931739515002889,3.0315693467827125,3.0027193740632367,-0.06419935238168897,3.0315693467827125,3.8082767325808384,4.496870080201219,0.01615964558604159,0.026747505031595297,2686.1151675800284,0.03125001073410519,0.20141496017570082,3257.8125,16.252341390158733,3.3379620977152027
B,12k_Drive_End_B007_0_118.mat,-8.673617379884035e-19,0.8076161222378578,0.9999999999999999,0.9999999999999999,0.9999999999999999,5.718587235847709,2.9776791863741376,2.7429766221497105,-0.0760549143302176,2.977679186374138,3.686998196770961,4.323278709039124,0.016106901016236012,0.026779289383876623,2669.4517966854087,0.031250001604035675,0.21656366601185906,3421.875,19.581478972868528,3.6209769532741625
B,12k_Drive_End_B007_0_118.mat,-2.6020852139652106e-17,0.805220507715948,1.0,1.0,1.0,6.4873616815926685,3.5951808915984036,2.872267455176855,0.042622664503770426,3.5951808915984036,4.464840198613832,5.240303074623423,0.01651520213515277,0.026529453186400553,2674.3479014892255,0.03125002060694317,0.24530827572448388,3421.875,18.98502129023855,3.4136845973006014
B,12k_Drive_End_B007_0_118.mat,-1.431146867680866e-17,0.7806061019820568,1.0,1.0,1.0,7.156330225450203,3.712160659624796,3.518840738224827,0.0875110789216002,3.712160659624796,4.755485065001611,5.690857605967411,0.01653236078829478,0.02651874094192862,2660.1189329761824,0.03125000119007147,0.1632695635000955,3410.15625,10.639506136057447,2.7199994154606775
B,12k_Drive_End_B007_0_118.mat,-1.9949319973733282e-17,0.7807964070392625,0.9999999999999999,0.9999999999999999,0.9999999999999999,6.788026331886842,3.5170356956917646,3.3406720477880647,-0.04100194131668422,3.517035695691765,4.504420952740001,5.404516446364649,0.017227256451364394,0.026072798444305836,2766.122764006703,0.0312501069367526,0.15576339126323685,3281.25,11.540273860336612,2.840959799479098
B,12k_Drive_End_B007_0_118.mat,-1.951563910473908e-17,0.8105602534480111,1.0,1.0,1.0,5.93666530566103,3.0151657928085287,2.6966434891063518,-0.04207606101390594,3.0151657928085287,3.719853989857547,4.358109405371624,0.016322740553939175,0.02664832057501987,2692.8659052526814,0.031250037578541216,0.19297931082127867,3304.6875,17.16091530463077,3.3721769701527653
B,12k_Drive_End_B007_0_118.mat,-8.673617379884035e-19,0.8093733824497107,0.9999999999999999,0.9999999999999999,0.9999999999999999,5.717560118155632,3.1011256728001544,2.698397921280806,0.004099979281741209,3.101125672800155,3.8315142801138986,4.485640441938676,0.01635187474471593,0.02663048204885154,2703.1166262694637,0.031250062109075605,0.21789802287415647,3234.375,18.867433695563705,3.477264186252438
B,12k_Drive_End_B007_0_118.mat,1.0408340855860843e-17,0.7811352926242949,0.9999999999999999,0.9999999999999999,0.9999999999999999,7.719778337676377,4.397640821319203,3.583278072217298,0.07421302958082969,4.397640821319204,5.62980685016155,6.715310913630393,0.01704068861959722,0.02619502157059174,2675.2530169928773,0.031250027579409215,0.20472611602421623,3421.875,13.563586614109425,2.9723041360649964
B,12k_Drive_End_B007_0_118.mat,2.2551405187698492e-17,0.7909782187147618,1.0,1.0,1.0,7.5714355316126944,4.3094896876505375,3.471887593414068,0.0962600598682544,4.3094896876505375,5.448303866891437,6.45069132186885,0.017425938778419716,0.025940369427643162,2666.6538529037093,0.031250057733576045,0.1614292032954652,3257.8125,11.69427987507516,2.8015331499001817
B,12k_Drive_End_B007_0_118.mat,3.729655473350135e-17,0.8073471342584256,0.9999999999999998,0.9999999999999997,0.9999999999999998,5.861822131239626,3.0413220815154935,2.772317470963055,0.044791756149076364,3.0413220815154944,3.7670562667061995,4.424415117852737,0.016708128770196853,0.026408357562591772,2665.420933363129,0.03125000665848214,0.202200626831023,3421.875,13.866932332439719,3.008490881737953
B,12k_Drive_End_B007_0_118.mat,-7.806255641895632e-18,0.7801584795796556,0.9999999999999999,0.9999999999999999,0.9999999999999999,7.100430076417928,3.5749031594892227,3.375573679555195,0.033371087254885134,3.574903159489223,4.582278156375814,5.498397570413459,0.016884436470068757,0.026295980415603024,2677.8298671573502,0.03125000449487273,0.18015951811955166,3421.875,12.35788118693913,2.864148490261435
B,12k_Drive_End_B007_0_118.mat,1.1709383462843448e-17,0.7789565469763392,1.0,1.0,1.0,7.558907737824576,3.802615240813477,3.56351628949309,-0.008961998178232724,3.802615240813477,4.881678259941477,5.844558914083247,0.017111679772661693,0.02614869147731737,2660.988864488368,0.03125001840988337,0.21502749876975308,3363.28125,14.891500282173165,3.03611253090613
B,12k_Drive_End_B007_0_118.mat,-6.071532165918825e-18,0.8066756776929582,1.0,1.0,1.0,5.5704899032215245,2.7944892679236775,2.7093126242315004,-0.027352213241823565,2.7944892679236775,3.4642041965560946,4.058122285509925,0.015862765635287608,0.02692462604659173,2650.310969308375,0.03125000514158145,0.21799728347021347,3257.8125,20.413801763763857,3.715038669673816
B,12k_Drive_End_B007_0_118.mat,-2.2985086056692694e-17,0.8215324516129533,1.0,1.0,1.0,5.397265832616794,2.7807671752119716,2.508853061516584,0.002991880600543695,2.7807671752119716,3.3848537203276154,3.914010085279597,0.015620140459600494,0.027066099601871597,2700.3190989445425,0.03125000057017731,0.2073767332699368,3281.25,17.23890368290492,3.4262711151438494
B,12k_Drive_End_B007_0_118.mat,2.168404344971009e-18,0.8055749304715556,1.0,1.0000000000000002,1.0,5.909224765673709,3.0918840644614134,2.7769066967308365,0.05294371672843126,3.0918840644614134,3.838108594878358,4.503029714889757,0.01641521167768005,0.026591437617124486,2706.6446629446036,0.031250019663489274,0.16688116230997163,3363.28125,13.75065266551841,3.108259299842451
B,12k_Drive_End_B007_0_118.mat,3.2959746043559335e-17,0.7903427852822142,0.9999999999999998,0.9999999999999997,0.9999999999999998,6.274532251600295,3.285047777416896,3.0870809971989774,0.015620071617892025,3.2850477774168967,4.156484804557147,4.944576992800092,0.01667357853608151,0.02643018256996057,2672.2541102928203,0.0312500043500849,0.16541075285291637,3234.375,13.474157321577325,3.012269795505474
B,12k_Drive_End_B007_0_118.mat,3.382710778154774e-17,0.7997573035246659,0.9999999999999999,0.9999999999999999,0.9999999999999999,6.12681905870903,3.1956404401480665,2.9035399778669184,-0.045212239943797194,3.195640440148067,3.995762747103825,4.712745830972527,0.016385894554160237,0.026609515647348845,2694.889764909148,0.031250021813217364,0.19289034470973604,3363.28125,15.95361975092025,3.2861365959726805
B,12k_Drive_End_B007_0_118.mat,6.938893903907228e-18,0.8007751805040744,1.0,1.0000000000000002,1.0,6.72758911705159,3.549064581205601,2.9881469959417775,-0.037156726281690255,3.549064581205601,4.432036191445801,5.195885058332577,0.016583040677580443,0.02648707993106108,2696.391338890139,0.03125000226221922,0.1938626416466945,3421.875,14.141815840000476,3.0535998038849574
B,12k_Drive_End_B007_0_118.mat,2.3852447794681098e-18,0.7828972196236108,1.0,1.0,1.0,6.980397306596682,3.7516311620294274,3.3015173272723817,0.014074216407525285,3.7516311620294274,4.791984270723401,5.710872269696136,0.016511247292752513,0.02653189933383318,2686.1217475488575,0.03125000751076845,0.15045094734473682,3234.375,12.540351483154852,2.983383186036257
B,12k_Drive_End_B007_0_118.mat,-3.122502256758253e-17,0.7904591413919781,1.0,1.0,1.0,5.949458360558369,3.094800837941188,3.061913155503441,0.03736552439141064,3.094800837941188,3.915193937148129,4.647949244320852,0.016381542171354235,0.02661217127138556,2629.5649538019434,0.03125000133903063,0.2701651961334998,3363.28125,24.959336656209604,3.7852914662640846
B,12k_Drive_End_B007_0_118.mat,-1.6479873021779667e-17,0.8057454008657101,1.0,1.0000000000000002,1.0,5.729644336804569,2.865458504057123,2.7975740648225536,-0.03702279215596273,2.865458504057123,3.5562827922795623,4.1726493424823925,0.016013714496159494,0.026835124106295488,2669.7270056236803,0.03125000700423585,0.19084654878394988,3445.3125,17.760069727491747,3.4589547554938616
B,12k_Drive_End_B007_0_118.mat,1.0408340855860843e-17,0.8091766277343249,1.0,1.0,1.0,6.078121265494929,3.1891187259484237,2.6943424766510136,-0.03653212836978886,3.1891187259484237,3.9411898671342986,4.617120427871587,0.0158369802225245,0.026939797804457676,2696.1763034967726,0.031250002373019024,0.19703734331497544,3421.875,17.31129111316516,3.4360900045645284
B,12k_Drive_End_B007_0_118.mat,4.336808689942018e-19,0.799321495689987,1.0,1.0,1.0,6.353318463272032,3.4112293554050455,2.8746839761624066,0.013160321681704593,3.4112293554050455,4.2676562231826605,5.034827058374462,0.016653690696597216,0.026442735184161,2717.86726275667,0.03125001852539603,0.18043418942118733,3398.4375,13.779856318775629,3.0048459275064796
B,12k_Drive_End_B007_0_118.mat,1.8431436932253575e-17,0.7934418039631265,1.0,1.0,1.0,6.031564792547523,3.209006513638544,2.824189723442399,-0.057769425580868165,3.209006513638544,4.044413210408153,4.8273272654165345,0.015572776251274588,0.027093378656978914,2680.0233617846334,0.03125000043556323,0.22881326025300341,3257.8125,19.536403666496113,3.6319451365341435
B,12k_Drive_End_B007_0_118.mat,2.927345865710862e-18,0.8078592826608788,1.0,1.0,1.0,6.046447721944804,3.040242690713195,2.6737114801400494,-0.08618288478052154,3.040242690713195,3.763332000963614,4.4346869299462,0.015186702279527946,0.027311665925250098,2695.592425326087,0.03125000834783067,0.21415199139228616,3304.6875,20.513148446967346,3.788698562665513
B,12k_Drive_End_B007_0_118.mat,3.252606517456513e-17,0.8026146248282949,1.0,1.0,1.0,6.446925516095657,3.3441032425802484,2.9110031135779364,-0.045272330971481145,3.3441032425802484,4.1665117219807195,4.908036296812098,0.01606854277095213,0.026802331262943912,2687.0976435005196,0.031250008446566835,0.22170493139914327,3445.3125,16.724638852783848,3.3170922170420925
B,12k_Drive_End_B007_0_118.mat,1.8648277366750676e-17,0.7998659543778326,1.0,1.0,1.0,5.753264543248183,2.9668737980640083,2.911911051930148,0.053712954904716316,2.9668737980640083,3.709213752411503,4.364443773471171,0.01650187724482658,0.026537781388498233,2706.425781149889,0.03125005269798834,0.17674180916673332,3234.375,14.843744283202566,3.2239013708756628
B,12k_Drive_End_B007_0_118.mat,-3.230922474006803e-17,0.8125550157542585,1.0,1.0,1.0,5.548750399052083,2.8617523509312015,2.734072085348661,0.07008105905733805,2.8617523509312015,3.521918264543312,4.091050726211611,0.015778326370797607,0.026974190712825797,2679.989903641157,0.03125000076280487,0.2065836418373537,3234.375,17.147047742825862,3.3777680043440372
B,12k_Drive_End_B007_0_118.mat,-2.2659825404947043e-17,0.8180444645480871,1.0,1.0000000000000002,1.0,5.371068746782525,2.865011557736125,2.570854351482171,0.0019545057070483526,2.865011557736125,3.5022687419795027,4.071125178783198,0.01657614021087525,0.026491457520369414,2683.019362214321,0.03125005193346297,0.21030264620864084,3363.28125,15.705340387786784,3.215978778682598
B,12k_Drive_End_B007_0_118.mat,2.2551405187698492e-17,0.8153790074041385,1.0,1.0,1.0,5.818086520873395,3.072186224248052,2.5641333465441063,-0.052896827977060225,3.072186224248052,3.767801471893105,4.389562319874001,0.015601763879451256,0.027076696377218403,2661.666474648571,0.03125000036566755,0.22648943104066538,3421.875,21.35384919970805,3.73336239807332
B,12k_Drive_End_B007_0_118.mat,1.3444106938820255e-17,0.7965061553862907,1.0,1.0,1.0,6.341141495955205,3.348143771488376,2.9313522239034167,-0.03560390316883768,3.348143771488376,4.203537849452762,4.959253927170971,0.016217799105883873,0.026712277448613618,2679.199256085041,0.031250004389288,0.1925006928536313,3386.71875,15.94238895860885,3.2600008975016475
B,12k_Drive_End_B007_0_118.mat,1.973247953923618e-17,0.802743342055509,1.0,1.0,1.0,6.459007746348371,3.237153449496887,2.995498402205721,0.007576549849321372,3.237153449496887,4.032613264917046,4.733211649243598,0.016853592326049306,0.026315761777253442,2625.171140846224,0.03125000627535651,0.1888408757912207,3246.09375,13.291701042219806,2.9167458018657864
B,12k_Drive_End_B007_0_118.mat,-1.2576745200831851e-17,0.8097986505718138,1.0,1.0000000000000002,1.0,6.120400152943363,3.088579755135791,2.827731893302815,-0.02691092412472947,3.088579755135791,3.814009510827028,4.455122683591509,0.016358088262329186,0.026626593680090894,2629.792931849527,0.03125000068164493,0.19626047449324793,3386.71875,15.457666546784465,3.1700205151202185
B,12k_Drive_End_B007_0_118.mat,-8.673617379884035e-19,0.7955850830488634,1.0,1.0,1.0,6.108011064221309,3.2691514672089017,2.878422682884122,-0.0503788764686565,3.2691514672089017,4.109116091871366,4.873457229303685,0.01671214667484632,0.026405811343076496,2646.5922554247745,0.031250003506683395,0.20618144467265323,3363.28125,16.299115903184788,3.220773821681787
B,12k_Drive_End_B007_0_118.mat,3.0357660829594124e-17,0.7861919646872795,1.0,1.0,1.0,6.145602927000601,3.2398709224311912,2.9962649876882876,-0.03199091289450877,3.2398709224311912,4.120966720538669,4.936909637499069,0.0162859701217926,0.026670764469088868,2662.020065471721,0.03125000000277654,0.23597417686724545,3234.375,19.848742037548114,3.5549732683484385
B,12k_Drive_End_B007_0_118.mat,-1.2576745200831851e-17,0.7906071859099386,1.0,1.0,1.0,6.714180910106752,3.460724902220107,3.1731152043818587,-0.029467043898402247,3.460724902220107,4.377300085170656,5.179044699390986,0.016948591647774996,0.02625471077773844,2693.545752394578,0.031250033549833564,0.19435748772619246,3281.25,13.390457089577376,2.991075630104634
B,12k_Drive_End_B007_0_118.mat,1.3010426069826053e-18,0.8091256844789845,1.0,1.0,1.0,6.306151413531882,3.2457108169480344,2.773857601309746,-0.028465186804954107,3.2457108169480344,4.011380282703578,4.674502981841444,0.01652065343850289,0.026526035278617275,2610.7203683454823,0.03125000060220104,0.2285794339580172,3363.28125,18.573879976705676,3.451222178018374
B,12k_Drive_End_B007_0_118.mat,-1.0842021724855044e-17,0.8128617883514464,0.9999999999999999,0.9999999999999998,0.9999999999999999,7.0744373697725145,4.207804293336001,2.901025890292801,-0.050723399540373255,4.207804293336002,5.1765310580901955,6.008562838512166,0.015893053696306045,0.026906756041810295,2683.4700472428763,0.03125000282379446,0.19207148030893245,3339.84375,17.079894490825726,3.4257562207410244
B,12k_Drive_End_B007_0_118.mat,-3.0357660829594124e-18,0.7986169950311577,1.0,1.0,1.0,7.36351038570217,4.375470434922543,3.1666369952938833,-0.036794547707354686,4.375470434922543,5.478809569726019,6.450180650093068,0.01583775302021992,0.02693934146379905,2645.81180470841,0.03125000062772236,0.20723874973017095,3234.375,20.013744298016068,3.6809534874481975
B,12k_Drive_End_B007_0_118.mat,1.474514954580286e-17,0.8007511770434892,0.9999999999999999,0.9999999999999999,0.9999999999999999,5.93869006542755,3.087096658695722,2.831776659832032,-0.01796425532823586,3.0870966586957223,3.85525085344715,4.552322073584096,0.016050128448194582,0.026813353725279404,2628.46028541269,0.031250000979207986,0.2081209253623039,3292.96875,18.104090366400104,3.4631619328966314
B,12k_Drive_End_B007_0_118.mat,-2.3852447794681098e-18,0.8068208752301149,1.0,1.0,1.0,6.2270647138971364,3.263202236093384,2.7655003120392783,-0.03796666551798312,3.263202236093384,4.0445188470894236,4.74509926091307,0.015919287012303777,0.02689124506266161,2694.5378765776113,0.03125000416000334,0.21205051588420679,3421.875,15.316225495342046,3.217841411593875
B,12k_Drive_End_B007_0_118.mat,-1.691355389077387e-17,0.8022575470237759,1.0,1.0000000000000002,1.0,6.565655723926216,3.2889179057444426,2.94373474397862,-0.07365569208963751,3.2889179057444426,4.099578642726026,4.820616362997308,0.01595253102785909,0.026871540075143006,2713.805644730962,0.03125000659527648,0.19003878695444862,3445.3125,15.284244547250456,3.2093063193368314
B,12k_Drive_End_B007_0_118.mat,3.165870343657673e-17,0.7884801339073284,0.9999999999999999,0.9999999999999998,0.9999999999999999,7.374878638579114,4.073146766204654,3.3391639873845436,-0.10689154625935902,4.073146766204655,5.16582040693923,6.129760378783221,0.01655342785256849,0.026505595728421635,2690.084544076003,0.03125000125741939,0.20496540738953478,3445.3125,15.559584506285814,3.175480090537438
B,12k_Drive_End_B007_0_118.mat,2.3635607360183997e-17,0.7921035459645251,1.0,1.0,1.0,7.616092858381888,4.123116166392304,3.249518490450101,-0.03049753454113035,4.123116166392304,5.205274218753416,6.177445507511394,0.0164924902981231,0.026543556300190445,2675.2506395558157,0.03125000187672097,0.17964971090013018,3281.25,14.530747934971608,3.119346175217566
B,12k_Drive_End_B007_0_118.mat,-2.992397996059992e-17,0.7885434443061401,1.0,1.0,1.0,7.192814861528435,3.7877276664631796,3.2151887514727293,-0.0403875019307874,3.7877276664631796,4.803448299283117,5.74179881801348,0.01583827607588799,0.026939034010815044,2657.6839564997063,0.03125000067987032,0.22732009245929086,3363.28125,19.315088250129456,3.5611206247271343
B,12k_Drive_End_B007_0_118.mat,-6.071532165918825e-18,0.7848879456175478,1.0,1.0,1.0,7.3150118422454735,3.6697717563548187,3.3777373606143053,-0.0961178585143192,3.6697717563548187,4.675535886167103,5.590375630829668,0.015154984752622346,0.02732927168083924,2709.4825417026423,0.031250002455317304,0.23492250076912105,3234.375,21.73380612860836,3.8761049886342502
B,12k_Drive_End_B007_0_118.mat,-1.1275702593849246e-17,0.8037429308241522,1.0,1.0000000000000002,1.0,7.410260154696011,3.7165342327873323,3.1463720121774283,-0.024469523959566336,3.7165342327873323,4.624033494112881,5.412469369309316,0.015620735932636846,0.027065784678968884,2735.7584762343545,0.031250025461837284,0.2521101797029312,3234.375,22.770842622093053,3.8364514775994376
B,12k_Drive_End_B007_0_118.mat,-1.3010426069826053e-17,0.8090692909803,1.0,1.0,1.0,6.188800343663679,3.296967709654132,2.755333511311413,0.058234310898842755,3.296967709654132,4.075012791128676,4.781644151872609,0.016700853196528153,0.026412952503902055,2638.917484635749,0.031250000919445915,0.20051995804843897,3234.375,16.57487350150956,3.26058365640524
B,12k_Drive_End_B007_0_118.mat,-6.071532165918825e-18,0.8019958051268825,0.9999999999999999,0.9999999999999998,0.9999999999999999,6.236185259498418,3.1761544894845124,2.870660034783248,0.0014611492753571213,3.176154489484513,3.9603130953808643,4.669720111358334,0.016520011182727248,0.026526479515606233,2678.9806418180456,0.03125003815948567,0.18699714489878116,3421.875,13.347381144403883,2.9879618237883534
B,12k_Drive_End_B007_0_118.mat,-1.3444106938820255e-17,0.8094495849626274,1.0,1.0,1.0,5.896754466621966,3.0206956806096854,2.685079903344109,-0.00888665322660523,3.0206956806096854,3.731789770142574,4.3731063525879685,0.01635545494146733,0.0266282143546583,2685.5356706067564,0.0312500032969598,0.20587771658319157,3386.71875,16.126377064795207,3.221184004147567
B,12k_Drive_End_B007_0_118.mat,8.239936510889834e-18,0.8011995527587139,1.0,1.0,1.0,5.5999513835634325,2.892962749977065,2.7715129238118354,-0.001810407538426268,2.892962749977065,3.610789272180608,4.2584590947578285,0.016704389635218517,0.026410798269805573,2730.1002764604546,0.031250070373257735,0.18402552730431776,3363.28125,14.470005745925176,3.126114528515972
B,12k_Drive_End_B007_0_118.mat,1.6479873021779667e-17,0.790727492697721,1.0,1.0,1.0,7.325997915229671,3.975283048848852,3.2190551667606297,-0.005663503968815259,3.975283048848852,5.027374266811439,5.960170860393945,0.016544168331846763,0.026511398459309034,2694.2866725359713,0.031250020064965314,0.21396592626751754,3257.8125,17.159344239167147,3.359931660713926
B,12k_Drive_End_B007_0_118.mat,-2.0599841277224584e-17,0.7957761582637876,1.0,1.0,1.0,7.0005632598260545,3.8006798709129286,2.9774645875850156,-0.031134244739642304,3.8006798709129286,4.776066525045429,5.679540307441867,0.015743709852779,0.026994414662379194,2721.012684014675,0.03125000516628698,0.18926889835889282,3421.875,14.684809007947086,3.2067763218503207
B,12k_Drive_End_B007_0_118.mat,-3.1008182133085427e-17,0.7978305627413407,1.0,1.0,1.0,6.203151471912609,3.2726532771387293,2.8474903481779696,-0.07647627726176043,3.2726532771387293,4.101940223866474,4.85931548360171,0.01597935419205251,0.026855591304242348,2696.735154927512,0.03125000071512901,0.16859656214199462,3421.875,12.887564835084978,3.023978735324715
B,12k_Drive_End_B007_0_118.mat,2.6454533008646308e-17,0.7966339727665819,0.9999999999999999,0.9999999999999998,0.9999999999999999,6.054179460534499,3.2289250602607713,2.8827066166592954,-0.021520600325737188,3.2289250602607718,4.053210345834528,4.804392292257883,0.01654808074469497,0.026508938323756163,2690.261562204919,0.0312500045981701,0.17848839770125074,3410.15625,13.728123684394191,3.030705060023033
B,12k_Drive_End_B007_0_118.mat,1.6479873021779667e-17,0.7843563410714146,1.0,1.0,1.0,6.266426213967733,3.2692520045347764,3.103818766183063,0.06910077167501183,3.2692520045347764,4.168069834265693,4.995977374901383,0.016020272688653327,0.02683120538657785,2684.845826300216,0.031250003512248374,0.18232391553847963,3339.84375,16.68988012413547,3.3809067684034098
B,12k_Drive_End_B007_0_118.mat,-1.8214596497756474e-17,0.7905625710548878,1.0,1.0,1.0,5.9212813391893455,3.0875783744283245,2.9944623043279734,0.007455685755970991,3.0875783744283245,3.9055458574372066,4.654224156406838,0.015844501733026404,0.02693537486563927,2679.2455785518678,0.03125000246912612,0.21199339983761178,3363.28125,18.556690148936937,3.52475251533921
B,12k_Drive_End_B007_0_118.mat,1.8214596497756474e-17,0.7888177551640027,0.9999999999999999,0.9999999999999999,0.9999999999999999,5.933528274489224,3.0310553980240673,3.0531081675194502,-0.03571031475832144,3.0310553980240678,3.8425293778965237,4.56733222355551,0.01580240907571195,0.02696010086000352,2700.83126017733,0.03125001073564145,0.19061465922312767,3234.375,15.063390147404746,3.275698812717779
B,12k_Drive_End_B007_0_118.mat,2.5153490401663703e-17,0.7950156713829998,1.0,1.0,1.0,6.1292225239811255,3.132491835815937,2.9924589241159034,-0.031097697771178198,3.132491835815937,3.9401636327076313,4.650348678642794,0.016321255400858433,0.026649186998175093,2672.9947880777845,0.03125000072838007,0.19565761138309795,3234.375,14.87301956879778,3.166842729786441
B,12k_Drive_End_B007_0_118.mat,5.204170427930421e-18,0.7917904892378966,0.9999999999999998,0.9999999999999996,0.9999999999999998,6.401633898527464,3.2204057964152035,3.002981930454297,-0.0030927378205103232,3.2204057964152044,4.06724485856715,4.845044281893227,0.016667533664426346,0.026434017177827923,2641.7661130390306,0.03125002308179127,0.19908657877843938,3445.3125,14.975619949489534,3.1188256751753984
B,12k_Drive_End_B007_0_118.mat,6.938893903907228e-18,0.7870108112952112,1.0,1.0,1.0,6.320526482777192,3.1888695473166404,3.0745059186330854,0.028058132922432102,3.1888695473166404,4.051875147774154,4.846358832718231,0.01628625825608234,0.026670601562175614,2636.497968123938,0.03125001113075217,0.18165810589388537,3445.3125,16.299959581900232,3.3169980954455296
B,12k_Drive_End_B007_0_118.mat,-1.474514954580286e-17,0.7940359826606613,1.0,1.0000000000000002,1.0,6.192524079852149,3.2353918787818774,2.9410702213853863,0.03586233251538878,3.2353918787818774,4.074616200566508,4.840742220195035,0.01627732216809729,0.02667604941745717,2673.2509588443218,0.03125000527178593,0.23910699368548055,3234.375,18.195396044230577,3.339906220105827
B,12k_Drive_End_B007_0_118.mat,-6.938893903907228e-18,0.8021636703238868,1.0,1.0000000000000002,1.0,6.196500875127217,3.2164700441625707,2.847655930809296,0.008532213797437543,3.2164700441625707,4.009742853180907,4.7217087308815495,0.016612123317219403,0.026468890670730737,2725.6768319891703,0.03125003703110768,0.20012619790979316,3363.28125,14.598822316324215,3.0820341496673342
B,12k_Drive_End_B007_0_118.mat,-9.75781955236954e-18,0.8117660551346151,0.9999999999999999,0.9999999999999998,0.9999999999999999,6.196437785112259,3.1748262498423876,2.7240622825243195,-0.033580650574777646,3.174826249842388,3.9110113434293656,4.573536196384453,0.016286819366951585,0.026670256814934807,2655.6042056315046,0.03125000933865918,0.2167003162461582,3363.28125,19.695462701871946,3.5808415408717456
B,12k_Drive_End_B007_0_118.mat,1.0625181290357943e-17,0.8146306622612904,1.0,1.0,1.0,6.124844834671743,3.1141844904845857,2.7031221657912363,-0.025009951985473483,3.1141844904845857,3.8228176703293792,4.452135142394501,0.016506386773527976,0.026534927227150375,2683.205126478421,0.031250010676277626,0.20519061206880115,3375.0,14.311986553214584,3.069156281098896
B,12k_Drive_End_B007_0_118.mat,-1.9081958235744878e-17,0.8140855889931449,1.0,1.0,1.0,6.177038417248783,3.1388453006586254,2.6795659333430537,-0.06895603626359305,3.1388453006586254,3.8556698989607794,4.4887197133025225,0.016188148962926197,0.026730255023056763,2688.0683717854445,0.03125000320709647,0.18456334068924032,3398.4375,14.09912155147138,3.1506341786063894
B,12k_Drive_End_B007_0_118.mat,-2.2985086056692694e-17,0.8108604928684469,1.0,1.0,1.0,5.737921184891866,2.875369516130823,2.6532159090589174,-0.08035626444011235,2.875369516130823,3.546071785985163,4.158769204706907,0.016477412630446914,0.026552917273604985,2674.2981669025503,0.031250000683726735,0.23197930614161574,3363.28125,18.855334471064463,3.483490150761588
B,12k_Drive_End_B007_0_118.mat,-4.0332320816460765e-17,0.7896178030220904,0.9999999999999999,0.9999999999999999,0.9999999999999999,6.975075955814473,3.5766045479061956,3.2055486535381967,0.038562086087532185,3.576604547906196,4.529538891116081,5.377162914378432,0.01638267711333658,0.026611477452336527,2672.5344217340808,0.03125000546553644,0.20634733454035756,3339.84375,17.955649438067464,3.4408808204015338
B,12k_Drive_End_B007_0_118.mat,2.6020852139652106e-18,0.7886888005695507,1.0,1.0,1.0,6.695551960353109,3.4291318960416732,3.091819916586049,0.05839271728395537,3.4291318960416732,4.34788967912988,5.176690620681015,0.016404699675514885,0.02659790084718109,2712.3888174946655,0.03125000001472504,0.18426293235696592,3410.15625,13.881199578637984,3.015793691432094
B,12k_Drive_End_B007_0_118.mat,-2.5153490401663703e-17,0.8089271290867985,0.9999999999999999,0.9999999999999998,0.9999999999999999,5.8358279568781395,3.1863047181221456,2.6375671749707554,-0.0175842512220901,3.186304718122146,3.9389267630561227,4.636899020368976,0.016299600428982187,0.026662436804372986,2700.5471741348424,0.03125000016786655,0.17576726779611324,3398.4375,13.261442680862942,3.0117734288717712
B,12k_Drive_End_B007_0_118.mat,-2.7321894746634712e-17,0.8082450682809144,1.0,1.0,1.0,5.949417935853205,3.0936723512255617,2.7570326785597508,-0.0202767349214917,3.0936723512255617,3.827641482311306,4.484901244740552,0.017513741818128467,0.025881258879478744,2778.255926412459,0.03125013141826221,0.1805722649775137,3257.8125,14.685922135347878,3.100959232589933
B,12k_Drive_End_B007_0_118.mat,-2.47198095326695e-17,0.8012019704516242,1.0,1.0000000000000002,1.0,6.185132376677127,3.344026009682938,2.90911686827548,-0.05895569822887997,3.344026009682938,4.173761589475331,4.9163400808572755,0.016526796612943113,0.02652224218375889,2640.1948562983157,0.03125002938781894,0.2257072577398168,3386.71875,19.624101383323133,3.6101097054313978
B,12k_Drive_End_B007_0_118.mat,-1.1709383462843448e-17,0.8030571372741729,1.0,1.0,1.0,6.502999039212659,3.295591142706927,2.8707322559347697,-0.0646982221422365,3.295591142706927,4.103806553408135,4.8328370707458514,0.016614732466355846,0.026467250493062068,2677.0664570943754,0.031250034937437644,0.22156212027739516,3363.28125,20.998816882780933,3.72423515800399
B,12k_Drive_End_B007_0_118.mat,1.1709383462843448e-17,0.806316695120417,1.0,1.0,1.0,5.746310613794363,3.0776015173252147,2.7610790082903063,-0.012581184602816636,3.0776015173252147,3.81686443546304,4.472463250318877,0.015952043273344076,0.026871822320875653,2700.6511116424012,0.031250000311029646,0.17203419967110797,3292.96875,15.254852199884168,3.2809759687686153
B,12k_Drive_End_B007_0_118.mat,1.9949319973733282e-17,0.8063113124708179,1.0,1.0,1.0,5.861905892476866,3.051061142770028,2.7582558877076124,-0.02303831314725668,3.051061142770028,3.783974124610155,4.427059977866231,0.015883388973055548,0.0269124643079367,2651.3336476885574,0.03125000448632527,0.25207002213254165,3363.28125,24.17471828412513,3.9377468610021222
B,12k_Drive_End_B007_0_118.mat,-4.336808689942018e-18,0.7965830242402396,0.9999999999999999,0.9999999999999999,0.9999999999999999,7.03654300575359,3.6412082353254362,3.068433094949429,-0.06364101212918002,3.6412082353254367,4.571034185417555,5.3805949326126745,0.016887055383624068,0.02629430345099581,2641.363743500566,0.03125000853604102,0.1987880365666432,3410.15625,16.975885157705477,3.3575798255441587
B,12k_Drive_End_B007_0_118.mat,-2.2551405187698492e-17,0.7958366924029836,0.9999999999999999,0.9999999999999999,0.9999999999999999,6.4020720937387665,3.4235772273969944,3.0549546864005994,-0.03533581637351667,3.423577227396995,4.301858986998574,5.070601256257919,0.01589127182966183,0.02690780519180445,2676.17975213767,0.031250000009668835,0.22565992940241683,3386.71875,21.175886196866813,3.7988150915981747
B,12k_Drive_End_B007_0_118.mat,1.214306433183765e-17,0.7993082384807693,1.0,1.0,1.0,6.301925712003316,3.3756686238033446,2.9022950566441446,-0.043114192094726264,3.3756686238033446,4.223237621345449,4.976235234110305,0.015837136699868276,0.02693970690032774,2676.7164296520364,0.03125000330761392,0.21504925279117718,3386.71875,19.659289716172452,3.6459230955196817
B,12k_Drive_End_B007_0_118.mat,-6.7220534694101275e-18,0.8015214300592635,1.0,1.0,1.0,5.7873440488571095,2.987197295070076,2.737465007141248,-0.012991452938051172,2.987197295070076,3.726908829935098,4.401781853217737,0.01613870297479223,0.026760160372380472,2695.5953360146837,0.03125002266981721,0.23598805599220157,3292.96875,22.471155841300256,3.7902893537940128
B,12k_Drive_End_B007_0_118.mat,4.9873299934333204e-18,0.8066506873065908,1.0,1.0,1.0,7.352380366414074,4.13977708361361,2.881000894738518,0.01107530873160883,4.13977708361361,5.132056723879252,6.033902024671429,0.01625116596896452,0.026691996916664795,2684.7817709432625,0.031250009515999724,0.17720190662893132,3351.5625,12.470174919952276,2.942109764736877
B,12k_Drive_End_B007_0_118.mat,-4.9873299934333204e-18,0.7962557825181744,1.0,1.0,1.0,7.717287298047154,4.3450384023151,3.2872956919118024,-0.004327777329758316,4.3450384023151,5.456837485781054,6.430054278646533,0.016325247630029453,0.026646749141527898,2663.625319301613,0.03125000719989197,0.2231949485168694,3410.15625,20.858786200302777,3.6108168613968035
B,12k_Drive_End_B007_0_118.mat,-2.2551405187698492e-17,0.7933378266750803,0.9999999999999999,0.9999999999999998,0.9999999999999999,6.620874913479109,3.4847979799492346,3.1371995178462835,-0.023218075981706474,3.484797979949235,4.392577616718722,5.184588462401464,0.016858750384874804,0.026312478854815257,2628.455005901016,0.03125002412838455,0.18096794874734826,3234.375,14.658631758223919,3.1201257439254912
B,12k_Drive_End_B007_0_118.mat,1.5178830414797062e-17,0.8032605137894616,0.9999999999999999,0.9999999999999999,0.9999999999999999,6.2217673384539545,3.2205398135719245,2.804666366470198,-0.019907400110490085,3.220539813571925,4.009334155339849,4.722734510636324,0.016501994566467705,0.026537647925426785,2617.069023893904,0.03125000131337018,0.21809518241277456,3281.25,18.840137209995035,3.4410191654627433
B,12k_Drive_End_B007_0_118.mat,-1.7780915628762273e-17,0.8044005302281995,1.0,1.0,1.0,6.624756977563122,3.4608926086905836,2.801018856916783,-0.04586691158186894,3.4608926086905836,4.302449437357739,5.080115696213517,0.016650499450816737,0.026444723788649368,2606.68775329725,0.03125000077151369,0.17721794045013592,3246.09375,12.951925606307498,2.942362241325577
B,12k_Drive_End_B007_0_118.mat,2.47198095326695e-17,0.7997370247029238,0.9999999999999998,0.9999999999999997,0.9999999999999998,6.513536131362882,3.3303797192495033,2.915123284087103,-0.017696989357530783,3.330379719249504,4.164343548414093,4.926775014669341,0.016225505416456253,0.026707602869879603,2639.0410689905893,0.03125000923319308,0.2222575165141527,3363.28125,18.96110855519476,3.507956714191986
B,12k_Drive_End_B007_0_118.mat,7.589415207398531e-18,0.8047917307553212,1.0,1.0,1.0,6.203964516043561,3.273053607681676,2.8091781796910698,0.05250199552548397,3.273053607681676,4.06695730410875,4.7833657849560876,0.015552327905233662,0.02710513852197227,2704.698033974208,0.031250015001071836,0.2150483251323324,3234.375,19.296227962088494,3.6082203096746746
B,12k_Drive_End_B007_0_118.mat,1.2576745200831851e-17,0.8027056552806543,0.9999999999999999,0.9999999999999998,0.9999999999999999,5.782947402033491,2.9430612102774965,2.7558265228459113,0.05429118499499669,2.943061210277497,3.6664264053907756,4.328353632913685,0.01656334375625347,0.02649940067421957,2642.7989761798085,0.03125000147969035,0.23166563152224104,3363.28125,17.565196923840844,3.297089170215906
B,12k_Drive_End_B007_0_118.mat,1.3444106938820255e-17,0.7953042507872066,1.0,1.0,1.0,6.167302196788057,3.1499428840949233,2.9452835134781985,0.032543306611493864,3.1499428840949233,3.960676534768993,4.698784642306533,0.0176544509418556,0.025785362016818206,2643.433671691816,0.031250032518331194,0.18614060050616899,3363.28125,12.27124517308846,2.7788897304775944
B,12k_Drive_End_B007_0_118.mat,3.7947076036992655e-18,0.7964647949582104,1.0,1.0,1.0,5.940440309428641,3.0362798717315096,2.9295240303404784,0.05227257386997821,3.0362798717315096,3.8121959576265008,4.51250779664516,0.016187984717884605,0.026730359694223094,2645.5883980815634,0.03125000765774325,0.24349552152987763,3234.375,21.477396095632173,3.690673029260792
B,12k_Drive_End_B007_0_118.mat,1.1275702593849246e-17,0.7970340807929359,1.0,1.0000000000000002,1.0,5.846136683579402,2.992725216118006,2.845363398363788,0.04300534854455345,2.992725216118006,3.754827162648639,4.457155883156205,0.016164034890068575,0.02674484112819408,2692.940215257988,0.03125000081439512,0.2352177896727904,3234.375,18.260180864845488,3.373991103314278
B,12k_Drive_End_B007_0_118.mat,-3.0574501264091225e-17,0.8002845221732173,1.0,1.0,1.0,6.275438663149451,3.176792670618912,2.8312007193524282,-0.006940159572500843,3.176792670618912,3.9695790467022327,4.698825470685377,0.01548856799532216,0.02714161939116865,2698.036491604202,0.03125001186753022,0.319694926986317,3363.28125,42.00455544913408,4.98004896089434
B,12k_Drive_End_B007_0_118.mat,-6.5052130349130266e-18,0.8088868006556958,0.9999999999999999,0.9999999999999998,0.9999999999999999,6.668634292499424,3.3694767583766514,2.8293976879210505,0.027377177338933006,3.369476758376652,4.165572680436005,4.866666534338813,0.015685949412270587,0.027028031505205937,2723.891832274497,0.0312500159361674,0.2435240766091661,3363.28125,21.85813829009746,3.7996808747491824
B,12k_Drive_End_B007_0_118.mat,4.336808689942018e-17,0.8110018474187339,1.0,1.0,1.0,6.457326443095161,3.2631161913892783,2.71448946688634,0.03202478205074635,3.2631161913892783,4.023561970635655,4.707591242546276,0.015072899505451159,0.027374627542482852,2694.0310283790327,0.03125000052145744,0.2522272498260716,3363.28125,21.279441579149122,3.7841999451487847
B,12k_Drive_End_B007_0_118.mat,2.2985086056692694e-17,0.8116094325558747,1.0000000000000002,1.0000000000000004,1.0000000000000002,6.537067281477457,3.445513784217002,2.6994666919458647,0.007950852678133643,3.445513784217001,4.245285535145377,4.965682467477832,0.01628340918600949,0.02667232947820432,2662.8193678575735,0.031250001192206465,0.20857460011722548,3351.5625,17.37617315846336,3.3910763252441654
B,12k_Drive_End_B007_0_118.mat,1.9949319973733282e-17,0.795632275500063,1.0,1.0,1.0,6.623410475416341,3.456517808785279,3.2001548922913985,-0.00048748125875901563,3.456517808785279,4.344366003268058,5.116471764825671,0.016439635391865152,0.026576324186653618,2646.25647305607,0.03125000190546515,0.19562494584071025,3292.96875,15.284479513317788,3.2027998449035464
B,12k_Drive_End_B007_0_118.mat,2.168404344971009e-17,0.7981645274526679,0.9999999999999999,0.9999999999999998,0.9999999999999999,5.878319883591467,3.072043256563466,2.948090179547935,-0.01478520111950897,3.0720432565634663,3.8488847235141526,4.525619028856446,0.016403088829114423,0.026598909026885133,2719.7779297215347,0.03125001255289876,0.18108300750832504,3445.3125,13.439016677925986,3.0153066964916304
B,12k_Drive_End_B007_0_118.mat,1.431146867680866e-17,0.7990254708248838,1.0,1.0,1.0,5.890430949150391,3.0005144239145722,2.9412158297026005,-0.030213054643169198,3.0005144239145722,3.755217491148253,4.406377845357918,0.016618282337159323,0.02646498968218436,2699.4013436860873,0.03125000778744969,0.20353977204857387,3363.28125,18.1467203207999,3.4320580238280156
B,12k_Drive_End_B007_0_118.mat,-1.214306433183765e-17,0.8037855594854716,0.9999999999999999,0.9999999999999999,0.9999999999999999,6.206683030054709,3.2269828536637997,2.864929204522976,0.041649625099051235,3.2269828536638,4.014731063008264,4.723005099034294,0.01705283012288801,0.02618710148285614,2663.695983932767,0.03125001278837311,0.21771968544852666,3257.8125,18.740749646650464,3.3539315039686675
B,12k_Drive_End_B007_0_118.mat,1.2576745200831851e-17,0.7997658803555767,1.0,1.0,1.0,6.067331430401945,3.15990220377059,2.896457620376747,0.08219226194453638,3.15990220377059,3.9510340230639676,4.6871361442459785,0.017278936676953797,0.026038452648825296,2662.4823263330936,0.031250002704500617,0.23354919308773853,3257.8125,17.612858651378907,3.253213832712162
B,12k_Drive_End_B007_0_118.mat,1.5612511283791264e-17,0.7770296367873281,0.9999999999999999,0.9999999999999999,0.9999999999999999,6.853947498581563,3.5209515440843853,3.4727889854174285,-0.006114359166992997,3.5209515440843857,4.531296333357314,5.454711311750375,0.01608848659405163,0.02679036522356906,2708.1626477704094,0.03125000911518583,0.18264964001476763,3257.8125,16.25848308285856,3.335620483980752
B,12k_Drive_End_B007_0_118.mat,-2.0383000842727483e-17,0.7789084876084634,1.0,1.0000000000000002,1.0,6.638664904239665,3.408317238042671,3.3629562965192576,0.005862019008210154,3.408317238042671,4.3757608143511995,5.255666801813356,0.015777565227522314,0.026974638470024234,2712.8852628350924,0.03125000296155558,0.18823662808625174,3445.3125,14.22388710732801,3.152838979678319
B,12k_Drive_End_B007_0_118.mat,-4.336808689942018e-19,0.8029392707143305,1.0,1.0,1.0,6.457099804884695,3.2606494599563396,2.9334091751735594,0.10501878075111502,3.2606494599563396,4.060891749702964,4.782817077371171,0.016204632449285987,0.026720262194190183,2704.4004656360394,0.031250000392683545,0.21467027045212525,3445.3125,17.995591531382658,3.4148499184566794
B,12k_Drive_End_B007_0_118.mat,1.214306433183765e-17,0.8112082121286457,1.0,1.0,1.0,7.007951231117833,3.6320507554478563,2.919897758933793,0.040849330521641455,3.6320507554478563,4.477334796595804,5.22068543434917,0.016592066154530176,0.02648145508013522,2689.1494198396417,0.031250025958989625,0.19669106155575236,3445.3125,15.005280970977736,3.1781890626443037
B,12k_Drive_End_B007_0_118.mat,8.673617379884035e-19,0.8019717527584282,1.0,1.0,1.0,6.47647355476238,3.4571860789977578,2.9944788783802077,0.011815723014067775,3.4571860789977578,4.310857666877376,5.050291314058912,0.016067099107308642,0.026803188169351944,2681.4331654040066,0.031250001116252236,0.18076647982262414,3234.375,15.04319149211672,3.2081351516535084
B,12k_Drive_End_B007_0_118.mat,-1.691355389077387e-17,0.8042541238860168,1.0,1.0,1.0,6.195922357129419,3.271049793890112,2.8152268285431408,0.037990420747279534,3.271049793890112,4.06718435969587,4.776128731527618,0.015895150447953928,0.02690552091575626,2670.697065248917,0.03125000581618006,0.24192611127657368,3234.375,20.257799299592236,3.6234100218657757
B,12k_Drive_End_B007_0_118.mat,-2.168404344971009e-18,0.8096623885012657,1.0,1.0,1.0,6.139546044189894,3.0839461607595426,2.764268436278923,0.01591178045155613,3.0839461607595426,3.808928517067607,4.46935172437833,0.0165798957878264,0.026489049198463722,2627.1316482183884,0.03125000274838092,0.175798236292944,3234.375,14.01274049914119,3.0812285943898026
B,12k_Drive_End_B007_0_118.mat,-5.637851296924623e-18,0.79569430282719,1.0,1.0,1.0,6.460552338458954,3.2671448515204373,3.114422482949789,0.0018264461299089575,3.2671448515204373,4.106030217775733,4.853389714527165,0.016509962462318513,0.02653275898848415,2739.4680181864574,0.031250058560715575,0.19933923792001393,3398.4375,20.372316065505615,3.698798721468345
B,12k_Drive_End_B007_0_118.mat,4.553649124439119e-18,0.7968828204528041,0.9999999999999999,0.9999999999999998,0.9999999999999999,5.7701841721137885,2.9180141699393727,2.8392946924623685,0.031472386605661776,2.918014169939373,3.661785767048286,4.344662580102034,0.015113234392677604,0.02735238155120017,2740.166619034023,0.03125000208528711,0.2207705016803447,3410.15625,20.34380980655135,3.786609148779377
B,12k_Drive_End_B007_0_118.mat,-2.2985086056692694e-17,0.8094188990281914,0.9999999999999999,0.9999999999999998,0.9999999999999999,5.771959603431366,3.001424483615761,2.636724005487222,0.0285347274040731,3.0014244836157613,3.7081225644957714,4.363696355555543,0.016175761889640875,0.026737789512947824,2752.6627720422925,0.031250034571965846,0.19640102193096523,3398.4375,16.66396591670507,3.354184874827927
B,12k_Drive_End_B007_0_118.mat,4.336808689942018e-19,0.8047743354914169,0.9999999999999998,0.9999999999999996,0.9999999999999998,5.9492385656230375,3.0823009308857365,2.801892408706445,-0.02872184674026808,3.0823009308857374,3.8300189195317724,4.501066203855928,0.016278020096926415,0.026675620490244502,2701.921268158156,0.03125000266904777,0.18105227475388846,3421.875,13.94334509265265,3.108271573263948
B,12k_Drive_End_B007_0_118.mat,-1.951563910473908e-17,0.7925923335853801,1.0,1.0,1.0,5.945161308306389,3.077787309879428,3.0188441368820964,-0.00649932705023051,3.077787309879428,3.883190865544602,4.590963203097984,0.015662385206093317,0.027041678389920668,2695.0054644916863,0.03125000288780712,0.21552944508221195,3386.71875,18.48849598784883,3.5546239093012315
B,12k_Drive_End_B007_0_118.mat,9.107298248878237e-18,0.7885340558865326,1.0,1.0,1.0,7.239794430615008,3.675900247399711,3.203660688898196,0.009608332411560174,3.675900247399711,4.661688635967628,5.535875624081171,0.015238233925140843,0.027282938552775183,2687.587133283986,0.031250000147709116,0.20687498846143032,3257.8125,20.14027339540955,3.759931525805415
B,12k_Drive_End_B007_0_118.mat,-1.5178830414797062e-17,0.7880560054499328,1.0,1.0,1.0,7.268645291969628,3.688486431248877,3.21017494475466,-0.016657539132297308,3.688486431248877,4.680487688362926,5.5621409472924235,0.015838703961215818,0.026938811886312412,2742.2400559350767,0.0312500260642637,0.18953597863854618,3269.53125,19.17556066742559,3.650208735961388
B,12k_Drive_End_B007_0_118.mat,6.938893903907228e-18,0.8023923626939664,0.9999999999999999,0.9999999999999998,0.9999999999999999,6.1302118510998795,3.1419737426923335,2.9137289991667643,-0.02393412473171973,3.141973742692334,3.9157572887949916,4.5826135968203765,0.016455808871308677,0.026566322528843972,2692.695484750088,0.03125001021304799,0.21097865229541707,3316.40625,17.254533510357675,3.3562533694194143
B,12k_Drive_End_B007_0_118.mat,3.252606517456513e-17,0.8115893240057926,1.0,1.0000000000000002,1.0,5.490532769330165,2.750035210563508,2.6419778063559614,-0.026660830586392067,2.750035210563508,3.3884566112699135,3.9559877074344136,0.015620441262417992,0.02706593861269642,2673.848588668051,0.031250011491500314,0.2285461705724327,3445.3125,21.849854517545836,3.8496252741317107
B,12k_Drive_End_B007_0_118.mat,1.5178830414797062e-18,0.8055638982002026,1.0,1.0,1.0,5.843116130944723,3.03678910174764,2.737653842667781,-0.021449325943246524,3.03678910174764,3.7697681196146684,4.42797810491712,0.015798463743582722,0.02696241890571271,2741.958323301247,0.031250015838466906,0.17829995643093302,3398.4375,15.651764437871568,3.339277812780427
B,12k_Drive_End_B007_0_118.mat,-1.452830911130576e-17,0.8021264197342513,0.9999999999999999,0.9999999999999999,0.9999999999999999,6.021244708892102,3.201002418370523,2.9327449016295923,0.032648206376965846,3.2010024183705235,3.990645788018093,4.68575925828974,0.015875912063101426,0.0269168794905275,2717.00375334029,0.03125000776548558,0.1986231542544328,3398.4375,15.632128112978435,3.3277260562557367
B,12k_Drive_End_B007_0_118.mat,6.938893903907228e-18,0.806692659354675,1.0,1.0000000000000002,1.0,6.274311019804402,3.2850301213853683,2.846291648719572,-0.0049281633435067675,3.2850301213853683,4.072220173682098,4.775362396584009,0.015797302668213338,0.026963096294308497,2738.0387816626517,0.03125001333387384,0.20774139964593547,3363.28125,20.811959162360136,3.7296118253256516
B,12k_Drive_End_B007_0_118.mat,2.168404344971009e-18,0.7988801171985755,0.9999999999999999,0.9999999999999998,0.9999999999999999,6.339835961469552,3.1984645119110535,2.8819836030473076,-0.020140277883411502,3.198464511911054,4.003685212653777,4.725199095404626,0.01625431578790354,0.02669007280303482,2715.6157853497584,0.03125000428742673,0.20059432048873413,3234.375,18.811846596360784,3.5641415606988063
B,12k_Drive_End_B007_0_118.mat,-6.071532165918825e-18,0.8040326791567918,1.0,1.0000000000000002,1.0,6.559042232772867,3.3245960853007013,2.9281832324545736,-0.004526976650230413,3.3245960853007013,4.134901691791041,4.844525072601997,0.015584372149554491,0.027086709908791327,2739.463096745188,0.03125000014366118,0.2104256164379381,3363.28125,18.14024214192177,3.514078787738396
B,12k_Drive_End_B007_0_118.mat,4.7704895589362195e-18,0.8206620975525305,0.9999999999999999,0.9999999999999998,0.9999999999999999,6.936370411227909,3.5142017599093482,2.77177716785784,-0.03235614970732709,3.5142017599093487,4.282154336589676,4.953137251612719,0.016509545395546867,0.02653295802640748,2744.0801447225813,0.03125000721277875,0.24949074994680223,3363.28125,21.954175859448505,3.6621275837742004
B,12k_Drive_End_B007_0_118.mat,-1.929879867024198e-17,0.808924415287897,1.0,1.0,1.0,7.106646382232596,3.7453548912364654,3.0055890922881003,0.02578860094829966,3.7453548912364654,4.6300430799872565,5.407446224481191,0.01609375225802904,0.02678721995451714,2748.9241735281735,0.03125002423414254,0.19024650685446381,3246.09375,17.0431578631968,3.454726574683999
B,12k_Drive_End_B007_0_118.mat,1.2576745200831851e-17,0.8089973168027776,1.0,1.0000000000000002,1.0,6.421240098249786,3.3791295488538324,2.8368119407921073,0.05642375908993201,3.3791295488538324,4.17693542199673,4.873870193865466,0.015429840828093585,0.027175066350570532,2756.602146556399,0.031250027506199325,0.23971223054571653,3269.53125,26.7009159355843,4.269444473512303
B,12k_Drive_End_B007_0_118.mat,-1.8106176280507924e-17,0.8074517765385847,1.0,1.0,1.0,6.618734331170547,3.6779500620961283,2.861169179469499,-0.0033682458123143535,3.6779500620961283,4.555008941664487,5.333989301022227,0.015518631552957757,0.02712442912252018,2737.8410870820057,0.03125000128798521,0.22013949048364861,3257.8125,16.79047210737552,3.4154019688167145
B,12k_Drive_End_B007_0_118.mat,-1.431146867680866e-17,0.7997308318848504,0.9999999999999998,0.9999999999999997,0.9999999999999998,7.2956960336899765,4.051618075394609,3.0968224029611533,-0.003410424413336439,4.05161807539461,5.066227177768711,5.966554471740437,0.015955155366351174,0.02686997464360154,2707.125076335509,0.03125000032179511,0.2108389546907297,3234.375,14.464817262664733,3.094154882699808
B,12k_Drive_End_B007_0_118.mat,-4.9873299934333204e-18,0.8100388864791439,0.9999999999999999,0.9999999999999999,0.9999999999999999,5.536426748880628,2.769580943402348,2.690299769012736,0.03612524265987004,2.7695809434023486,3.4190715898102217,3.9996057117087673,0.01588924725744368,0.026909002209732594,2696.6930731288558,0.03125000125330517,0.20498988389638154,3257.8125,19.928456083706234,3.6489513083779084
B,12k_Drive_End_B007_0_118.mat,1.973247953923618e-17,0.8092782637845891,1.0,1.0,1.0,5.385850517680064,2.77644079834056,2.6352300418193835,0.050630401329068556,2.77644079834056,3.430761608938484,4.021363620315905,0.015865241110124616,0.026923168024996245,2695.011503818473,0.031250005631752585,0.19020551764510013,3246.09375,15.781716319867257,3.3397038309565406
B,12k_Drive_End_B007_0_118.mat,-1.3660947373317356e-17,0.8034228191153511,0.9999999999999999,0.9999999999999999,0.9999999999999999,5.858837947782819,3.1211078823602274,2.7164540694762045,0.019521418321908474,3.121107882360228,3.8847637982163357,4.591044061407987,0.015777495070030196,0.026974685318739332,2712.2148550620986,0.0312500079796764,0.17686858987303672,3257.8125,13.911074073915456,3.14731325240407
B,12k_Drive_End_B007_0_118.mat,3.686287386450715e-18,0.8061364541624267,1.0,1.0,1.0,6.117247817161317,3.258339052567829,2.7505503143216212,-0.015705966431221772,3.258339052567829,4.04191999473989,4.751669150908675,0.016107964057680196,0.026778687810915035,2746.565156018081,0.03125003403130894,0.17613978549739104,3386.71875,14.586625046671374,3.2202887117786503
B,12k_Drive_End_B007_0_118.mat,-8.673617379884035e-19,0.8067217904588145,0.9999999999999999,0.9999999999999998,0.9999999999999999,6.349712404310646,3.214376986097991,2.849376567977447,0.009382603350010852,3.2143769860979914,3.984492577385133,4.653640691042358,0.016425319398516238,0.026585176072598478,2701.849132781786,0.03125000326646921,0.19632082360463798,3292.96875,14.510872393554106,3.139370403352267
B,12k_Drive_End_B007_0_118.mat,-9.540979117872439e-18,0.8023285475672806,1.0,1.0000000000000002,1.0,6.183085459402979,3.1299640569057456,2.8727170427870083,-0.008547864592017031,3.1299640569057456,3.9011001994083694,4.584557842355582,0.0161410620632537,0.026758726194290098,2729.313309981554,0.031250012993130016,0.18248405641713658,3421.875,16.33314397392412,3.3782316538633093
B,12k_Drive_End_B007_0_118.mat,-1.2793585635328952e-17,0.794052507847488,1.0,1.0,1.0,6.701742339783501,3.416643149485214,3.088776932144655,-0.06209407827968249,3.416643149485214,4.302792467398694,5.09837922232702,0.015930075379117368,0.026884921770074472,2747.188104061595,0.03125006112261839,0.2194707138651488,3363.28125,18.47959339877597,3.550424602694982
B,12k_Drive_End_B007_0_118.mat,1.1275702593849246e-17,0.7997992789880255,0.9999999999999999,0.9999999999999999,0.9999999999999999,6.864182755707524,3.497956534562683,3.099799411753596,-0.061034548325784796,3.4979565345626833,4.37354299567336,5.158741788129434,0.015744860924052875,0.026993742172097136,2700.2949274535586,0.031250004191542474,0.1848553125434978,3328.125,17.260890154959114,3.5030632497459315
B,12k_Drive_End_B007_0_118.mat,-3.0357660829594124e-18,0.8086602059886,1.0,1.0,1.0,5.7426584131668434,2.9247538456528193,2.718799146069675,-0.002257752015184482,2.9247538456528193,3.6167896280703724,4.253676795955684,0.01600692979376242,0.026839175889737096,2697.3868208152826,0.03125001062180114,0.21624271317933189,3292.96875,19.640430504461573,3.6481652576951484
B,12k_Drive_End_B007_0_118.mat,2.2985086056692694e-17,0.8102340665044951,1.0,1.0,1.0,5.605143610208305,2.8478827777089406,2.6930694505431725,-0.006147586834688993,2.8478827777089406,3.5148889628835924,4.115225145332142,0.01594333851411391,0.026876989042162267,2685.467875846142,0.031250001327170186,0.2233161042614909,3257.8125,18.734552976498204,3.482154895943763
B,12k_Drive_End_B007_0_118.mat,1.474514954580286e-17,0.8017840332218487,1.0,1.0,1.0,7.618179166811552,3.927995022639269,3.064666045972868,-0.020624193308285868,3.927995022639269,4.899068651760514,5.759039786341347,0.015206980396571115,0.027300371007011003,2660.142279191055,0.031250000158434314,0.28176302400575715,3363.28125,30.17884042461041,4.380593808301124
B,12k_Drive_End_B007_0_118.mat,-5.637851296924623e-18,0.7859466960953552,1.0,1.0000000000000002,1.0,7.708677785464514,3.904331060998332,3.528377506120647,0.01662546285086367,3.904331060998332,4.967679208266102,5.906434547955582,0.015180408921375677,0.027315160899591077,2665.2462475515167,0.03125000527985125,0.25730078072850426,3363.28125,25.36201562637224,4.094013433005822
B,12k_Drive_End_B007_0_118.mat,-1.1709383462843448e-17,0.782244049667979,1.0,1.0,1.0,7.506934885210763,3.972549700668879,3.538215381390696,0.074897211741452,3.972549700668879,5.07840194163831,6.043444488721314,0.01589516310028166,0.0269055328692304,2694.545384345721,0.03125002254338055,0.21997722663181515,3257.8125,20.719987768526767,3.7652491633641314
B,12k_Drive_End_B007_0_118.mat,4.7704895589362195e-18,0.7853831994590342,1.0,1.0000000000000002,1.0,6.646925015390215,3.3309700172956407,3.252649540264268,0.030373079605882803,3.3309700172956407,4.241203554634205,5.056406599446642,0.016828873773428475,0.026331568685042696,2609.1961441119042,0.031250000030353754,0.18053750391336862,3398.4375,14.446513589094794,3.0714841629784466
B,12k_Drive_End_B007_0_118.mat,2.3418766925686896e-17,0.7919587068464627,0.9999999999999999,0.9999999999999999,0.9999999999999999,6.1698462130878475,3.1616744663965526,3.0431406450326817,0.03900004576909508,3.161674466396553,3.9922213608663655,4.737825736504054,0.015852472613786965,0.026930683100257716,2635.317350375624,0.031250001283477935,0.20584962609646842,3269.53125,16.747546945007276,3.437132954698401
B,12k_Drive_End_B007_0_118.mat,-1.6479873021779667e-17,0.7966097166526678,1.0,1.0,1.0,6.018168222736012,3.086005405804752,2.945086265076972,0.01991412622043971,3.086005405804752,3.873923881787511,4.578552440338465,0.01579073008406772,0.026966933297202882,2691.2815487658545,0.03125000236869865,0.19108095093811484,3304.6875,18.853783669331424,3.6340745798863265
B,12k_Drive_End_B007_0_118.mat,3.903127820947816e-18,0.7945618470496435,1.0,1.0,1.0,6.1891146390285865,3.2789948754625375,2.988449551622277,-0.01717232072742131,3.2789948754625375,4.126796281042259,4.889439755011885,0.01609276880115971,0.026787782521108944,2700.5248673558376,0.03125000000137294,0.19120398234345248,3398.4375,16.462536919485093,3.3618685757476965
B,12k_Drive_End_B007_0_118.mat,-1.0191500421363742e-17,0.7857258389669672,1.0,1.0,1.0,6.562714755011934,3.5820357600570047,3.1565941330596656,-0.03513322535496507,3.5820357600570047,4.558887569188872,5.445817030146566,0.016322151549527243,0.02664863730814524,2709.6764627956763,0.03125000002538888,0.2239547135317091,3421.875,18.343060032543796,3.4155390082875625
B,12k_Drive_End_B007_0_118.mat,5.204170427930421e-18,0.7922969053130691,1.0,1.0,1.0,6.456812644067153,3.4070542112036035,2.9953450402241097,-0.035656464960207135,3.4070542112036035,4.300224055346192,5.115588115666385,0.016112836144862384,0.02677574087817463,2753.991954423228,0.031250020611294574,0.2251556230953767,3234.375,17.535622389705264,3.4118576135597856
B,12k_Drive_End_B007_0_118.mat,1.951563910473908e-18,0.8035789384849643,1.0,1.0000000000000002,1.0,6.402348937302252,3.353358122211366,2.8936013347647913,-0.02387326022835845,3.353358122211366,4.173028885666981,4.91062946357094,0.0166143469910261,0.02646747711437769,2788.4159445878713,0.0312500219318055,0.209608015585193,3234.375,19.35378981858633,3.6090676001889923
B,12k_Drive_End_B007_0_118.mat,1.7780915628762273e-17,0.7862130888778981,0.9999999999999999,0.9999999999999999,0.9999999999999999,7.07740652567628,3.644344894290731,3.362859701272844,0.006895537792112809,3.6443448942907315,4.635314453352622,5.52461688391322,0.015435997508309467,0.027171555191641696,2777.652575924752,0.03125001488973993,0.21229741128909912,3398.4375,20.752332106498994,3.8171797534075482
B,12k_Drive_End_B007_0_118.mat,-6.5052130349130266e-18,0.7810630449817587,0.9999999999999999,0.9999999999999999,0.9999999999999999,6.786625667211195,3.4925111144090026,3.2837253296657427,0.017810531124773075,3.492511114409003,4.471484263463736,5.347386223652659,0.01555451963342954,0.027103875855012654,2746.080444286435,0.031250010678249104,0.20423156371688517,3363.28125,19.002999605816544,3.6497829688620986
B,12k_Drive_End_B007_0_118.mat,-1.0842021724855044e-17,0.800551392544635,1.0,1.0,1.0,6.245384014176638,3.2485645096515476,2.8680903722289774,-0.034423371142376036,3.2485645096515476,4.057908761267219,4.777528100655403,0.015699423344198174,0.027020189642728832,2690.5952056636547,0.03125000066671015,0.19576898989837319,3234.375,16.225887302888772,3.3877209385704257
B,12k_Drive_End_B007_0_118.mat,-2.0383000842727483e-17,0.8043598395219432,1.0,1.0,1.0,5.4538585447508146,2.7824179540853886,2.731857805101715,-0.03160037685209542,2.7824179540853886,3.459170656430421,4.0734190524869955,0.01593055926637342,0.026884566346742307,2704.3104458631833,0.031250002019069134,0.2104994689664716,3421.875,15.406858384264478,3.1907551370144214
B,12k_Drive_End_B007_0_118.mat,-4.163336342344337e-17,0.7943205064983949,1.0,1.0,0.9999999999999999,5.536731703200667,2.788246336318713,2.8817559909387502,0.009010511635705744,2.7882463363187133,3.510228319057437,4.163838006222865,0.015974457032679364,0.026858509176898374,2687.4805528386682,0.0312500046831109,0.2091859993139118,3363.28125,17.73179945425706,3.4353753503522326
B,12k_Drive_End_B007_0_118.mat,8.673617379884035e-19,0.7908861844638762,0.9999999999999998,0.9999999999999997,0.9999999999999998,6.585854347976401,3.5022013328050874,3.0865399644161013,-0.0025476590564512246,3.5022013328050883,4.4281989009318075,5.261927275730125,0.015420962674791771,0.027180084106531312,2702.567039030239,0.0312500089896857,0.201009190057122,3257.8125,18.749820279247817,3.6620296220743844
B,12k_Drive_End_B007_0_118.mat,-8.673617379884035e-19,0.7944893322630362,0.9999999999999999,0.9999999999999999,0.9999999999999999,6.753189500962851,3.592001229016319,3.1026356401010027,0.01717210589289002,3.5920012290163195,4.521144694019749,5.349182548540097,0.016025707200622227,0.026827974879574716,2724.6062092347574,0.03125001643870235,0.2042058571033241,3363.28125,15.779642905707332,3.284137058555223
B,12k_Drive_End_B007_0_118.mat,1.5178830414797062e-17,0.8005239809036967,1.0,1.0,1.0,5.693501158947354,2.976577569436914,2.8365511065125633,0.06101794322876474,2.976577569436914,3.718286572847837,4.381586731104581,0.016625649719351467,0.026460367967431307,2733.624898995399,0.03125001282499634,0.17370149250171174,3363.28125,12.803373859168904,2.9407377956797647
B,12k_Drive_End_B007_0_118.mat,-9.540979117872439e-18,0.8012372020806039,1.0,1.0,1.0,5.539642100971891,2.9007475942385392,2.772847868363148,0.05778173073506701,2.9007475942385392,3.6203356343240864,4.274009039464865,0.01592655790154932,0.0268869424696322,2706.115584917585,0.0312500067513067,0.195348072521999,3246.09375,18.68391815861782,3.576165375066294
B,12k_Drive_End_B007_0_118.mat,5.637851296924623e-18,0.796477939728702,0.9999999999999999,0.9999999999999999,0.9999999999999999,6.463204648420595,3.320810815596984,2.985091089431822,0.025172925699354035,3.3208108155969844,4.169369482760723,4.937437990097224,0.016114508867766157,0.02677476654865355,2810.3259065223388,0.03125004831651003,0.205067942694128,3257.8125,16.077773452024232,3.334882786370454
B,12k_Drive_End_B007_0_118.mat,-3.903127820947816e-18,0.8019350983787175,1.0,1.0,1.0,6.662912541470942,3.4220448821459333,3.0505361799250923,-0.03741027382317054,3.4220448821459333,4.267234205192322,5.004129349296331,0.01585784178766661,0.026927520469891334,2705.5048428094533,0.031250000077105315,0.2108747754639465,3269.53125,14.790644747012772,3.1680122694325563
B,12k_Drive_End_B007_0_118.mat,-2.1250362580715887e-17,0.8202116653377196,1.0,1.0000000000000002,1.0,5.586674671059606,2.8733172366161988,2.644421342879184,-0.06471993462893103,2.8733172366161988,3.503141150075108,4.057633628702936,0.01695961817868212,0.02624759968524737,2709.7987833915495,0.03125004220803042,0.2251014310840582,3363.28125,18.730360904865066,3.4565555149024827
B,12k_Drive_End_B007_0_118.mat,-6.5052130349130266e-18,0.7933518227157559,1.0,1.0000000000000002,1.0,6.373817206203148,3.384983995809309,3.111263998324326,0.025289138258109446,3.384983995809309,4.266687110167628,5.049010658390513,0.016206649307361588,0.02671904044630878,2679.0391772371354,0.03125000166629257,0.20099925501310023,3363.28125,19.334074304872395,3.575124532390789
B,12k_Drive_End_B007_0_118.mat,-1.734723475976807e-18,0.7797027391856112,1.0,1.0,1.0,7.075661326814538,3.818688882287029,3.3512256036562373,-0.0008840712646113053,3.818688882287029,4.897621478508075,5.851992547151882,0.016170190020958305,0.026741119178734025,2662.501582723902,0.031250000003922494,0.17253525983130646,3339.84375,14.058062684726748,3.126194425204553
B,12k_Drive_End_B007_0_118.mat,1.2576745200831851e-17,0.8015198587709113,1.0,1.0,1.0,6.7270284030886,3.8708251113185406,2.9343540241783006,-0.07825383574791428,3.8708251113185406,4.829356464422788,5.676216717270374,0.016624746118291428,0.026460930925743552,2634.6879908959318,0.031250008783272644,0.21655451358128042,3398.4375,17.8456775233448,3.3710545844638835
B,12k_Drive_End_B007_0_118.mat,4.098284211995207e-17,0.8051356764281938,0.9999999999999999,0.9999999999999998,0.9999999999999999,5.631505217973154,2.9431033818773185,2.723630746957105,-0.0901580083016647,2.943103381877319,3.655412954663424,4.284163416012566,0.016932445430721883,0.026265125276930177,2673.8706284234645,0.03125003222521876,0.19126961752054855,3445.3125,13.344059627989248,2.929880203984558
B,12k_Drive_End_B007_0_118.mat,-1.951563910473908e-17,0.7916180325147668,1.0,1.0000000000000002,1.0,6.718760769951434,3.513089266520212,3.0315180768675507,-0.0385721191111672,3.513089266520212,4.437859071198809,5.252287850262639,0.016511551848161887,0.026531709520148494,2661.1034651513773,0.03125000727193638,0.22165020091033064,3246.09375,20.20830636631522,3.589191096901489
B,12k_Drive_End_B007_0_118.mat,-4.336808689942018e-19,0.7922621770891554,1.0,1.0,1.0,6.154679127480723,3.2198181905875454,2.983669437892972,-0.025153393044720904,3.2198181905875454,4.06408166854242,4.82629800969994,0.015680359439295462,0.027031256603505534,2667.975821739792,0.03125000009136102,0.22417342153289596,3257.8125,20.029438766272147,3.6195253398960756
B,12k_Drive_End_B007_0_118.mat,9.974659986866641e-18,0.7840469286808351,0.9999999999999999,0.9999999999999998,0.9999999999999999,6.106961722279111,3.1470133899285018,3.248524688907008,-0.031258934647154776,3.147013389928502,4.013807432704795,4.79314310928404,0.01667311360368453,0.026430475466471395,2645.261821030532,0.0312500040100016,0.2704831540494807,3269.53125,25.937522792706886,3.9107751225377534
B,12k_Drive_End_B007_0_118.mat,3.8163916471489756e-17,0.8016828037837163,0.9999999999999999,0.9999999999999998,0.9999999999999999,6.595971584765893,3.40060811423896,3.011670338755279,-0.008826004617288025,3.4006081142389606,4.241837417728123,4.976845875917142,0.016490561934313894,0.026544759696376034,2659.024434347412,0.03125000640396401,0.2666020913926194,3363.28125,26.02531309307882,3.9075876290441105
B,12k_Drive_End_B007_0_118.mat,7.589415207398531e-18,0.800479575889657,1.0,1.0,1.0,6.1247293251936386,3.0718054411317772,2.889759847754167,-0.04724133704765343,3.0718054411317772,3.8374563619787017,4.514265573142403,0.0162513485338247,0.026691879272645665,2687.069280650755,0.031250003972373146,0.20276238787016168,3421.875,16.930737030879687,3.358391792426526
B,12k_Drive_End_B007_0_118.mat,8.890457814381136e-18,0.7869815486067571,1.0,1.0000000000000002,1.0,6.338946069764345,3.1742701428295512,3.071495813098456,-0.022369711861325005,3.1742701428295512,4.0334746709743845,4.818250077816673,0.015964307725527316,0.026864540507524775,2682.433740329589,0.031250002525372224,0.21447677218291317,3410.15625,17.156266290904316,3.3845772679115345
B,12k_Drive_End_B007_0_118.mat,1.214306433183765e-17,0.8066296593174246,1.0,1.0,1.0,6.323575663372405,3.416007870044815,2.7592858525976975,-0.02025523485486852,3.416007870044815,4.234914784729666,4.98447548659296,0.016515973703044542,0.026528969282645552,2704.0534112328214,0.03125001757694242,0.2683265132043036,3398.4375,24.137001379654123,3.7440565845434617
B,12k_Drive_End_B007_0_118.mat,0.0,0.806277248325098,1.0,1.0000000000000002,1.0,6.032746572246493,3.018786717351278,2.784152483619265,-0.006016735653260344,3.018786717351278,3.744105050244549,4.40920414069472,0.016212286235001237,0.02671566138810208,2746.7397915587244,0.03125003661388797,0.21476680744864993,3292.96875,16.52594004412334,3.325504731725834
B,12k_Drive_End_B007_0_118.mat,-1.691355389077387e-17,0.793864471727048,0.9999999999999999,0.9999999999999998,0.9999999999999999,6.554913785569891,3.318377901398565,2.9608840184899416,-0.027287340407210998,3.3183779013985655,4.180030747791813,4.9800903355645,0.015736998800598947,0.026998339864271144,2743.085131413013,0.03125001578682394,0.23764123615121982,3246.09375,22.1242648583956,3.810859395859159
B,12k_Drive_End_B007_0_118.mat,-7.15573433840433e-18,0.7854019863383122,1.0,1.0,1.0,6.395170079569379,3.2371011787036323,3.1676185875628984,-0.005130427876423985,3.2371011787036323,4.121585169138151,4.915470128199311,0.015341833482024803,0.027224818087126918,2709.305233729792,0.031250001191477264,0.3035873273936205,3257.8125,32.06261492232355,4.290621538455273
B,12k_Drive_End_B007_0_118.mat,1.235990476633475e-17,0.7872577950875788,0.9999999999999999,0.9999999999999998,0.9999999999999999,6.790191420416356,3.4503139256750917,3.2201534277922974,0.03243145701309563,3.450313925675092,4.382698967485308,5.210573373920698,0.016165614152419343,0.02674391139964992,2714.2380772592974,0.03125002204602783,0.1941554963926846,3386.71875,17.118788433125793,3.433452546823363
B,12k_Drive_End_B007_0_118.mat,3.642919299551295e-17,0.7957201690473372,0.9999999999999999,0.9999999999999999,0.9999999999999999,5.964215519319772,3.0785489429409485,3.004126089663607,-0.04158901628900581,3.078548942940949,3.868883889956805,4.587538513334904,0.016086099425925815,0.02679179612804126,2705.9625676897235,0.03125000695211599,0.19692908817069854,3234.375,15.175990264396114,3.2148323356158164
B,12k_Drive_End_B007_0_118.mat,-1.1275702593849246e-17,0.7887900780392842,1.0,1.0000000000000002,1.0,6.694717028998108,3.713384192051928,3.138081239557639,-0.09273917920760298,3.713384192051928,4.707696376306333,5.605658639228005,0.016234694921686492,0.02670202256162455,2706.139161981496,0.03125001324930503,0.17999368868741966,3421.875,13.422772253361474,3.0447824885514514
B,12k_Drive_End_B007_0_118.mat,-9.75781955236954e-18,0.7862186097940533,0.9999999999999999,0.9999999999999999,0.9999999999999999,6.704939108361867,3.6892960781747526,3.199507403915542,-0.05238028194253163,3.689296078174753,4.6924558032798895,5.606418322849951,0.015842189019704606,0.0269367324142497,2647.15099918086,0.03125000009748703,0.2318842978735208,3363.28125,18.90705140519015,3.5428190730237983
B,12k_Drive_End_B007_0_118.mat,-2.862293735361732e-17,0.7930915374293934,1.0,1.0,1.0,6.11883140957589,3.1010884629014934,3.090924385314049,-0.008866888186491572,3.1010884629014934,3.9101267842964145,4.633790226026703,0.01639920145033119,0.026601298566231106,2672.159162409316,0.03125000629789238,0.21228696440517408,3363.28125,16.082283332894846,3.221564610357785
B,12k_Drive_End_B007_0_118.mat,1.9949319973733282e-17,0.7899814001931145,1.0,1.0,1.0,7.2784504591645085,3.8126932045167843,3.418487952802752,-0.03256017562831173,3.8126932045167843,4.826307560639725,5.687980874053586,0.015247210922213622,0.02727792835569077,2701.962601234625,0.03125000506055429,0.2366334621806255,3292.96875,23.095323117692963,3.883189024987017
B,12k_Drive_End_B007_0_118.mat,7.806255641895632e-18,0.7886869944215895,1.0,1.0,1.0,7.452539870415752,3.903547975922129,3.4607489854349707,0.00238156512114341,3.903547975922129,4.9494260759110515,5.863382030208527,0.016085102704084555,0.026792392126548967,2735.988582839954,0.031250004877819,0.18318620487315007,3269.53125,14.220270420728378,3.1428681954466846
B,12k_Drive_End_B007_0_118.mat,-1.235990476633475e-17,0.7962631798820403,1.0,1.0,1.0,7.123075496425516,3.9553013833294606,3.2056535821159025,0.06326158171880698,3.9553013833294606,4.967329248999564,5.857846188897351,0.015727677708709142,0.027003752724578167,2691.8999904248008,0.031250000117107025,0.19711273264694107,3445.3125,15.691140409207945,3.2897938041232964
B,12k_Drive_End_B014_0_185.mat,7.37257477290143e-18,0.7535873784903055,1.0,1.0,1.0,7.953041529784143,4.371944112048327,4.199029701906914,-0.03191705450159542,4.371944112048327,5.80150920362657,7.094707717249603,0.018824994524675315,0.024943645711110685,2591.658917721716,0.031250054083400654,0.1639449787962183,3140.625,10.366941865163742,2.5071417318059996
B,12k_Drive_End_B014_0_185.mat,-3.903127820947816e-18,0.7638740048294749,1.0,1.0000000000000002,1.0,8.292284282163006,4.5604108779698205,4.160294707947708,-0.018674102192772886,4.5604108779698205,5.970108747172087,7.211464454793436,0.018473261298154367,0.025205200451994147,2571.5060700517906,0.0312500162050373,0.1620641016716037,3210.9375,10.006234945888773,2.4749093248142793
B,12k_Drive_End_B014_0_185.mat,-5.637851296924623e-18,0.7650854904335473,1.0,1.0,1.0,7.628171161671744,4.1017166151960796,4.096612130299389,0.04183425705850658,4.1017166151960796,5.361121948439748,6.471067939102158,0.017620946792203336,0.025808250634152357,2463.6831713624065,0.03125001706637752,0.19852234442177383,3246.09375,16.080324237847655,3.1472955266499985
B,12k_Drive_End_B014_0_185.mat,4.7704895589362195e-18,0.7644704232475679,1.0,1.0,1.0,8.68023177700534,4.673133064071371,4.4876034511951906,0.05907565769616368,4.673133064071371,6.112902372624576,7.358712447400695,0.018311269658872545,0.025323111952259846,2342.5429610100978,0.03125000152746607,0.16139082151850384,656.25,11.350366691977108,2.6296338348620205
B,12k_Drive_End_B014_0_185.mat,6.071532165918825e-18,0.7900278332875581,1.0,1.0,1.0,7.18081632733903,4.158128091803431,3.3251954759041484,-0.046951933992369736,4.158128091803431,5.263267845260758,6.23349972812506,0.018294234423118092,0.025335444449718567,2322.4073334241825,0.0312500201374779,0.22925834478368656,3281.25,16.963752288155174,3.0977714640670513
B,12k_Drive_End_B014_0_185.mat,8.239936510889834e-18,0.7987763022846661,1.0,1.0,1.0,6.2912404392223,3.2139186659348393,3.0924969771360393,-0.035960753384456895,3.2139186659348393,4.023552847953006,4.734524741971924,0.017874622300908638,0.025633193574202427,2385.1735199962704,0.03125000376340254,0.2724696729674917,3281.25,24.80516666903518,3.593417110025505
B,12k_Drive_End_B014_0_185.mat,-9.540979117872439e-18,0.7380561478291061,0.9999999999999999,0.9999999999999999,0.9999999999999999,11.002668090598117,6.166387121048488,7.135383616675521,-0.15162069199228476,6.166387121048489,8.354902454489533,10.095511224827607,0.018862204385749957,0.02491549513411418,2561.8361480525296,0.03125003443306699,0.16384984180484247,3281.25,10.787465899611785,2.5586107632270583
B,12k_Drive_End_B014_0_185.mat,1.214306433183765e-17,0.6911372003909004,1.0,1.0,1.0,11.383175607748097,5.789882501082516,8.123881656333035,-0.02893811765504402,5.789882501082516,8.377327248204576,10.493340132403612,0.016949795198984274,0.026253914020810537,2693.3977707207077,0.03125001693918937,0.18628695278241483,3222.65625,12.683142018500666,2.861261106539455
B,12k_Drive_End_B014_0_185.mat,3.426078865054194e-17,0.7140643985425474,1.0,1.0,1.0,8.509512798191949,4.323600581840259,5.179367345348542,-0.010844449811319726,4.323600581840259,6.054916882377855,7.616271238549946,0.015251680650249415,0.027275427910560993,2760.970652225073,0.031250003685782214,0.22013353632321808,3210.9375,17.90989523686256,3.5131870554130002
B,12k_Drive_End_B014_0_185.mat,-4.7704895589362195e-18,0.6743020052725861,0.9999999999999999,0.9999999999999998,0.9999999999999999,8.551302656031467,4.307714477531845,6.163771787741997,-0.035721434970817284,4.307714477531846,6.388405260326127,8.321983371626635,0.015987481537280912,0.02685076686465808,2765.9803539175896,0.0312500119539996,0.19827936749166558,3328.125,15.524506004394327,3.2756526257562752
B,12k_Drive_End_B014_0_185.mat,1.7780915628762273e-17,0.7128939799511833,1.0,1.0000000000000002,1.0,10.308732307013354,5.985227020824402,6.8109348970087735,0.2693401167175576,5.985227020824402,8.39567620031558,10.422040927916761,0.01844254287388307,0.025227665773561385,2544.3961837903244,0.03125000012860057,0.22014981371062875,3281.25,15.78844757778591,3.013172501996037
B,12k_Drive_End_B014_0_185.mat,9.974659986866641e-18,0.7336285467719711,1.0,1.0,1.0,9.187816722702248,5.460839093787331,5.37441739187149,0.2497943252757029,5.460839093787331,7.443602239601354,9.16293812476171,0.017691937139921544,0.025759617363576817,2612.657610838188,0.03125000042369318,0.19683783435337882,3304.6875,16.616899600841126,3.210688784378501
B,12k_Drive_End_B014_0_185.mat,-2.1033522146218786e-17,0.6714070255537743,1.0,1.0,1.0,10.947773552572652,5.8755265522826585,8.980866276768944,0.15258865355203577,5.8755265522826585,8.751065044987493,11.20146980741798,0.015498635270183908,0.02713585915026737,2791.1876820433363,0.0312500007529814,0.21243570763216368,3304.6875,16.08304336417331,3.3278805535482356
B,12k_Drive_End_B014_0_185.mat,1.474514954580286e-17,0.6498735516133123,1.0,1.0,1.0,11.893500948946201,6.382036339550728,11.485454076954822,0.20146930232172336,6.382036339550728,9.820427872018042,12.66995363273117,0.01534310389943964,0.02722410548159722,2763.8809999502073,0.03125000410467384,0.17470771971262772,3281.25,15.207945705068044,3.3201175321615164
B,12k_Drive_End_B014_0_185.mat,1.3118846287074604e-17,0.7527061899053307,0.9999999999999999,0.9999999999999999,0.9999999999999999,8.701867671267415,4.7397284554742125,4.536775891233081,-0.12950062058160106,4.739728455474213,6.296917069421652,7.651507856017386,0.015752168668457238,0.026989473894939282,2635.8094681046605,0.031250000302162156,0.21882258145258113,3281.25,21.153886036142843,3.7991850263785167
B,12k_Drive_End_B014_0_185.mat,-8.023096076392733e-18,0.7470953282569728,0.9999999999999999,0.9999999999999998,0.9999999999999999,8.652418333578073,4.7113687644679585,4.461703356258206,-0.15728344725110818,4.711368764467959,6.306248461571727,7.732367248869784,0.016595120449519527,0.026479668022185508,2739.4824512804357,0.031250133460502455,0.2522361928802888,3222.65625,25.370419879917584,4.073754249084086
B,12k_Drive_End_B014_0_185.mat,-6.5052130349130266e-18,0.7602700802110282,1.0,1.0,1.0,9.764545776935257,5.064065123840463,4.341849584171787,0.0015733091256613027,5.064065123840463,6.6608765169804265,8.083206345220786,0.016395137064122257,0.026603796688795908,2716.5746090948414,0.031250000281762294,0.2294864611335988,3222.65625,20.132752610996526,3.6547681947565693
B,12k_Drive_End_B014_0_185.mat,9.324138683375338e-18,0.764245490735014,1.0,1.0,1.0,10.074078330843967,5.22363651279168,4.626822025838745,0.02223589765441267,5.22363651279168,6.8350243162937625,8.189368667029406,0.017320919855563627,0.026010656982291692,2768.418327651784,0.03125009666054327,0.17013302188697663,3234.375,15.244777966014365,3.262028930048679
B,12k_Drive_End_B014_0_185.mat,-2.6020852139652106e-18,0.6411390650374299,1.0,1.0,1.0,11.3747634617569,6.776341952616784,9.618691395839457,0.19681617015785616,6.776341952616784,10.569223312295248,13.991585464723457,0.01621717440496915,0.026712651671918185,2573.1750617199705,0.03125000008042272,0.21702801244147912,3234.375,19.65976895393705,3.5359946797439274
B,12k_Drive_End_B014_0_185.mat,1.734723475976807e-18,0.6284345601010088,1.0,1.0,1.0,11.457145712281054,6.824868219559375,9.900925049551038,0.21206654575605005,6.824868219559375,10.860109632516721,14.580012764660847,0.016241872650806424,0.026697641710170486,2550.123415519058,0.03125000000143437,0.22194630234783905,3234.375,23.26936099444331,3.8073587999251592
B,12k_Drive_End_B014_0_185.mat,1.3877787807814457e-17,0.758822397923419,1.0,1.0,1.0,9.250177409836741,5.1469633801793115,4.738236621201784,0.12074563181467249,5.1469633801793115,6.782830072312583,8.125569156502129,0.018097846849818282,0.02547608366434649,2477.4920433795237,0.0312500063915555,0.15719912904318573,3234.375,9.479474365765897,2.471234197309445
B,12k_Drive_End_B014_0_185.mat,1.9081958235744878e-17,0.7773792046513857,1.0,1.0000000000000002,1.0,7.563034435611224,4.099983344266888,3.5873370267196387,0.07516008286173505,4.099983344266888,5.274109880654086,6.285566514798401,0.018380523628100158,0.025272936793628242,2484.3660470578416,0.031250039728260764,0.17371883119335588,3246.09375,10.715730375386961,2.5356888343727726
B,12k_Drive_End_B014_0_185.mat,-1.214306433183765e-17,0.7610694289617738,1.0,1.0000000000000002,1.0,9.582519628019607,5.165005167600204,4.511204378302448,0.11149956902166062,5.165005167600204,6.786509838722778,8.184679551024796,0.017457042751324325,0.02591938739030217,2362.1521460048752,0.031250007748960966,0.1890502880078199,3246.09375,15.229062743070338,3.0799441832607033
B,12k_Drive_End_B014_0_185.mat,1.5612511283791264e-17,0.7664732571946542,1.0,1.0,1.0,9.953217926792036,5.36776784444544,4.508470900591385,0.07991065422250372,5.36776784444544,7.003203039453518,8.43961146131642,0.01780219708702762,0.025683573278522855,2392.88933345663,0.03125002651964679,0.18389122254055246,3316.40625,14.088499402598009,2.9851662279304922
B,12k_Drive_End_B014_0_185.mat,4.336808689942018e-18,0.7948845662702015,1.0,1.0,1.0,6.934585264151636,3.540417036630068,3.191108553035477,0.04995158895199842,3.540417036630068,4.454001482558148,5.257799083893704,0.017901286532995817,0.025614575403281332,2418.447592607273,0.03125000052202883,0.21937779379622838,3281.25,16.64431670585355,3.1617068174332448
B,12k_Drive_End_B014_0_185.mat,1.1709383462843448e-17,0.7850354021841623,0.9999999999999999,0.9999999999999999,0.9999999999999999,7.6429648283136125,4.258572955287614,3.553239913638495,-0.13292903099306405,4.258572955287615,5.424689056619884,6.431814580242092,0.01746234754752556,0.025915805471370335,2529.6045822007713,0.031250000881607676,0.20379511405697373,3292.96875,14.517920375537738,3.0254991857074702
B,12k_Drive_End_B014_0_185.mat,-1.3444106938820255e-17,0.7084297906245849,1.0,1.0000000000000002,1.0,8.191236293280447,4.2527823381550185,5.443077829980193,0.02318216348286952,4.2527823381550185,6.00311053323374,7.5676385067980325,0.014912314527937693,0.027462436115724277,2711.8068921404065,0.03125000035184606,0.2108926776580789,3246.09375,19.75801068110001,3.7352131111241866
B,12k_Drive_End_B014_0_185.mat,1.485356976305141e-17,0.6892659036241215,1.0,1.0,1.0,9.400909290311866,4.8830925505052045,5.967551198216037,0.02315663257862667,4.8830925505052045,7.084482961989237,9.152840267356423,0.015358101872403523,0.02721564379442521,2795.798903334514,0.03125000096429054,0.21046702763534653,3222.65625,15.774193947369207,3.239484713609475
B,12k_Drive_End_B014_0_185.mat,1.3010426069826053e-17,0.6477431342357576,1.0,1.0,1.0,10.61692385396659,5.515311844613428,9.436926442613757,0.025650528406608357,5.515311844613428,8.51465890274652,11.0717835760544,0.016291869343030778,0.026667222866352383,2802.5106959064,0.03125005251346137,0.2077339280106112,3257.8125,14.433463500253346,3.075848712676118
B,12k_Drive_End_B014_0_185.mat,-6.7220534694101275e-18,0.6554206682936821,0.9999999999999999,0.9999999999999999,0.9999999999999999,11.472083396616753,5.804804398789797,11.466214871116158,-0.054099349002468836,5.8048043987897975,8.856608708880033,11.22901927712301,0.01662877186642995,0.026458425022285324,2728.2288385202887,0.03125002893511726,0.21220116186489985,3128.90625,14.856582579381765,3.0616233489463203
B,12k_Drive_End_B014_0_185.mat,-4.119968255444917e-18,0.7016837747804475,1.0,1.0000000000000002,1.0,11.068130000923615,5.754447439390136,7.664570675022987,-0.12458377270932118,5.754447439390136,8.200912784666663,10.180491622084,0.015307764857467153,0.027244027847076226,2728.075222068623,0.031250035492200186,0.23414631195542482,3246.09375,23.704269484790416,4.024998290084676
B,12k_Drive_End_B014_0_185.mat,-4.336808689942018e-18,0.7254016989864793,1.0,1.0000000000000002,1.0,8.85134633477223,4.594628833410191,5.369684249152569,-0.03322128428354401,4.594628833410191,6.333909666643653,7.821596061549604,0.016095553791516053,0.026786231125372484,2712.0327288608337,0.03125010447594472,0.22689536396998145,3210.9375,25.44946745203023,4.193014626340083
B,12k_Drive_End_B014_0_185.mat,1.3010426069826053e-17,0.6475128399151845,0.9999999999999999,0.9999999999999999,0.9999999999999999,10.400532537662132,5.587400835431303,9.712928445492757,0.1061814361656785,5.587400835431304,8.629019366107363,11.278442061273093,0.015574431350728158,0.027092437279888946,2649.2832663665145,0.03125000911461084,0.20323476239881907,3128.90625,17.65313585442355,3.5367456005511024
B,12k_Drive_End_B014_0_185.mat,3.382710778154774e-17,0.6676181454583351,0.9999999999999999,0.9999999999999998,0.9999999999999999,10.065955101200814,5.6417447157499945,7.385071613124578,0.22491852870689694,5.641744715749995,8.450556285999099,11.003466486460589,0.01573279256556088,0.027000773357566944,2624.845499931436,0.03125000038108263,0.20635819801630725,3281.25,16.677825698958664,3.3640089044139154
B,12k_Drive_End_B014_0_185.mat,-1.452830911130576e-17,0.6081867205105826,0.9999999999999999,0.9999999999999999,0.9999999999999999,12.853938243717447,6.9213679959519325,12.835728757873474,0.5598217545092703,6.921367995951933,11.380333970694611,15.350696051426436,0.01570206398414699,0.02701865886617681,2563.3986379538387,0.031250003844625056,0.1954357683841143,3304.6875,17.206257715664755,3.4154285400684223
B,12k_Drive_End_B014_0_185.mat,-1.0842021724855044e-19,0.5503534084347852,1.0,1.0000000000000002,1.0,15.661365907062223,8.43019150843532,22.811816527868693,0.7645692336515925,8.43019150843532,15.317778320681128,20.988550734274458,0.016442012623271572,0.026574851997436148,2578.233505527413,0.03125000060463132,0.1960128400418527,3281.25,13.288578715365755,2.9018209518393268
B,12k_Drive_End_B014_0_185.mat,8.673617379884035e-18,0.7604201121533425,1.0,1.0,1.0,7.68118864281154,3.887342645611277,4.065280505014563,0.009031251805000466,3.887342645611277,5.112098672144767,6.204051589892272,0.017371459889185828,0.025976820812106748,2591.6386475398695,0.03125000541097384,0.17141721472340282,3257.8125,12.54568718544246,2.8499639366562044
B,12k_Drive_End_B014_0_185.mat,0.0,0.7286982108266331,1.0,1.0,1.0,8.203230171797706,4.140200471078353,4.9557304602172225,-0.08865739674722437,4.140200471078353,5.681639407871912,7.03432044794685,0.01655260374607738,0.026506149202587665,2666.222352669925,0.031250034181173204,0.24504618316893667,3234.375,25.42063547465649,4.095645639120754
B,12k_Drive_End_B014_0_185.mat,-3.469446951953614e-18,0.7273237069474481,0.9999999999999999,0.9999999999999998,0.9999999999999999,8.255004320172839,4.369025092032865,5.037763203524459,0.05785003138923487,4.3690250920328655,6.00698842936044,7.423297326553561,0.015325675403466618,0.02723391902769896,2679.9164848171927,0.03125000275487484,0.27886835954965566,3246.09375,29.605442779619754,4.357165510062677
B,12k_Drive_End_B014_0_185.mat,1.6479873021779667e-17,0.7147415340920401,1.0,1.0,1.0,9.938022835899051,5.255664219548401,6.500646301030364,0.1874196238824061,5.255664219548401,7.35323745558574,9.185103062895282,0.016851777696873273,0.026316923844735853,2651.8018559559077,0.031250006275110764,0.2732505484286043,3246.09375,32.0504691018727,4.403660680556839
B,12k_Drive_End_B014_0_185.mat,1.2576745200831851e-17,0.7431095929645476,1.0,1.0,1.0,7.766469561879411,4.317082244013743,4.148331235057078,-0.030066851975847686,4.317082244013743,5.809482591647424,7.185482813609643,0.01627062613873713,0.02668016360320558,2590.5959581141406,0.031250030477431086,0.20128248236299215,3222.65625,21.245688781466445,3.882837576464643
B,12k_Drive_End_B014_0_185.mat,1.3010426069826053e-18,0.7569611142495687,1.0,1.0,1.0,7.290688877085181,4.050244187192186,3.68561010821434,0.04819890633681405,4.050244187192186,5.350663476561134,6.527817637021035,0.0169426783557423,0.026258533027580546,2648.9385714822533,0.03125003850600311,0.1908181927107793,3351.5625,16.872654481980106,3.3551206781518395
B,12k_Drive_End_B014_0_185.mat,-4.336808689942018e-19,0.7409744526279177,1.0,1.0,1.0,7.559977690440089,3.9750718978920334,4.381406106208084,0.09165030138593586,3.9750718978920334,5.364654454406846,6.593857762353553,0.017028345335068203,0.026203017051982275,2597.208660746151,0.031250002359628916,0.20445796541205927,3304.6875,16.76020280453809,3.267494286733032
B,12k_Drive_End_B014_0_185.mat,-6.7220534694101275e-18,0.5401713301839536,0.9999999999999999,0.9999999999999999,0.9999999999999999,11.890506014171116,6.192146235551909,15.286017632258405,-0.06478463832542217,6.19214623555191,11.463300418856354,16.499514414689713,0.016654705476642852,0.026442280452448372,2917.4949255111155,0.03125017456014687,0.16988914201257976,3292.96875,11.303585629878635,2.798932519447003
B,12k_Drive_End_B014_0_185.mat,-4.119968255444917e-18,0.6286620918182175,1.0,1.0,1.0,10.503990414464528,5.472453557131584,10.13369445725519,-0.04965884008696885,5.472453557131584,8.704920542137582,11.509112483048328,0.014766558121063887,0.027541084309501713,2826.627650137787,0.03125000101897341,0.1946682465739955,3281.25,14.292958468856009,3.1319488931934223
B,12k_Drive_End_B014_0_185.mat,-2.6020852139652106e-17,0.7354733341542774,1.0,1.0,1.0,10.862278397750249,5.46594749298533,6.627356772799916,0.009995319476537968,5.46594749298533,7.431877185963018,8.962568936724066,0.01640010095023354,0.026600882379623724,2833.826010413251,0.031250124072592526,0.30767818776297173,3269.53125,37.367316041656,4.5899972861238005
B,12k_Drive_End_B014_0_185.mat,1.431146867680866e-17,0.7638662022189767,1.0,1.0,1.0,8.02058493073944,4.285897356697297,4.137882004500558,0.04625547743809276,4.285897356697297,5.610795901490433,6.7668362853885355,0.016203958341859878,0.026720674048105564,2686.9749151606607,0.03125000300047718,0.2661146708140013,3269.53125,24.357235212469828,3.8373834744619497
B,12k_Drive_End_B014_0_185.mat,6.505213034913027e-19,0.6573112791081017,0.9999999999999999,0.9999999999999999,0.9999999999999999,14.593140172055364,7.923076614875014,15.611459699070345,0.07836129309403485,7.923076614875015,12.053766406725513,15.277514942136536,0.017469155210476317,0.025911243559802705,2625.165151914762,0.03125002282532173,0.17889858080040977,3152.34375,14.614206719588148,3.118756032558222
B,12k_Drive_End_B014_0_185.mat,-6.288372600415926e-18,0.6188640792253175,1.0,1.0,1.0,10.664854882883812,5.450200206696133,9.82044737693136,0.10499977610001102,5.450200206696133,8.806780664210777,11.875994492307152,0.014581007502503959,0.027639767427900173,2594.543668553506,0.031250000372103806,0.23116555788698126,3246.09375,22.357703442587894,4.019714069758397
B,12k_Drive_End_B014_0_185.mat,-3.0357660829594124e-18,0.6490429309586627,1.0,1.0,1.0,10.79999666046182,5.520651883672221,8.254787207186475,0.03575642906883867,5.520651883672221,8.505834699590663,11.263644155796468,0.01554949503289034,0.02710675513884548,2539.52237633469,0.03125000751896241,0.20323440014428185,3234.375,19.764009864689623,3.766134579982698
B,12k_Drive_End_B014_0_185.mat,-1.9081958235744878e-17,0.7367343907035507,0.9999999999999999,0.9999999999999999,0.9999999999999999,8.83051042460442,4.975945774408635,4.97813629432884,-0.1393217718470808,4.975945774408636,6.754056600584118,8.298056240717216,0.016607410072836948,0.026471804530216855,2450.8214648537187,0.03125000007061401,0.2489033799962319,3152.34375,20.000119161886875,3.4287587703150413
B,12k_Drive_End_B014_0_185.mat,-2.7321894746634712e-17,0.7375508888125111,1.0,1.0,1.0,7.803971425321711,3.942185649033565,4.697839725123998,-0.03144237232481128,3.942185649033565,5.344967660984932,6.584775467961665,0.016942488631488457,0.026258631999827337,2527.3731373458,0.03125001880848189,0.1982036581079307,3152.34375,17.986146925559098,3.4533008414691397
B,12k_Drive_End_B014_0_185.mat,1.734723475976807e-18,0.7509695966094619,1.0,1.0,1.0,9.735227791925578,5.257112478802841,5.191417861659482,0.05795641961090338,5.257112478802841,7.000433176706589,8.488024903113493,0.01794531781627102,0.02558375565339493,2428.3348592814878,0.031250007757752496,0.18746363487606904,3269.53125,13.243769678281282,2.8516437897099354
B,12k_Drive_End_B014_0_185.mat,1.0408340855860843e-17,0.7671621939642119,1.0,1.0000000000000002,1.0,8.57171936911309,4.6247803379252455,4.187300947832112,0.055008996558124405,4.6247803379252455,6.028425767473353,7.230393618329967,0.017922268225315806,0.02559992804619799,2439.8652716822558,0.03125002422896147,0.15950073522914932,3210.9375,12.513069638450814,2.8371954803566743
B,12k_Drive_End_B014_0_185.mat,6.5052130349130266e-18,0.6932704493698187,1.0000000000000002,1.0000000000000004,1.0000000000000002,10.688020710873364,5.960232007344922,7.178999131235031,-0.23076063225213425,5.9602320073449215,8.597268227374698,10.875413911151714,0.01656844294897032,0.026496212331078885,2569.168080428147,0.0312500011143504,0.20886763473497216,3269.53125,15.78905856423906,3.087405436002505
B,12k_Drive_End_B014_0_185.mat,-2.6020852139652106e-18,0.6851962526900258,1.0,1.0,1.0,10.547957322960745,5.884201313521787,7.011256101875018,-0.22475416205551363,5.884201313521787,8.587614556298115,10.993731547929055,0.01748118470992725,0.02590315426266953,2688.5199374592635,0.03125004351386169,0.19887711801547145,3363.28125,14.462893556596411,2.97500963591947
B,12k_Drive_End_B014_0_185.mat,-3.469446951953614e-18,0.690903530986259,1.0,1.0,1.0,9.151683281989147,4.95210170631995,6.883747873406647,-0.05183380798595764,4.95210170631995,7.1675733068708825,9.03205151888329,0.017372899185562306,0.025975852733508897,2691.8249223566386,0.03125000082151444,0.15985292099185064,3257.8125,14.192329821358758,3.1563716771076074
B,12k_Drive_End_B014_0_185.mat,2.6020852139652106e-18,0.6808503311073789,0.9999999999999999,0.9999999999999998,0.9999999999999999,9.673914306004031,5.235444355807084,7.841884722490419,-0.007157041768924527,5.2354443558070844,7.689567172996478,9.742050515282294,0.017169448181158144,0.026110780067489896,2591.8955426186535,0.031250004585252504,0.227849141529078,3316.40625,20.84247873240415,3.672475027621023
B,12k_Drive_End_B014_0_185.mat,1.3010426069826053e-17,0.7508176230805985,1.0,1.0,1.0,9.73373723884888,5.857235169038317,5.367332377901344,-0.03815982122392006,5.857235169038317,7.80114236664575,9.446021013257528,0.018541334355946727,0.025155149445314037,2685.054650419858,0.03125000197304144,0.17720928403629202,3316.40625,15.214408527298474,3.0739311035271952
B,12k_Drive_End_B014_0_185.mat,1.4094628242311558e-17,0.7149568817826832,1.0,1.0,1.0,12.744602771984077,6.897246897507686,8.583705367755726,0.15080200214321454,6.897246897507686,9.647080926488876,11.843921887682217,0.01828563549031732,0.025341648721013015,2840.7178434023326,0.031250018002938376,0.21867336993644926,3292.96875,18.35241718849767,3.3778561229311896
B,12k_Drive_End_B014_0_185.mat,-2.992397996059992e-17,0.6977551885331748,0.9999999999999999,0.9999999999999998,0.9999999999999999,13.316724529349134,7.208588053982491,9.546628017349615,0.18524260029320705,7.208588053982492,10.331113508645387,12.877922201785646,0.01771741929119497,0.025742096972562148,2760.680410349599,0.031250000046156814,0.2029201447560355,3257.8125,16.620140616412098,3.25590398444097
B,12k_Drive_End_B014_0_185.mat,-1.2576745200831851e-17,0.7363010076364934,1.0,1.0,1.0,9.091116988326437,5.007627009621606,5.401648303410951,0.014020201764649062,5.007627009621606,6.801059563528176,8.32208678010639,0.018825644651713935,0.024943455593419386,2611.0318049875023,0.03125029397451311,0.15697976436379377,3304.6875,12.200458788580587,2.8846938989103403
B,12k_Drive_End_B014_0_185.mat,1.7780915628762273e-17,0.721318965908694,1.0,1.0000000000000002,1.0,8.785494466295535,4.524516321479355,5.673787630634804,0.010635954046562188,4.524516321479355,6.272559762489425,7.780860164363987,0.01758986868130974,0.025829422987913853,2525.4114351277917,0.03125000115382868,0.20536394504816735,3128.90625,17.605655112780042,3.3362564905302725
B,12k_Drive_End_B014_0_185.mat,1.713039432527097e-17,0.7000077284904603,1.0,1.0,1.0,9.98322182314474,5.820714638421561,7.101267089438546,0.3173817206039302,5.820714638421561,8.315214820518777,10.412590073345017,0.018399457597395565,0.025259444610846712,2666.08423019731,0.031250273309633474,0.18894277437019377,3281.25,14.452198676321295,3.1022360911944458
B,12k_Drive_End_B014_0_185.mat,1.3010426069826053e-18,0.6826016027214075,1.0,1.0,1.0,10.493952817413762,6.118011430674116,8.16080073344221,0.32839488227509084,6.118011430674116,8.962785036370741,11.33318081660024,0.016560512814174963,0.026501171631390468,2610.5537204409106,0.031250002920077756,0.22837557260727542,3222.65625,18.688800718239808,3.4520524173416125
B,12k_Drive_End_B014_0_185.mat,1.734723475976807e-17,0.6836003006149771,0.9999999999999999,0.9999999999999998,0.9999999999999999,9.964942269026025,5.24132732257448,7.661690086696975,-0.19003373709322632,5.241327322574481,7.667239639683165,9.728787902372797,0.01608396907335181,0.026793143501121674,2655.2799735956332,0.03125006559711893,0.25708165944443817,3257.8125,23.897233410981855,3.9477805766970047
B,12k_Drive_End_B014_0_185.mat,1.3877787807814457e-17,0.6835771594105469,0.9999999999999998,0.9999999999999997,0.9999999999999998,11.333618759931232,5.960880822459128,9.818187981878427,-0.15215209593139445,5.960880822459129,8.720128723433701,10.889849511104549,0.016497323770534908,0.026540558614112315,2523.8455583844266,0.031250007090223,0.1781130852968521,3164.0625,14.671017838679907,3.1815876154115106
B,12k_Drive_End_B014_0_185.mat,-1.0408340855860843e-17,0.7370238095935224,1.0,1.0000000000000002,1.0,8.25970371385469,4.567523883904039,5.476394969985661,0.07440065013711938,4.567523883904039,6.197254178834581,7.52588345022931,0.017922021555956163,0.025600117537878435,2486.0014925185224,0.03125003799366247,0.15361842808213136,3316.40625,10.133863589656842,2.5434974227913223
B,12k_Drive_End_B014_0_185.mat,-7.37257477290143e-18,0.7196070965221721,1.0,1.0000000000000002,1.0,8.595610534626317,4.754586779583537,6.055109527543069,0.14719968155126945,4.754586779583537,6.607198292738128,8.173203481110173,0.017205788956872334,0.026086845532296267,2538.546317135392,0.03125000293526891,0.19446262635995196,3152.34375,12.590320835389415,2.811389334642759
B,12k_Drive_End_B014_0_185.mat,-6.7220534694101275e-18,0.5768764046884048,0.9999999999999999,0.9999999999999999,0.9999999999999999,14.103186039973057,7.172781546516252,17.946264603292903,0.01051214495108849,7.172781546516253,12.433827225765237,16.8784864723103,0.015287371455648593,0.02725544049012623,2767.674334859357,0.031250004197340385,0.20766861694173636,3152.34375,14.949036851141424,3.1788069011654057
B,12k_Drive_End_B014_0_185.mat,9.432558900623889e-18,0.5968771812587836,1.0,1.0,1.0,13.848869399857264,7.042787446468877,16.742400924779183,0.010404923333115058,7.042787446468877,11.799391344825741,15.686379429814158,0.015241928442303914,0.027280877023267668,2753.1372237741252,0.03125000214078339,0.19040257189835139,3164.0625,15.127420127694117,3.2150513825605436
B,12k_Drive_End_B014_0_185.mat,-1.431146867680866e-17,0.7755440111434789,1.0,1.0,1.0,8.091453758933948,4.6407721779838935,4.08334282981607,0.08879702974217996,4.6407721779838935,5.9838927401959285,7.103309956494319,0.01805001260790416,0.025509991683670217,2389.745378284494,0.03125000209354269,0.19184712759086486,1441.40625,11.40355460251635,2.636008943473509
B,12k_Drive_End_B014_0_185.mat,6.288372600415926e-18,0.7933442185915613,0.9999999999999999,0.9999999999999998,0.9999999999999999,7.389752779803644,3.982820216595799,3.4679173236850063,-0.0593657125179971,3.9828202165957993,5.020292734554205,5.899913323347449,0.01784825352615601,0.02565157603089863,2333.8656845502073,0.03125001610884247,0.20006201808005872,1441.40625,14.780051652178122,3.084171623513759
B,12k_Drive_End_B014_0_185.mat,-3.642919299551295e-17,0.7977631297803707,0.9999999999999999,0.9999999999999999,0.9999999999999999,6.763882600331305,3.6448387773963606,3.1171746228019077,-0.051208731695936247,3.644838777396361,4.568823302726222,5.384308380501823,0.017222092916703156,0.026076086719548728,2377.5362850176834,0.03125000452859139,0.18970038132635325,1441.40625,14.20791764933137,3.046099118151464
B,12k_Drive_End_B014_0_185.mat,1.0408340855860843e-17,0.797211564106194,1.0,1.0000000000000002,1.0,6.627224309084838,3.319552759560529,2.9545425404503343,-0.006013669883968908,3.319552759560529,4.163954600034304,4.922079389925686,0.01768043983972504,0.025767590327010623,2309.632095760888,0.03125006662691758,0.20830794889457036,1441.40625,15.31101316788984,3.158554406459236
B,12k_Drive_End_B014_0_185.mat,1.1275702593849246e-17,0.7911712548067122,0.9999999999999999,0.9999999999999999,0.9999999999999999,6.554891392407505,3.4812220324183603,3.115225877658554,0.03152663403541183,3.4812220324183607,4.400086594739648,5.217903804536407,0.017507712646446873,0.025885180413636365,2193.5900999659284,0.03125000107451294,0.21898411197287673,1441.40625,18.99052866023291,3.4268129480812837
B,12k_Drive_End_B014_0_185.mat,8.673617379884035e-18,0.7777786667561952,1.0,1.0,1.0,8.069814824226288,4.672216602122667,3.6324963758644913,0.08272265872210169,4.672216602122667,6.007128765319085,7.1854314243691935,0.018451693517054904,0.02522101295228201,2342.5088881683546,0.03125003180776786,0.19744860357286925,1441.40625,13.552526234982572,2.8544029000320768
B,12k_Drive_End_B014_0_185.mat,-6.938893903907228e-18,0.7655759200270214,1.0,1.0000000000000002,1.0,8.768795553752293,4.6152912837262035,4.224674324167272,0.1051306968110756,4.6152912837262035,6.028522009369501,7.253138565745269,0.01848640032071028,0.025195551416721414,2383.8306185039396,0.03125000492816297,0.16728124972785233,1441.40625,12.459432079936459,2.737516657366292
B,12k_Drive_End_B014_0_185.mat,-2.42861286636753e-17,0.7616143393853478,1.0,1.0,1.0,8.843700553172543,4.660865849810491,4.292914360883249,0.10468760742462029,4.660865849810491,6.11971913970526,7.381514441356035,0.01794755935170893,0.025582190756016317,2328.9244104417776,0.03125001392896204,0.17557489469659468,656.25,12.242083189572831,2.720518735426599
B,12k_Drive_End_B014_0_185.mat,1.0408340855860843e-17,0.7696441373919995,1.0,1.0,1.0,7.149504634637779,3.59206198988798,3.6410177739771097,0.09255780061840505,3.59206198988798,4.667172548159684,5.618612767215295,0.018833906399910404,0.024936896432568273,2338.411172426134,0.03125003734348525,0.16999156544386965,1441.40625,10.448735254571028,2.492429455294455
B,12k_Drive_End_B014_0_185.mat,1.1275702593849246e-17,0.7821863774301987,1.0,1.0000000000000002,1.0,6.945031240207173,3.740456984939166,3.5177808982488035,-0.05257576430757113,3.740456984939166,4.782053347986055,5.686905627861293,0.018532651753662414,0.02516154916624229,2197.201868816846,0.031250003799483846,0.17437390789580248,656.25,10.798828931331737,2.543036797483743
B,12k_Drive_End_B014_0_185.mat,3.469446951953614e-18,0.7918141098282343,0.9999999999999999,0.9999999999999999,0.9999999999999999,7.345350333461136,4.1563231625272,3.398849637119912,-0.1585432649750909,4.156323162527201,5.249114799720881,6.210117670393986,0.018351216032711427,0.0252941810721018,2115.236078265098,0.031250003615800076,0.1825686724264903,656.25,12.928093836741757,2.795431473856594
B,12k_Drive_End_B014_0_185.mat,2.1250362580715887e-17,0.8089956716094404,1.0,1.0,1.0,7.147062632203726,3.926572408451813,2.869588028907843,0.05004448460992218,3.926572408451813,4.853638339795034,5.663125595366654,0.017973950920302954,0.02556363811773537,2186.5296930481795,0.03125000008799987,0.16993663225159267,656.25,11.88270835373303,2.7375048098675823
B,12k_Drive_End_B014_0_185.mat,-1.3010426069826053e-17,0.8000584577251366,1.0,1.0,1.0,7.265983634077962,3.9919503106682726,3.0052350809205004,0.0479763483838543,3.9919503106682726,4.9895732894554605,5.863448077285886,0.018607883328348673,0.025105971091112688,2191.610642678281,0.03125000970222606,0.16214324240117628,1441.40625,10.932125483518803,2.5844044237441195
B,12k_Drive_End_B014_0_185.mat,8.890457814381136e-18,0.5896971096312585,1.0,1.0000000000000002,1.0,13.450372867894217,6.813541677916058,17.344938326252997,-0.2264437759361591,6.813541677916058,11.55430740058504,15.421956153729273,0.01710424496675617,0.026153539512424637,2568.679796212244,0.03125000519857174,0.16609791680041464,3304.6875,9.734674955658717,2.50293061374843
B,12k_Drive_End_B014_0_185.mat,-4.336808689942018e-18,0.6241166573143615,1.0,1.0,1.0,11.868059811433394,6.879337675028279,11.948782042335877,0.4145648176905696,6.879337675028279,11.022518938415745,14.65115930464704,0.016947730106547626,0.02625522700938124,2550.497052320854,0.03125000001725637,0.18946006042596075,3269.53125,13.077376808864141,2.86301129682456
B,12k_Drive_End_B014_0_185.mat,1.1709383462843448e-17,0.6193301305543749,0.9999999999999998,0.9999999999999997,0.9999999999999998,15.61169097761513,9.146053260604122,20.21179558656771,1.222226165002311,9.146053260604123,14.767654291932002,19.149869750873204,0.017875328048956772,0.025632696912350407,2436.5443884913266,0.03125000006173182,0.17606658568811534,3269.53125,11.341960371219978,2.6073983205664977
B,12k_Drive_End_B014_0_185.mat,-6.938893903907228e-18,0.8008601015983221,1.0,1.0,1.0,6.5574269112775445,3.583450372038456,3.0233634502539344,0.11781551662968376,3.583450372038456,4.474502306815835,5.247899421123153,0.017824058813852857,0.025668374607018648,2249.484029048273,0.03125000044105481,0.16401036322590248,656.25,10.737670767269606,2.6373761596338645
B,12k_Drive_End_B014_0_185.mat,-1.474514954580286e-17,0.7983992232918596,0.9999999999999999,0.9999999999999999,0.9999999999999999,7.063457625891401,3.7779263334388427,3.2445729980855877,-0.0755933985723398,3.777926333438843,4.7318762634339375,5.558692845142359,0.017442908673160243,0.025928906572978187,2319.429368459236,0.03125001214480468,0.17723802791900492,3269.53125,12.760887664846157,2.89039483843922
B,12k_Drive_End_B014_0_185.mat,-1.1275702593849246e-17,0.7668696084044097,0.9999999999999999,0.9999999999999998,0.9999999999999999,9.309328555020128,5.944431130465889,5.151976825754426,0.20543185230369163,5.9444311304658894,7.7515539347480376,9.246217656589868,0.018154493703389576,0.02543573979923267,2281.6488598128904,0.03125000001217089,0.16491876151845805,3281.25,11.107946120030066,2.626640432600426
B,12k_Drive_End_B014_0_185.mat,-9.540979117872439e-18,0.7521298681453801,1.0,1.0,1.0,9.580213231403832,6.002265439373373,5.688086394974442,0.3959485248808595,6.002265439373373,7.980357772752601,9.58968527304414,0.01865256360797638,0.025072786886649667,2288.1447029243236,0.031250004342607,0.16058641161028242,656.25,9.900130450853448,2.4556745126881374
B,12k_Drive_End_B014_0_185.mat,7.806255641895632e-18,0.7032535893627085,1.0,1.0,1.0,10.782676636883217,5.397845976252502,8.067210948494369,0.011192762626001981,5.397845976252502,7.675532777790802,9.530332752360819,0.016915353717882418,0.026276109408859653,2442.1179272793865,0.0312500098730775,0.2406711193439227,3257.8125,19.44287245238347,3.396484519755048
B,12k_Drive_End_B014_0_185.mat,6.5052130349130266e-18,0.7035761410873532,0.9999999999999999,0.9999999999999999,0.9999999999999999,10.647970226759641,5.335257706204004,7.798559958497669,-0.14407841017044623,5.335257706204005,7.5830566084269755,9.473584646361392,0.017817564441940582,0.0256728955830576,2383.8522578625825,0.031250010724178705,0.1551757390370788,3128.90625,9.927836672387162,2.536349462122723
B,12k_Drive_End_B014_0_185.mat,5.9631119486702744e-18,0.5703069392788018,1.0,1.0000000000000002,1.0,16.90942269126789,9.028763813821097,24.704511203255,0.8416271277846228,9.028763813821097,15.831411459307652,21.489470252404956,0.016570238555396716,0.026495093269784158,2556.0015071323633,0.031250004370516775,0.19633194124047118,3257.8125,13.808511595793924,2.9441342349594812
B,12k_Drive_End_B014_0_185.mat,6.505213034913027e-19,0.5747574493346588,0.9999999999999999,0.9999999999999999,0.9999999999999999,16.980309228388215,9.066363928184323,25.077955817720973,0.8710280504798262,9.066363928184325,15.774243445960687,21.111904443507346,0.0165404820733903,0.026513715888338726,2627.0128086048003,0.03125003483882364,0.21491498163698208,3269.53125,14.598925846011994,3.0216414818612276
B,12k_Drive_End_B014_0_185.mat,8.673617379884035e-19,0.7805556291712402,1.0,1.0,1.0,7.743361632607462,4.185612809326564,3.5115086224125105,0.0677399851702607,4.185612809326564,5.362350424364583,6.4114614827736585,0.017671071588759805,0.02577393666687984,2370.9464721666673,0.031250001318454484,0.17879336000189824,3152.34375,12.364681267285945,2.8363823352816104
B,12k_Drive_End_B014_0_185.mat,2.3418766925686896e-17,0.765637098020865,0.9999999999999999,0.9999999999999998,0.9999999999999999,8.403774995841395,4.350640641971223,3.9752168223249553,0.06801078738046247,4.350640641971224,5.682379619819128,6.858273429081283,0.017988454306933008,0.025553577543681347,2453.83233436147,0.03125011701791775,0.18764312130722946,3140.625,15.41503141330534,3.1651036020434398
B,12k_Drive_End_B014_0_185.mat,1.3444106938820255e-17,0.7455511682212579,1.0,1.0,1.0,10.148334735535862,5.340530105278118,5.739106050785874,-0.03341243741490757,5.340530105278118,7.163197286672622,8.677588148365215,0.017900037088620882,0.025615455261302083,2426.5640565625076,0.03125000601628377,0.16362951933910813,3328.125,12.591044034226021,2.836707260110664
B,12k_Drive_End_B014_0_185.mat,-2.6020852139652106e-18,0.7508598276544387,1.0,1.0,1.0,10.619166335729622,5.583208368564257,6.02307904421442,-0.022076327968161252,5.583208368564257,7.435753203104862,8.960095650936923,0.017671822327985177,0.0257734305939897,2402.5891770599183,0.03125000846360013,0.25451319566810804,3257.8125,20.636602042554966,3.3298203530211783
B,12k_Drive_End_B014_0_185.mat,-8.673617379884035e-19,0.8013094184839364,0.9999999999999998,0.9999999999999997,0.9999999999999998,5.879112373295625,3.0972774393927764,2.9438872195529715,0.035015460386696416,3.0972774393927773,3.865270228887078,4.544193865824861,0.017993041492760577,0.025550244693266198,2260.3906485925345,0.03125003273671855,0.1768968787719956,3257.8125,15.774396526657481,3.221678658586837
B,12k_Drive_End_B014_0_185.mat,-1.951563910473908e-17,0.794236452780742,1.0,1.0,1.0,6.1392056118700715,3.202360776166577,2.942806472347263,-0.04823094176360927,3.202360776166577,4.031999242737635,4.77658716458688,0.01777176378464341,0.02570461023317907,2223.4246675853647,0.03125000120410905,0.20738562364237184,656.25,18.654009257139272,3.4392504794366037
B,12k_Drive_End_B014_0_185.mat,3.469446951953614e-18,0.7931276234402556,1.0,1.0,1.0,6.4170247585647315,3.353225426010259,3.009229783399688,-0.000981584131100617,3.353225426010259,4.227851012760558,5.019474737697888,0.018566814064152136,0.025136382908179364,2268.011138292319,0.03125002928317683,0.21655999022991815,3292.96875,19.483472389063177,3.4099540123661223
B,12k_Drive_End_B014_0_185.mat,1.5612511283791264e-17,0.785698594950673,1.0,1.0,1.0,8.210959116211606,4.585475551675957,3.6978051220361645,0.024754626528252305,4.585475551675957,5.836176341850068,6.938620304293908,0.01863646519759514,0.02508481053643767,2339.825607608618,0.03125004887532417,0.21305693662865025,656.25,16.55695678962137,3.0859614083393345
B,12k_Drive_End_B014_0_185.mat,-2.6020852139652106e-18,0.7826214854996889,1.0,1.0,1.0,8.009604793572453,4.178713099446022,3.589746072836573,0.025240732539634353,4.178713099446022,5.339379478929068,6.354568506394399,0.017812935716564126,0.02567612290106859,2329.1779300627336,0.031250023457162796,0.2179725500866296,656.25,19.65349440693265,3.3939476365575847
B,12k_Drive_End_B014_0_185.mat,4.336808689942018e-18,0.7864574986980055,0.9999999999999999,0.9999999999999998,0.9999999999999999,8.67297337244117,4.495594762627628,3.6864068141342523,-0.030533703750166476,4.495594762627629,5.716259009635188,6.775840555536819,0.01823409500659466,0.025378769748890025,2319.546196896326,0.031250026794815644,0.21564868835514034,3222.65625,18.508859822088443,3.2665176117611137
B,12k_Drive_End_B014_0_185.mat,1.0408340855860843e-17,0.7615954705173695,1.0,1.0,1.0,9.625629610570634,4.825658880583891,4.7187783180714895,0.057189608033291074,4.825658880583891,6.336249449206557,7.595974694496799,0.016631302347973442,0.02645680472208503,2465.5558399483166,0.03125000374227574,0.22352576739278124,3140.625,19.840276957591854,3.617483472050621
B,12k_Drive_End_B014_0_185.mat,1.1275702593849246e-17,0.76592769824927,1.0,1.0,1.0,9.596069386152285,4.809423516253991,4.554901380550809,0.02821905650897725,4.809423516253991,6.279213465249003,7.504435290666893,0.018337251544033442,0.02530449199431008,2514.5702437139985,0.03125015374808994,0.20704581496908384,3175.78125,16.723072985905528,3.2610857220248923
B,12k_Drive_End_B014_0_185.mat,-9.540979117872439e-18,0.742461710849886,1.0,1.0,1.0,11.657070445688397,6.164379719133265,6.862170544810908,0.1518198196899072,6.164379719133265,8.302623056584268,10.048268977009243,0.01739920133336803,0.025958245255784832,2293.7431981279055,0.031250003260776656,0.18943507842735666,3257.8125,16.200732323892428,3.221304035238349
B,12k_Drive_End_B014_0_185.mat,1.691355389077387e-17,0.759646972621408,0.9999999999999999,0.9999999999999998,0.9999999999999999,11.158972674602591,5.90007372412539,5.917687748999417,0.197179113058884,5.900073724125391,7.766862683287309,9.296597361118394,0.01745964501691525,0.025917638866338813,2351.643293153844,0.031250011336360344,0.17839678156231326,3234.375,13.791556919748006,2.9987993159874793
B,12k_Drive_End_B014_0_185.mat,1.431146867680866e-17,0.7648831974950128,1.0,1.0000000000000002,1.0,9.039449594478743,4.785329491727173,4.709419538651095,-0.18328879096237946,4.785329491727173,6.2562878978111875,7.525873951461563,0.017989158705965368,0.02555294221595043,2419.293360472554,0.03125000298944164,0.16996602354953214,3375.0,10.89261476062268,2.595758940349088
B,12k_Drive_End_B014_0_185.mat,2.862293735361732e-17,0.7492009177572632,0.9999999999999999,0.9999999999999998,0.9999999999999999,9.673138206961216,5.117029255240959,5.55365261080903,-0.2842867838692164,5.1170292552409595,6.829982630772546,8.301266196995304,0.017755191007274438,0.025716059710101453,2412.8280045001447,0.03125000055549283,0.18723255133988953,3363.28125,13.763275738409641,2.9026761822482623
B,12k_Drive_End_B014_0_185.mat,1.734723475976807e-18,0.7524101777648544,0.9999999999999999,0.9999999999999999,0.9999999999999999,10.157047799853906,5.560375137022073,5.654921718952102,-0.007817058763154316,5.560375137022074,7.390084958100898,8.931564628517686,0.018042157858005226,0.02551554716328067,2289.4294937950867,0.03125000171543643,0.18039413723410558,421.875,12.695268157297063,2.7789805765441966
B,12k_Drive_End_B014_0_185.mat,-6.938893903907228e-18,0.7392232595942676,1.0,1.0,1.0,8.989732931491542,4.923135550504882,5.54832082467943,-0.02262014764363051,4.923135550504882,6.659876412989236,8.101769550135334,0.017445739014101097,0.02592699733086986,2353.656159251873,0.03125000800548797,0.17261934418716404,421.875,13.630547607571527,2.9576257390172995
B,12k_Drive_End_B014_0_185.mat,8.239936510889834e-18,0.7582974623037169,1.0,1.0,1.0,9.41354246052251,4.79243394146613,5.359633938348129,-0.04876139926201141,4.79243394146613,6.319992060776068,7.563530774235822,0.017805889693830172,0.025680986282849108,2320.687897361231,0.03125000422797942,0.18569655146701355,3246.09375,14.495979571747919,2.9559278699001332
B,12k_Drive_End_B014_0_185.mat,-1.734723475976807e-17,0.799267084232918,1.0,1.0,1.0,6.414241485365792,3.237950174835026,3.0685918455780223,0.07780165125714071,3.237950174835026,4.051149157409115,4.7676039223505535,0.018146053307094463,0.025441774570722633,2279.3181018821856,0.03125001030290042,0.1971759622750579,1441.40625,14.293661398742929,2.9949242947088774
B,12k_Drive_End_B014_0_185.mat,9.540979117872439e-18,0.8004907589450581,1.0,1.0,1.0,6.443708463380355,3.4340183945283047,3.054302648944854,0.047265067772234576,3.4340183945283047,4.289891364959529,5.027160018938182,0.018217912639427257,0.02539038155262863,2277.09023194445,0.031250021061206786,0.19179015138397174,1441.40625,12.206379255712712,2.725677568218163
B,12k_Drive_End_B014_0_185.mat,1.734723475976807e-18,0.7877441960662507,1.0,1.0,1.0,7.395481939119756,3.7899795053102343,3.508225229252922,-0.03154827179427141,3.7899795053102343,4.811180487569711,5.690772852420779,0.017657416713589134,0.025783309656772786,2314.1851889210707,0.03125001474966643,0.17993549023880265,1441.40625,13.711174869987646,2.980788379051074
B,12k_Drive_End_B014_0_185.mat,1.1275702593849246e-17,0.7566233712565392,1.0,1.0,1.0,9.763315235120611,5.135991360495918,4.891558828883932,0.04345995973950617,5.135991360495918,6.788042182686581,8.210799310365475,0.01653857533913724,0.02651487061319572,2494.1002313702124,0.031250005406124784,0.20659644312856804,3281.25,17.366703188070815,3.434574210860137
B,12k_Drive_End_B014_0_185.mat,7.15573433840433e-18,0.7612646467658077,0.9999999999999999,0.9999999999999999,0.9999999999999999,9.648667872726818,4.913062426617734,4.925169272950884,0.0042039031953985,4.913062426617735,6.453816616193354,7.739114077422367,0.016811159492570824,0.026342931799507755,2567.0704676056625,0.031250042228422203,0.17104958920840457,3164.0625,14.354753193933918,3.1849473744887855
B,12k_Drive_End_B014_0_185.mat,3.0357660829594124e-18,0.7560876649956502,1.0,1.0,1.0,11.044065672103027,6.004238234354978,6.2773449860928565,0.23905049049306928,6.004238234354978,7.941193213870935,9.479899609096496,0.01725542167683146,0.026054039314780262,2444.510257207093,0.03125000066978208,0.15399029225436506,3257.8125,12.447889127313326,2.8878604046834364
B,12k_Drive_End_B014_0_185.mat,-2.6020852139652106e-18,0.7499295023702321,1.0,1.0,1.0,11.49595214199102,6.746941829563358,7.326735093389315,0.41372311069938617,6.746941829563358,8.996768107187314,10.78976107712321,0.01705729293792311,0.026184190404851173,2403.431706868432,0.03125000911244062,0.2838854443054014,3246.09375,28.933942061189494,4.002799768655946
B,12k_Drive_End_B014_0_185.mat,1.5178830414797062e-17,0.6670075087756198,1.0,1.0,1.0,12.574941895007893,6.893546423350397,12.311018040585521,-0.48057204313159607,6.893546423350397,10.335035711973333,12.920085473502391,0.01677073901602397,0.0263686430624034,2563.2182971036373,0.03125000838553525,0.20311008599219754,3246.09375,16.398251340045057,3.282448677966006
B,12k_Drive_End_B014_0_185.mat,1.9081958235744878e-17,0.6881829451564685,0.9999999999999999,0.9999999999999999,0.9999999999999999,12.08458660420245,6.621315519369085,10.678301661323102,-0.3996174432641092,6.621315519369086,9.621446689388142,11.887299599547568,0.01647880800044947,0.02655206528316822,2569.7122754124944,0.03125001254267436,0.2259443794908479,3316.40625,20.346209834111903,3.610592645552034
B,12k_Drive_End_B014_0_185.mat,0.0,0.7942543489008362,0.9999999999999999,0.9999999999999999,0.9999999999999999,6.4149663879727346,3.234940976804042,2.9803836672413997,0.05098724428963881,3.2349409768040425,4.072928251863974,4.831563216435674,0.018407567863197857,0.02525320160415373,2351.6494589584795,0.03125000393437202,0.19599568893155278,1441.40625,13.005662939296846,2.741791500314381
B,12k_Drive_End_B014_0_185.mat,-5.204170427930421e-18,0.7688061062691194,1.0,1.0,1.0,7.499118483375659,3.824802122448944,3.866342484505892,-0.10600067768828342,3.824802122448944,4.974989260959483,5.983161463758178,0.018439011337905126,0.025230288710349852,2516.4232088414105,0.03125003372041382,0.17317560280514635,3292.96875,11.293623535307455,2.597794006594676
B,12k_Drive_End_B014_0_185.mat,-1.5612511283791264e-17,0.7714325131918476,1.0,1.0,1.0,7.421817044837722,3.7763187656183272,3.8272868651637837,-0.06929627258445474,3.7763187656183272,4.895203016519988,5.858858187632869,0.018002141130441757,0.02554380919303246,2469.916224898965,0.03125001237392383,0.16608938149993682,1441.40625,10.593778157378376,2.5930061105662774
B,12k_Drive_End_B014_0_185.mat,-1.0408340855860843e-17,0.7476144619217002,0.9999999999999999,0.9999999999999998,0.9999999999999999,12.385128028495348,6.3201297902294336,6.850726372979422,0.15368156791462645,6.320129790229434,8.453728642412697,10.222280545419082,0.018188026638261467,0.025411773013823864,2415.8479669282187,0.03125000033120345,0.1824567126840718,1441.40625,9.934693856704865,2.420802519893659
B,12k_Drive_End_B014_0_185.mat,2.6020852139652106e-17,0.7486180887750282,1.0,1.0,1.0,11.314820913685914,5.781445117924783,5.79453953077814,0.09215578227932404,5.781445117924783,7.722823165260438,9.389478049839557,0.01754322471021636,0.02586112462980571,2413.554200359728,0.031250000005623835,0.20320250250036842,3281.25,15.902015317807248,3.1153856663082613
B,12k_Drive_End_B014_0_185.mat,4.7704895589362195e-18,0.7889825146981098,1.0,1.0,1.0,7.411051637663059,3.7716800442341265,3.530276870401808,-0.00901451832869515,3.7716800442341265,4.780435528000634,5.647787371770519,0.017886851809255463,0.025624657152491685,2365.8553045971607,0.03125000034926414,0.18675486724327248,1441.40625,13.43121274192106,2.9003095086110617
B,12k_Drive_End_B014_0_185.mat,-3.5561831257524545e-17,0.80259670755858,1.0,1.0,1.0,6.343470285836874,3.2534318215501807,3.0079026079300384,-0.07193231852057629,3.2534318215501807,4.053632155365799,4.732528288937608,0.017445086638556765,0.025927442752410552,2404.5521182565035,0.031250013368097594,0.19019873489977426,1441.40625,14.945893524088191,3.135877046107516
B,12k_Drive_End_B014_0_185.mat,-1.9081958235744878e-17,0.7883489448598575,1.0,1.0,1.0,6.227538753287168,3.179899215075391,3.1844087023372607,-0.028311561353579255,3.179899215075391,4.033618914325651,4.785808838940809,0.01724584760140635,0.026060378502267296,2387.9313871976574,0.031250001394757865,0.2102288698497494,3257.8125,17.74581096971333,3.3828326390151773
B,12k_Drive_End_B014_0_185.mat,1.0842021724855044e-17,0.7950169135081937,1.0,1.0000000000000002,1.0,6.75396038510854,3.404310569981989,3.061247034051896,-0.03658700348876136,3.404310569981989,4.282060560145433,5.069441382642853,0.01793412046036017,0.025591598459853142,2328.3392782370233,0.03125000141467304,0.2057221005831472,1441.40625,15.28312731356629,3.0180248954211244
B,12k_Drive_End_B014_0_185.mat,1.0842021724855044e-18,0.7157585978008562,1.0,1.0,1.0,11.148713208421903,6.142770590968757,7.202132036716424,0.2603152937633757,6.142770590968757,8.58218205110244,10.594289935833721,0.016812066152026024,0.0263423089343593,2481.8351484633354,0.03125000493269281,0.2467534100326711,3246.09375,18.593821666776673,3.2963445010120074
B,12k_Drive_End_B014_0_185.mat,2.168404344971009e-19,0.7144133440738956,1.0,1.0,1.0,10.819695261130429,5.961425327562734,6.706208055981246,0.1999610760510638,5.961425327562734,8.344504448318524,10.408919344571496,0.017011064977666985,0.026214249295755478,2520.3467344220808,0.031250011165028804,0.2464310733560413,3246.09375,19.000885061638723,3.3266603357245765
B,12k_Drive_End_B014_0_185.mat,2.6020852139652106e-17,0.7872629513992134,1.0,1.0000000000000002,1.0,6.785474797779272,3.654774578857629,3.1884796940812272,-0.06670202129331812,3.654774578857629,4.642381014325578,5.544593708863735,0.017940809092912728,0.025586961204932954,2448.7601441936968,0.03125004343374716,0.2101084539294623,3246.09375,17.01617742212448,3.212598068929244
B,12k_Drive_End_B014_0_185.mat,-1.3444106938820255e-17,0.6509097499635458,0.9999999999999999,0.9999999999999999,0.9999999999999999,15.211931518675534,7.797843451964403,17.60158078271801,0.12820464110191238,7.797843451964404,11.979914961177217,15.16093457990349,0.01640519784086639,0.02659760270327505,2723.010470160818,0.03125000777214674,0.18011558799690583,3304.6875,15.622241087367168,3.2888802714593623
B,12k_Drive_End_B014_0_185.mat,-8.239936510889834e-18,0.6390858168313184,1.0,1.0,1.0,15.425563231198282,7.9116250803620405,18.581725470047438,0.1265312706539957,7.9116250803620405,12.379597343575927,15.796673215564995,0.01705144350144764,0.02618800484322648,2700.078958215676,0.03125001317042785,0.18936417012061144,3281.25,13.450256231871768,3.004857300425792
B,12k_Drive_End_B014_0_185.mat,2.8189256484623115e-17,0.8090191767682713,1.0,1.0,1.0,7.177819691363414,3.905207200990282,2.9497929564300747,0.034377458919504,3.905207200990282,4.827088545156769,5.618086842847404,0.018556262844047714,0.02514417446513561,2366.3765774112444,0.03125003040431422,0.18947049570434496,1441.40625,12.659942150663927,2.766296068030624
B,12k_Drive_End_B014_0_185.mat,3.469446951953614e-18,0.8098663530701179,0.9999999999999999,0.9999999999999998,0.9999999999999999,6.643397367658139,3.531176853152865,2.933764868798165,0.13991060223171717,3.5311768531528656,4.360197012465756,5.088891518125187,0.01786957263026319,0.02563670951536346,2375.131551748388,0.031250000012214056,0.18060561475556383,1441.40625,11.577582122480806,2.715864143204013
B,12k_Drive_End_B014_0_185.mat,-2.688821387764051e-17,0.7846174614745517,1.0,1.0,1.0,6.505732751810217,3.324161848514925,3.3108356710791176,-0.01323924123627751,3.324161848514925,4.236665651396214,5.065307191755845,0.017496303945494743,0.025892891983181905,2462.156205163126,0.03125000011209377,0.1658915692598956,3234.375,11.777824190232842,2.76773927729695
B,12k_Drive_End_B014_0_185.mat,7.37257477290143e-18,0.7880112236846474,0.9999999999999998,0.9999999999999997,0.9999999999999998,6.253673453903687,3.1940900927909937,3.086581782795066,-0.06177295566820554,3.1940900927909945,4.053356090355929,4.837342940998862,0.01758523678802605,0.02583257961974813,2415.2159176491164,0.03125000356322494,0.2292776146648632,3234.375,16.84825370332165,3.125065113601612
B,12k_Drive_End_B014_0_185.mat,-8.673617379884035e-18,0.7925781909086834,0.9999999999999999,0.9999999999999998,0.9999999999999999,5.950445648111199,3.0759578573223987,2.998281842497596,0.010891621422455495,3.075957857322399,3.8809519270216635,4.6057367347414315,0.01883667568782215,0.024934811662357604,2392.2208264414808,0.03125004293765746,0.18447948760610292,1441.40625,10.755728798620979,2.5035669521036623
B,12k_Drive_End_B014_0_185.mat,-3.469446951953614e-18,0.7923156771681905,0.9999999999999999,0.9999999999999999,0.9999999999999999,6.586967981453886,3.545619361783161,3.080247250887473,0.08252580167366805,3.5456193617831615,4.475008464373105,5.2993546300359435,0.017925599196911245,0.025597569388737616,2357.4997034908392,0.03125000264287256,0.19207902578093558,1441.40625,13.07133808250618,2.87034366756842
B,12k_Drive_End_B014_0_185.mat,2.2551405187698492e-17,0.7898291729407956,1.0,1.0,1.0,6.634044393931997,3.5759513405259535,3.140791542089586,-0.007468770616091559,3.5759513405259535,4.52749969618304,5.3679780230384395,0.017437475677172624,0.025932548663230567,2331.216919512745,0.03125000221060485,0.19739704235835465,1441.40625,16.483583817179873,3.22992601315343
B,12k_Drive_End_B014_0_185.mat,1.6479873021779667e-17,0.8032087729170116,1.0,1.0,1.0,6.163010754345036,3.1396781687286377,2.8963665517711554,-0.05641463688609647,3.1396781687286377,3.9089191684576288,4.5970896769763785,0.017570103558184245,0.02584287263077931,2254.7926913409115,0.031250001677695975,0.21271427416872996,1441.40625,14.081975078088506,2.9118093585435774
B,12k_Drive_End_B014_0_185.mat,-8.673617379884035e-18,0.7807354530249775,1.0,1.0,1.0,9.5615368745939,5.138827295213841,4.053230352358363,-0.12190194840093008,5.138827295213841,6.582033997948135,7.832463848682093,0.017204784310686255,0.026087512809416513,2409.7672679917896,0.031250006844138555,0.17974505844288602,1441.40625,13.018443775155587,2.95788388856208
B,12k_Drive_End_B014_0_185.mat,-1.2576745200831851e-17,0.7709226566095425,1.0,1.0000000000000002,1.0,9.036618400903896,4.858286967781253,4.027693902296933,-0.15692474962367906,4.858286967781253,6.301912294480511,7.572904147783314,0.01701695223607642,0.02621041465972807,2467.8664213652505,0.031250000000636706,0.16453849151126484,1441.40625,13.447104408618983,2.989172832967149
B,12k_Drive_End_B014_0_185.mat,1.9081958235744878e-17,0.780329284175094,1.0,1.0,1.0,7.697934845767332,4.0119850378762,3.6543540113900583,0.03229309065458485,4.0119850378762,5.141400072044422,6.116588719472773,0.017795102421429017,0.025688457323062096,2356.407388142545,0.031250000157246896,0.19800165429865083,1441.40625,13.04176728437703,2.7637825729182772
B,12k_Drive_End_B014_0_185.mat,-1.6479873021779667e-17,0.7953067099954074,0.9999999999999999,0.9999999999999999,0.9999999999999999,7.335167378423915,3.725052848485645,3.1353144248223805,0.09139229743214031,3.7250528484856456,4.683794065445714,5.529417662010647,0.01816180617604378,0.02543056465207898,2398.162352476791,0.031250037153573926,0.1980370802435748,1441.40625,13.459523649210023,2.8819771652273865
B,12k_Drive_End_B014_0_185.mat,5.204170427930421e-18,0.8046259323829598,1.0,1.0,1.0,6.3550497652170606,3.5300117430018614,2.8301551417907955,0.008421503269223328,3.5300117430018614,4.38714637564249,5.1581529489588265,0.017362274400218293,0.02598295472185628,2373.149247170371,0.03125000013482414,0.19335091986393435,1441.40625,16.090903227213616,3.228219951864527
B,12k_Drive_End_B014_0_185.mat,2.7321894746634712e-17,0.8008978783995575,1.0,1.0,1.0,6.454299340643904,3.3100220491638104,2.8830230699395427,-0.03198298254110582,3.3100220491638104,4.132889021729289,4.877970863328823,0.017506266645794064,0.025886186212092068,2365.239145107745,0.03125002413568264,0.19681017499410405,3257.8125,18.056035512300454,3.4157548299215446
B,12k_Drive_End_B014_0_185.mat,-8.239936510889834e-18,0.7895572416617522,0.9999999999999999,0.9999999999999998,0.9999999999999999,6.9626662042007545,3.5381475370577253,3.283313347845365,0.053966930214859515,3.5381475370577258,4.481179261444193,5.321265569904462,0.0181279720354071,0.025454690537158868,2385.195498341015,0.03125003424732567,0.19488422680698347,1441.40625,15.3592635099333,3.072929182104614
B,12k_Drive_End_B014_0_185.mat,-4.336808689942018e-19,0.7669765529034219,0.9999999999999999,0.9999999999999999,0.9999999999999999,8.532376055336327,4.907813856290366,4.2587633104055325,0.08254246727297468,4.907813856290367,6.3989098984990225,7.64453198148297,0.017510696733057343,0.02588316088020947,2367.5751408256915,0.031250000275646575,0.18224030231269858,1441.40625,13.51178506628101,2.935385402651503
B,12k_Drive_End_B014_0_185.mat,2.0816681711721685e-17,0.7695993506206986,1.0,1.0,1.0,8.882825959429052,5.108668033974109,4.367153970518288,0.00885005581127993,5.108668033974109,6.63808776586656,7.925839513350559,0.017227053108616587,0.026072806349921533,2287.4910878794026,0.03125000143628164,0.19114150568667743,1441.40625,16.229111861249553,3.284485649972628
B,12k_Drive_End_B014_0_185.mat,2.168404344971009e-18,0.7083228757593409,1.0,1.0,1.0,12.371451533094735,6.375272352621377,8.162173411704392,0.02303814618315474,6.375272352621377,9.000517378161641,11.168260191612287,0.018775350754520477,0.024981208027205142,2658.8719506493453,0.03125019280666555,0.17228364151205036,3292.96875,11.953408970586933,2.7790877447420423
B,12k_Drive_End_B014_0_185.mat,2.2551405187698492e-17,0.7149779467747764,1.0,1.0,1.0,11.58280655633745,5.969764820358202,6.979599423940819,0.08756646668912366,5.969764820358202,8.349578958746156,10.375525320256248,0.01700974149269096,0.02621511381868514,2597.7063977470516,0.03125001597079254,0.19510387617971922,3339.84375,13.972414413393434,3.033852027747748
B,12k_Drive_End_B014_0_185.mat,-9.540979117872439e-18,0.7720158314048633,1.0,1.0000000000000002,1.0,9.42367934490076,5.584680760938875,4.522396571170191,0.1979258582552946,5.584680760938875,7.233894090975107,8.612832281936734,0.018239467023294417,0.025375083479200422,2453.9341435922206,0.03125016830147055,0.17593567262553547,1441.40625,15.442177250237203,3.1989700060535524
B,12k_Drive_End_B014_0_185.mat,5.204170427930421e-18,0.8096660834801218,1.0,1.0,1.0,6.684257745232339,3.747346982484892,2.8293624021521593,0.013634279137677976,3.747346982484892,4.628262266313509,5.3917419645501825,0.017164484134235915,0.026114043034246158,2252.9973519070686,0.03125000414702207,0.22823281202768608,656.25,24.462873357249556,3.9307994412960405
B,12k_Drive_End_B014_0_185.mat,-2.3418766925686896e-17,0.8048160489303035,1.0,1.0,1.0,6.687271816420926,3.8092554196995225,2.8950690109901487,0.00636514724575471,3.8092554196995225,4.733075868408038,5.539576038545002,0.017866643511661444,0.025638821980517267,2299.938878503704,0.03125005828668883,0.2043565425391592,656.25,17.512519201497167,3.294662979453392
B,12k_Drive_End_B014_0_185.mat,-4.336808689942018e-18,0.8057115986828158,1.0,1.0000000000000002,1.0,6.26352588908367,3.4898144617962346,2.8735516835720505,-0.12701789519367646,3.4898144617962346,4.331344450671199,5.06437547689678,0.01788902423215214,0.025623140211997644,2232.4952852722054,0.03125000003683547,0.20622445885071428,656.25,14.328861997990288,2.9051087130243842
B,12k_Drive_End_B014_0_185.mat,1.8214596497756474e-17,0.798868093551445,1.0,1.0000000000000002,1.0,6.864984938464232,3.4990439254049166,3.0260461840805073,-0.07307717511168588,3.4990439254049166,4.380002097529744,5.1664583823948185,0.017763013375893554,0.02571067153405428,2256.140220944859,0.031250012398784784,0.20764551064724737,656.25,15.014382617907492,3.0235074935016746
B,12k_Drive_End_B014_0_185.mat,2.42861286636753e-17,0.7951734607336287,1.0,1.0,1.0,6.558319137509217,3.5375751055228513,3.051661439054474,0.08426973662876858,3.5375751055228513,4.448809323011204,5.266598937112946,0.017976381444578002,0.02556193448207102,2180.135001838762,0.031250004548906224,0.1759672065545905,656.25,11.9249093021943,2.7284625708151764
B,12k_Drive_End_B014_0_185.mat,-1.734723475976807e-18,0.7922447580981791,1.0,1.0,1.0,7.099105155445196,4.1008044109889985,3.167225061121154,0.1469972868366089,4.1008044109889985,5.176183709732801,6.1409105604199015,0.017406343812377368,0.025953469834171076,2125.681223470759,0.03125001442156332,0.20211634407881265,656.25,15.366422505310606,3.152519295590022
B,12k_Drive_End_B014_0_185.mat,-1.734723475976807e-17,0.7856501122674593,1.0,1.0,1.0,7.4318978193157035,4.248602064026261,3.3120958830213283,0.02729530264662411,4.248602064026261,5.407753397710846,6.450219438058532,0.018361554971320776,0.02528669814364647,2089.1892234232832,0.03125002086355669,0.18360493715725346,656.25,14.391176302793511,2.98174094251537
B,12k_Drive_End_B014_0_185.mat,-2.8189256484623115e-17,0.781715917202775,1.0,1.0,1.0,7.509217018953564,4.153848932325238,3.4313267553613644,-0.01547901425493501,4.153848932325238,5.313757646369814,6.328568583766545,0.017995057088303325,0.02554880874031802,2185.400423016392,0.03125001932256437,0.17530743021760972,656.25,12.979283807038456,2.845180286755443
B,12k_Drive_End_B014_0_185.mat,1.8214596497756474e-17,0.7947901409050921,1.0,1.0,1.0,7.067505551772396,3.9052930501840346,3.1389586525291033,0.09174752300870515,3.9052930501840346,4.913615367368246,5.785482208532394,0.01792974460890861,0.02559466364200081,2167.4346596247033,0.03125000077900552,0.21035326110465608,3281.25,15.51665553178437,3.0116584175625456
B,12k_Drive_End_B014_0_185.mat,9.540979117872439e-18,0.6552871761141537,0.9999999999999999,0.9999999999999998,0.9999999999999999,13.989788938740295,8.406935648323602,16.793216219178337,0.5704520894381974,8.406935648323604,12.829391379481352,16.15595649829313,0.01712171954605047,0.026142105895441775,2478.308285945726,0.03125000769379263,0.24627733161139925,3281.25,19.514379533441925,3.3610161557713503
B,12k_Drive_End_B014_0_185.mat,1.3010426069826053e-18,0.6851830798455153,1.0,1.0,1.0,12.008894883261837,7.216805795489409,10.469560672524043,0.372787311067846,7.216805795489409,10.532667848593904,13.264299202681762,0.016507149642501908,0.026534440777808862,2489.262883201252,0.03125000058737594,0.23521734222943827,3269.53125,19.859269529072176,3.502438975511205
B,12k_Drive_End_B014_0_185.mat,-1.9081958235744878e-17,0.6876198747368574,1.0,1.0,1.0,10.726688714517906,5.512767360940249,7.411491144366477,0.1371292397194354,5.512767360940249,8.017172806486883,10.240766840742559,0.01696726630660747,0.026242633640637985,2400.96131938669,0.03125002314104874,0.1774549401617926,3140.625,12.597185857445151,2.843317730196383
B,12k_Drive_End_B014_0_185.mat,9.107298248878237e-18,0.6505415975228702,1.0,1.0,1.0,11.257692998633743,5.77393225026282,9.575031069536497,0.05217253053898731,5.77393225026282,8.875577322416854,11.65630982473762,0.01730650768038281,0.026020133633942007,2350.3182202680973,0.03125000099870957,0.1743064730946677,3152.34375,9.232479339092295,2.3852722363871903
B,12k_Drive_End_B014_0_185.mat,1.1492543028346347e-17,0.531465526621525,0.9999999999999999,0.9999999999999998,0.9999999999999999,16.542986421494096,9.454995286717573,25.78465931799773,0.6403904132670676,9.454995286717574,17.790420663447474,24.56502090712591,0.016622058935217246,0.026462640381452372,2547.7342500419404,0.031250026867251,0.17406980337099076,3234.375,15.898512954096335,3.3424036153035757
B,12k_Drive_End_B014_0_185.mat,-3.2526065174565133e-18,0.5706883390019892,0.9999999999999999,0.9999999999999998,0.9999999999999999,15.785983983295505,9.021988910987174,21.264669553595766,0.6123674929270678,9.021988910987176,15.808959627184052,21.439485138325644,0.01562551589316801,0.02706299610853167,2455.707417521986,0.03125000008476874,0.22583513379165254,3246.09375,19.835720337178206,3.685515085548628
B,12k_Drive_End_B014_0_185.mat,-1.734723475976807e-18,0.7119969525872659,1.0,1.0,1.0,8.29366752741598,4.56710446374911,5.422659400359123,0.13749156953877795,4.56710446374911,6.414500015980535,8.055979333736266,0.01740103341928061,0.025957083391062643,2281.043425610536,0.03125005827561768,0.18526365831721395,3222.65625,15.210450986147315,3.1550106007777576
B,12k_Drive_End_B014_0_185.mat,6.7220534694101275e-18,0.722957909453166,1.0,1.0,1.0,10.092346449563934,5.556038603515346,6.680505831490566,0.015838658021852497,5.556038603515346,7.6851480990336585,9.424737931756653,0.018165829104761742,0.025427653038276887,2238.235368499368,0.0312500061775738,0.1777849260535736,3128.90625,9.104457885726957,2.3039259174713558
B,12k_Drive_End_B014_0_185.mat,-4.9873299934333204e-18,0.5900149386376614,1.0000000000000002,1.0000000000000004,1.0000000000000002,12.997068423583775,7.741956331149279,15.601844415791136,0.8333654185100036,7.741956331149277,13.121627647302251,17.709686307747948,0.017595545262252186,0.025825566126805036,2475.4777692941707,0.03125000926153375,0.1471557179904324,3292.96875,8.583282050423765,2.341437644176332
B,12k_Drive_End_B014_0_185.mat,1.6046192152785466e-17,0.6008685348906351,1.0,1.0,1.0,10.9465189655237,6.520716761922291,10.682247612543614,0.480929987040127,6.520716761922291,10.852152148571294,14.849616554453311,0.01639294918443725,0.026605153615899477,2534.4168907873122,0.031250007710225465,0.17464002578850454,3257.8125,13.72590320822552,2.9836678193135278
B,12k_Drive_End_B014_0_185.mat,1.3444106938820255e-17,0.61085404366044,1.0000000000000002,1.0000000000000004,1.0000000000000002,12.4348824048665,6.341349043986321,13.969845793494148,-0.15804613346225535,6.34134904398632,10.381119859642501,13.641287553156943,0.015964428312803234,0.026864475560180796,2410.32952557001,0.031250008295649855,0.21044939529712506,3140.625,15.88443627193887,3.2613677776590912
B,12k_Drive_End_B014_0_185.mat,1.6479873021779667e-17,0.7772453752116579,1.0,1.0000000000000002,1.0,8.149184830702197,4.4275001717678135,3.7551534831657962,-0.07566822818465613,4.4275001717678135,5.696399506477765,6.826074370218614,0.018232996644452347,0.025379565228693123,2168.1233698450415,0.031250031965329245,0.19869984280399286,656.25,14.804911034136115,2.9820158801033574
B,12k_Drive_End_B014_0_185.mat,-2.0816681711721685e-17,0.78611034927605,1.0,1.0000000000000002,1.0,6.877461919289322,3.7665446789908716,3.376531812575613,0.18834578746042183,3.7665446789908716,4.791368899365825,5.690922712418706,0.01805393444187843,0.02550722534194553,2164.8355254272215,0.031250009495621484,0.1866494181808981,656.25,13.635188233136388,2.8525381323177887
B,12k_Drive_End_B014_0_185.mat,-1.0842021724855044e-18,0.576257805274227,0.9999999999999999,0.9999999999999999,0.9999999999999999,14.913802312816465,7.4858724516370465,20.51237711970021,0.09020127060502216,7.485872451637047,12.990492073377997,17.192369198023975,0.01639400324397078,0.026604497963050627,2568.073935128429,0.03125000246766853,0.18391698268463447,3164.0625,12.150800324733517,2.838736517945693
B,12k_Drive_End_B014_0_185.mat,-6.938893903907228e-18,0.595100460573607,1.0,1.0,1.0,14.095694319286853,7.072036355415559,16.842802596103557,0.0813767165307839,7.072036355415559,11.883768916258182,15.82585805570408,0.01677590150707494,0.02636539543251707,2621.6575236565486,0.0312500391629846,0.16982907523150836,3281.25,13.118959720266146,2.959517801260771
B,12k_Drive_End_B014_0_185.mat,-8.239936510889834e-18,0.7487729247688502,1.0,1.0,1.0,9.465856119499353,5.329520511883723,4.864396743493263,-0.061023757432237855,5.329520511883723,7.117672575472694,8.69087947276805,0.017850688434934096,0.02564986952285519,2352.4658255951667,0.03125000614624875,0.20404206405948058,3269.53125,14.740759222387526,3.004720801053402
B,12k_Drive_End_B014_0_185.mat,2.168404344971009e-18,0.7718693759120244,0.9999999999999999,0.9999999999999999,0.9999999999999999,8.557148195305235,4.678492640935409,3.865836315704911,-0.10314311850808223,4.67849264093541,6.061249204773025,7.315396533940323,0.018117357506632563,0.02546233013373811,2331.2756463906157,0.03125010238163394,0.22259830195530472,3257.8125,17.968014502193196,3.3035372376846097
B,12k_Drive_End_B014_0_185.mat,1.1709383462843448e-17,0.78134484378628,1.0,1.0000000000000002,1.0,7.839557853774314,4.206934278852038,3.589672398508636,0.05863319504162334,4.206934278852038,5.384222232101597,6.447776776451822,0.017719604395400837,0.025740593512087243,2244.3768894250384,0.03125000054854426,0.15582143958974326,3269.53125,10.571071325014733,2.642333570960737
B,12k_Drive_End_B014_0_185.mat,-3.903127820947816e-18,0.7664934414523368,1.0,1.0,1.0,8.445316189259746,4.680777581629979,4.310523347130561,-0.0018603023449353454,4.680777581629979,6.106741856474248,7.33124085338035,0.018076006575970062,0.02549157681915212,2249.131788455027,0.031250000039379944,0.18410989180103454,656.25,11.275309970452454,2.6314875577283465
B,12k_Drive_End_B014_0_185.mat,5.204170427930421e-18,0.7290891028322644,1.0,1.0,1.0,9.566475636880117,4.9721828918856,5.644084683113431,-0.055566107539606904,4.9721828918856,6.819719116045422,8.382393395954663,0.018541499790634998,0.025155044510997676,2381.4805911856206,0.03125001566137835,0.20397529554312382,656.25,12.029116485236127,2.583806070565206
B,12k_Drive_End_B014_0_185.mat,-1.3660947373317356e-17,0.6649164867276427,1.0,1.0,1.0,11.959675037340531,6.403044463947118,9.609227804040074,-0.20415312234769187,6.403044463947118,9.62984764516732,12.409982993953749,0.015654507889078025,0.027046244753851187,2659.952255109139,0.03125000756054995,0.20357852227183318,3281.25,15.229908093276242,3.2381351854670553
B,12k_Drive_End_B014_0_185.mat,1.734723475976807e-18,0.6767652858151114,1.0,1.0,1.0,11.703294351425006,6.263704829180304,9.029840191869061,-0.21785731481733045,6.263704829180304,9.255357744356163,11.819171532891744,0.015692393845344425,0.0270242757500559,2658.481732588296,0.031250003270599236,0.1653335297424105,3128.90625,12.421460900784572,2.9820059139521238
B,12k_Drive_End_B014_0_185.mat,1.5178830414797062e-17,0.704986369290141,1.0000000000000002,1.0000000000000004,1.0000000000000002,10.013714139212361,5.384997896000668,6.594777690992986,-0.10368510167389196,5.384997896000667,7.6384425721916935,9.56151668148235,0.01687943119613567,0.02629926602301316,2601.8637160294957,0.03125006545360013,0.15573567700659097,3316.40625,12.520740350823093,2.904590277397696
B,12k_Drive_End_B014_0_185.mat,-9.324138683375338e-18,0.719359951192306,1.0,1.0000000000000002,1.0,9.421406380328689,4.830367472492231,6.252918878354729,-0.006367262039537965,4.830367472492231,6.714812889550105,8.278228015180547,0.015680083552607704,0.02703142060934783,2655.896979660732,0.03125000352601953,0.24369740056079603,3316.40625,20.366180513455436,3.5743998568287103
B,12k_Drive_End_B014_0_185.mat,-1.3444106938820255e-17,0.7479855377740956,1.0,1.0,1.0,8.448691800367776,4.330689489558739,4.57303856757963,0.06271326654783156,4.330689489558739,5.789803774076018,7.070363713298651,0.01575170621797524,0.026989800152516816,2661.782534680374,0.03125004897676477,0.24705976324520654,3328.125,26.529169146011128,4.2090656366990755
B,12k_Drive_End_B014_0_185.mat,1.474514954580286e-17,0.7394362382114776,1.0,1.0,1.0,8.195572863207394,4.7825811875745465,4.478150586568569,0.09354679447053799,4.7825811875745465,6.467875038343381,7.96971878251948,0.016740727233367517,0.026387722013431873,2575.065062723563,0.03125002114175557,0.17292718201263563,3292.96875,13.00586038214556,3.013122318756037
B,12k_Drive_End_B014_0_185.mat,6.071532165918825e-18,0.6629078019837893,1.0,1.0000000000000002,1.0,10.31250716933532,5.325302263437348,8.384261134838857,-0.05842080657171374,5.325302263437348,8.033247229103472,10.324118859682459,0.016629789905091088,0.02645776124952834,2603.7394550763565,0.031250008681991,0.17185943712553167,3246.09375,11.541680845326903,2.755635704010624
B,12k_Drive_End_B014_0_185.mat,1.22514845490862e-17,0.683240732338583,1.0,1.0,1.0,9.296941052756168,4.801491590721598,6.405520278520851,-0.05400779455146112,4.801491590721598,7.027525385214004,9.037280936506827,0.01642971982515021,0.02658245321987798,2596.8621150752097,0.03125000020351896,0.17557276020882556,3128.90625,14.05884965760959,3.045684255592354
B,12k_Drive_End_B014_0_185.mat,-3.0357660829594124e-18,0.7107772321057626,1.0,1.0000000000000002,1.0,8.588446976861173,4.581712401611817,5.056659395449001,0.21207404411495198,4.581712401611817,6.446059601596897,8.183036187918962,0.01670790229821073,0.02640853572085607,2627.1296850934086,0.0312500361299997,0.1894015148587844,3292.96875,15.116599860288371,3.1972241469308
B,12k_Drive_End_B014_0_185.mat,-1.3986208025063007e-17,0.7070371558696749,0.9999999999999999,0.9999999999999999,0.9999999999999999,9.126296410367562,4.867719814346348,5.738312403176986,0.25247288390051287,4.867719814346349,6.884673279099343,8.686091750193357,0.016429500111730794,0.02658261473622666,2636.9410692497027,0.03125002208216847,0.20290390602600547,3292.96875,14.901795054683316,3.1320919618831717
B,12k_Drive_End_B014_0_185.mat,-7.806255641895632e-18,0.6924279436739649,1.0,1.0,1.0,11.483900690466198,6.470755263495935,8.422381942593175,0.0030672483519558896,6.470755263495935,9.345023294644418,11.711639865140468,0.016944089115119073,0.02625759666722853,2646.0147999988544,0.03125001661887474,0.18358895014996526,3210.9375,15.60615845016911,3.1764050072083543
B,12k_Drive_End_B014_0_185.mat,0.0,0.68345183018931,1.0,1.0000000000000002,1.0,10.318954405082303,5.817253583532412,7.336594696875535,0.05117699701350448,5.817253583532412,8.511578031653064,10.83131222706187,0.016703609203133723,0.026411236309521552,2659.5196674836,0.03125002342092568,0.18729401252363778,3257.8125,14.856494846256028,3.098294175792808
B,12k_Drive_End_B014_0_185.mat,1.1275702593849246e-17,0.6429634015596432,1.0,1.0000000000000002,1.0,10.527834738497116,6.303689849920334,9.742144419863418,0.734334841807356,6.303689849920334,9.804119230782666,12.999171629166204,0.01703670103347141,0.02619759219838573,2542.007905444878,0.0312500083055478,0.19679806815772505,3257.8125,13.318010146921093,2.8870228528412962
B,12k_Drive_End_B014_0_185.mat,1.431146867680866e-17,0.6201472088011224,1.0,1.0,1.0,11.14656627189052,6.673609396039102,11.729774971688133,0.8621467300092472,6.673609396039102,10.761331021614401,14.391854975927318,0.01694913656121322,0.026254319093236864,2527.7379215720734,0.0312500000195225,0.18670102766480293,3246.09375,11.757159128437578,2.7142872520181505
B,12k_Drive_End_B014_0_185.mat,-7.15573433840433e-18,0.625680958073872,1.0,1.0,1.0,11.385515628531028,5.9601677212839554,10.732520654835419,0.02411502931443335,5.9601677212839554,9.52588958377771,12.629542939726514,0.014907796009307334,0.027464904084794982,2648.9379364478477,0.03125001341187084,0.1979069736221313,3257.8125,21.6603198124816,4.027745027084292
B,12k_Drive_End_B014_0_185.mat,2.168404344971009e-19,0.6439013984175705,0.9999999999999999,0.9999999999999998,0.9999999999999999,10.628280118500342,5.560924077781214,8.614242898795776,0.023745543705954924,5.560924077781215,8.63629756271309,11.509866671633942,0.014862024011137759,0.027489732879507296,2685.1229178217536,0.03125004274387957,0.2474851859301456,3269.53125,28.420888354850383,4.512586919490455
B,12k_Drive_End_B014_0_185.mat,-1.1709383462843448e-17,0.7392367477026223,1.0,1.0000000000000002,1.0,6.755124132608348,3.398884035377218,3.819915038388101,0.04619999074443193,3.398884035377218,4.597828836215418,5.740416559569055,0.016765738843797538,0.026371829648161163,2607.8728960868,0.03125001436751756,0.20399326020347774,3128.90625,16.352984762627827,3.1766048674064953
B,12k_Drive_End_B014_0_185.mat,-4.119968255444917e-18,0.7215382409962553,1.0,1.0000000000000002,1.0,7.144461598935779,3.5964988224785652,4.259930341651696,0.02931774905603858,3.5964988224785652,4.984488164498035,6.303672403470812,0.017030771788807082,0.026201469044441882,2613.95107961642,0.03125002668493698,0.1858494499843709,3328.125,12.54146031945002,2.829289096848867
B,12k_Drive_End_B014_0_185.mat,1.3227266504323154e-17,0.7314670380555935,0.9999999999999999,0.9999999999999999,0.9999999999999999,7.453715372084144,4.336248548581394,4.370697306090815,-0.011973015401174271,4.336248548581395,5.928153044473655,7.387230620922952,0.01751693279328419,0.02587894653192002,2492.456857614765,0.03125000492938217,0.2288390737947299,3257.8125,20.37838780469719,3.3798351378545823
B,12k_Drive_End_B014_0_185.mat,5.637851296924623e-18,0.7429355947659274,1.0,1.0,1.0,7.105470775891838,3.6614897194931744,4.329379820012136,0.037396364399542095,3.6614897194931744,4.928407987568263,6.056805879691815,0.017462904037748306,0.025915437516733784,2518.822603908112,0.031250006705844706,0.17367070707744256,3246.09375,14.746569072508912,3.065534227202973
B,12k_Drive_End_B014_0_185.mat,1.8214596497756474e-17,0.7653120577418617,1.0,1.0,1.0,7.459314819643983,3.82878739166206,3.9424485705267336,-0.032982317683745016,3.82878739166206,5.002910058622782,6.02605719735187,0.017675747061705792,0.025770748549688378,2601.6310725624066,0.031250016240006444,0.16308514988474437,3316.40625,13.04655848623043,2.8912864015624526
B,12k_Drive_End_B014_0_185.mat,-1.496198998029996e-17,0.7647564686987197,1.0,1.0000000000000002,1.0,7.882776027270241,4.03188812242047,3.946007717095439,-0.06287789502073977,4.03188812242047,5.272120325155243,6.365220974460899,0.017128136869859038,0.026137893043833516,2649.689037584653,0.03125000040645608,0.2043568562363238,3316.40625,17.59810779438683,3.296763150681393
B,12k_Drive_End_B014_0_185.mat,3.469446951953614e-17,0.7695495860271486,1.0,1.0000000000000002,1.0,7.443333462085537,3.9412493278031007,3.923300354450661,-0.12568262191279012,3.9412493278031007,5.121501459249774,6.150104846163283,0.01620673447351001,0.026718988974154916,2646.3218638940575,0.031250001825533856,0.22390627069300525,3269.53125,20.758741342215437,3.717213186464411
B,12k_Drive_End_B014_0_185.mat,-1.3444106938820255e-17,0.7491980904634733,1.0,1.0000000000000002,1.0,8.07049397453716,4.377169641459819,4.378898774770972,-0.14652167370370955,4.377169641459819,5.84247303507139,7.144092752563603,0.01661104518740455,0.02646954072185332,2553.9779614411896,0.03125001453189818,0.21398672240825578,3281.25,21.17211618789096,3.7261553164683465
B,12k_Drive_End_B014_0_185.mat,8.673617379884035e-19,0.7486497556872238,0.9999999999999999,0.9999999999999999,0.9999999999999999,6.791486820688319,3.4049695967424882,3.9533236226724577,0.04651312419479943,3.4049695967424887,4.5481476095813225,5.565202703731686,0.017365143453521,0.025981086682300366,2624.6299642624904,0.03125004115764599,0.21999573288160193,3292.96875,20.56232381481297,3.537517855878222
B,12k_Drive_End_B014_0_185.mat,6.071532165918825e-18,0.7903682077613914,1.0,1.0,1.0,7.154973520630499,3.6935334207111237,3.2492221302488224,0.007269411203877543,3.6935334207111237,4.673180657370501,5.526256150805827,0.016916141586875023,0.026275592464716023,2632.298995414636,0.03125000168894466,0.21594313862154219,3281.25,17.489447926662386,3.316539805714439
B,12k_Drive_End_B014_0_185.mat,2.168404344971009e-18,0.7749920905881993,1.0,1.0,1.0,8.937070090316082,4.795168029161877,4.058956296544115,0.05235444797059576,4.795168029161877,6.187376732480542,7.394800304874808,0.016734555640813734,0.026391614689181178,2674.193083577487,0.03125000285436298,0.21416555811013718,3257.8125,17.372550806481847,3.3362621411647226
B,12k_Drive_End_B014_0_185.mat,-1.1275702593849246e-17,0.7413614399628783,0.9999999999999999,0.9999999999999998,0.9999999999999999,10.65152730606795,5.713115810122043,5.619207556152774,0.0823739972221354,5.713115810122044,7.706248938990019,9.4031636512539,0.016979398780966264,0.026234760152723816,2670.565301689712,0.03125000197174432,0.23572242861961384,3257.8125,17.90612298877762,3.2906713644027006
B,12k_Drive_End_B014_0_185.mat,4.7704895589362195e-18,0.7535557302506514,1.0,1.0000000000000002,1.0,8.238506288422876,4.183931819635739,4.656370757743492,0.03458860390120138,4.183931819635739,5.55225267578293,6.710640918374299,0.017212816396974917,0.026082207935854942,2573.5204984708566,0.03125000190600223,0.20801918177325363,3328.125,17.097884124722317,3.380502347095705
B,12k_Drive_End_B014_0_185.mat,3.469446951953614e-18,0.7200542516646562,1.0000000000000002,1.0000000000000004,1.0000000000000002,8.740349080723377,4.391864258487198,5.595853399479012,0.09570866653474777,4.391864258487197,6.099351886797243,7.57126208889486,0.01736622856504092,0.025980314736718867,2601.935792099207,0.031250002374275346,0.2058576127505666,3281.25,19.2585708563578,3.4778154024461188
B,12k_Drive_End_B014_0_185.mat,-1.3010426069826053e-18,0.6055594855051307,0.9999999999999999,0.9999999999999998,0.9999999999999999,14.514590199920661,7.802442253853468,16.405665122197245,0.5127987263422571,7.802442253853469,12.884683405371842,17.340253064407932,0.01618506222136601,0.02673212521473342,2639.1543188059923,0.03125000412169054,0.19434607772129162,3222.65625,15.42315374753512,3.214299249235565
B,12k_Drive_End_B014_0_185.mat,4.7704895589362195e-18,0.6091314781324311,1.0,1.0000000000000002,1.0,14.654413126588814,7.879558249888106,16.934489380339162,0.5119662056158579,7.879558249888106,12.935726575888784,17.223456437114145,0.016029170457876624,0.026825890077979923,2647.873076814821,0.031250002944696285,0.19381980270319843,3222.65625,14.036837056502714,3.0549914674510728
B,12k_Drive_End_B014_0_185.mat,-5.637851296924623e-18,0.7400634611789625,1.0,1.0,1.0,8.84141856672338,4.795784088182367,4.64176793881923,-0.09415142787730296,4.795784088182367,6.480233574215939,7.96414270448145,0.017013521880863164,0.026212657458192373,2617.3468737619182,0.03125001340497533,0.189501631345412,3234.375,13.263646428049897,2.94462426500492
B,12k_Drive_End_B014_0_185.mat,1.734723475976807e-18,0.7299876460141734,1.0,1.0,1.0,9.263984257318022,5.022417132337598,4.95196659503011,-0.005353765629958105,5.022417132337598,6.880139903408835,8.530048637264677,0.018169330097938405,0.025425149663539218,2563.827596342774,0.03125000466593915,0.14232152163847203,3246.09375,9.030306798013648,2.4018080862210853
B,12k_Drive_End_B014_0_185.mat,3.469446951953614e-18,0.6329788829703824,1.0,1.0,1.0,12.27560259064678,6.162847755590382,10.078555449736754,0.1032066088007502,6.162847755590382,9.736261226709432,13.125964662693118,0.015102034531773107,0.02735857388078614,2531.0141779119076,0.03125000818862774,0.24688036571623287,3246.09375,26.450330726451412,4.281646038598987
B,12k_Drive_End_B014_0_185.mat,-2.949029909160572e-17,0.6295149553617027,0.9999999999999999,0.9999999999999999,0.9999999999999999,12.319506674867455,6.183917377608306,10.202709819362003,0.10488554812373782,6.1839173776083065,9.823304950801669,13.308373753371335,0.014551275596871475,0.027655431290557586,2522.701520441903,0.03125000002180574,0.26174957356190837,3246.09375,28.631469757304714,4.469878860757716
B,12k_Drive_End_B014_0_185.mat,-3.2526065174565133e-18,0.6388507098720252,1.0,1.0,1.0,10.556649462685751,5.865508691906626,7.998984492405138,0.20809772730994347,5.865508691906626,9.181344876460429,12.383994868113916,0.01515568473119409,0.027328882481081597,2599.3927748477963,0.03125000155737785,0.22246605767422528,3128.90625,21.065918169916092,3.830368532111743
B,12k_Drive_End_B014_0_185.mat,9.540979117872439e-18,0.6669777726584116,1.0,1.0,1.0,9.395379217872176,5.222858210443545,6.165561853584928,0.1385110582630012,5.222858210443545,7.830633080359633,10.400042579364676,0.01584115221815049,0.02693734572534906,2591.2317318993273,0.03125000317320937,0.1852465371409368,3140.625,16.855188562420647,3.3737457352569784
B,12k_Drive_End_B014_0_185.mat,-8.673617379884035e-18,0.7101384371139421,1.0,1.0,1.0,8.349913901473386,4.206474140482568,5.508982514949482,0.1318494771871056,4.206474140482568,5.9234564989581555,7.4388791393813305,0.016820099939304937,0.026337175681726617,2476.877743026542,0.03125000135773338,0.16654369450182674,3152.34375,12.10022846034661,2.8324145036512993
B,12k_Drive_End_B014_0_185.mat,-8.239936510889834e-18,0.7334277767943898,1.0,1.0000000000000002,1.0,8.683450869773957,5.059553641137166,5.1746023855636185,0.33666933686648515,5.059553641137166,6.8985028945195905,8.46135181538951,0.017896566801325314,0.0256178730682454,2410.5002687813685,0.03125000038104052,0.1355349036334831,2789.0625,8.650711163022109,2.373217095576013
B,12k_Drive_End_B014_0_185.mat,2.5153490401663703e-17,0.7265414896035729,1.0,1.0,1.0,9.504841575579984,4.894593638778439,5.580419196823471,0.02508358148464195,4.894593638778439,6.736839821011604,8.338164497999841,0.016885576030487383,0.026295246060846822,2609.131496700023,0.03125000229250952,0.21089245521768876,3246.09375,16.755382606234374,3.228786416732779
B,12k_Drive_End_B014_0_185.mat,-1.431146867680866e-17,0.7342182218474657,1.0,1.0,1.0,9.182532128352351,4.727540843248103,5.2498878317636395,0.03183027462330094,4.727540843248103,6.4388770294375135,7.93046336821598,0.01672399417533032,0.02639830523572756,2597.0190161321048,0.031250000007921976,0.23110836488558076,3257.8125,17.576836966269532,3.2764369833412146
B,12k_Drive_End_B014_0_185.mat,7.37257477290143e-18,0.7069503810117173,1.0,1.0,1.0,12.516810385201898,7.006902307125693,8.508174080182398,0.08680240228380666,7.006902307125693,9.911448519340366,12.31884347744614,0.01667764383057176,0.026427612652126356,2602.6920733176653,0.031250000227683795,0.15896807298278492,3269.53125,11.903256372922213,2.8733048029174957
B,12k_Drive_End_B014_0_185.mat,-8.673617379884035e-18,0.7111887470890903,1.0,1.0,1.0,12.294742799662203,6.88375379193562,7.955115619914497,0.07628316432531382,6.88375379193562,9.679222035094003,12.039099775522592,0.016560789661450324,0.026500997730858906,2643.3527048987035,0.03125000215906855,0.2524275527883679,3281.25,19.726417590667314,3.4126016482466124
B,12k_Drive_End_B014_0_185.mat,-3.903127820947816e-18,0.7464411845179906,0.9999999999999999,0.9999999999999999,0.9999999999999999,7.064967932973093,3.6349400155308027,4.181959499926181,0.11687403384662123,3.634940015530803,4.869693809671074,5.951034568608458,0.016374638496217942,0.026616418565344784,2602.6929728814484,0.03125000037003925,0.16633296424566618,3269.53125,13.052094964201912,3.0092442550362444
B,12k_Drive_End_B014_0_185.mat,-4.7704895589362195e-18,0.7383972052829737,0.9999999999999999,0.9999999999999998,0.9999999999999999,7.429628937298233,3.820338868542759,4.609185083992681,0.12967453092141581,3.8203388685427595,5.173826283752932,6.3428822050755365,0.01670033508389306,0.026413288355602693,2551.5675588365602,0.03125000789872742,0.19234246040332328,3257.8125,15.527321109735906,3.235758200447904
B,12k_Drive_End_B014_0_185.mat,2.862293735361732e-17,0.7535239584156623,0.9999999999999999,0.9999999999999999,0.9999999999999999,10.299204812128774,5.67993275721334,5.0451745258494025,0.09817449819536714,5.679932757213341,7.537826360764696,9.146843679231495,0.017485416860422348,0.025900254278005186,2446.1381952686934,0.031250007591168166,0.15806582813943784,656.25,12.319278122937893,2.8131174451912218
B,12k_Drive_End_B014_0_185.mat,-1.2576745200831851e-17,0.7532695408459733,1.0,1.0,1.0,10.695696189702938,5.90563965213532,5.401637858052583,0.1619869424826984,5.90563965213532,7.840008565198165,9.452623495673448,0.017975137479807245,0.025562813869240763,2422.2338945247648,0.031250008325301594,0.16132849817454745,1441.40625,11.264586798411093,2.65827909046268
B,12k_Drive_End_B014_0_185.mat,7.806255641895632e-18,0.8014911750722037,1.0,1.0,1.0,6.685852387422273,3.4086784006642272,3.117722990847926,0.020305216977520964,3.4086784006642272,4.252920689185568,4.966779515058214,0.018009580722109106,0.02553854934303045,2352.9254048511757,0.031250000005321035,0.17520403602934762,1441.40625,12.733648517704646,2.7949320265407853
B,12k_Drive_End_B014_0_185.mat,2.2985086056692694e-17,0.7771401700473544,0.9999999999999999,0.9999999999999999,0.9999999999999999,7.358780635611188,3.981574375259999,3.5534199172959653,-0.10072659489782845,3.9815743752599992,5.1233670947898435,6.130287591988607,0.017582995635945068,0.025834142655393272,2467.7480680732197,0.03125003459634682,0.2041944503808325,3281.25,15.426716370930283,3.146654314869634
B,12k_Drive_End_B021_0_222.mat,-2.168404344971009e-18,0.784139182523869,0.9999999999999999,0.9999999999999999,0.9999999999999999,7.161011510894206,3.6067114405593372,3.661137517900531,0.06630444550797243,3.6067114405593377,4.59958068789599,5.443435986562274,0.01651136202240848,0.026531839540866173,2762.725950541418,0.03125001736411202,0.22883643476100465,3339.84375,22.672845746963475,3.9138909674219877
B,12k_Drive_End_B021_0_222.mat,3.686287386450715e-18,0.7881769113515409,1.0,1.0,1.0,7.403676078643316,3.7297021306123703,3.5662023739942024,0.016027531925006618,3.7297021306123703,4.732062151144208,5.600757561726988,0.01706128423171766,0.02618158444958888,2741.651681628216,0.03125000454282226,0.212208557274165,3210.9375,22.30495051470396,3.826107334928905
B,12k_Drive_End_B021_0_222.mat,1.2576745200831851e-17,0.7802136397970503,0.9999999999999999,0.9999999999999999,0.9999999999999999,6.764528658179737,3.4597449408291276,3.48033581151142,-0.022475587885579816,3.459744940829128,4.434355879408977,5.316311971816205,0.01716483684040177,0.026113819985529838,2742.9484271910746,0.03125001148790623,0.2163340187180357,3199.21875,20.57278367751966,3.610946359981027
B,12k_Drive_End_B021_0_222.mat,-1.1709383462843448e-17,0.7771912707311093,1.0,1.0,1.0,6.948362621404997,3.660064223206443,3.498703643696521,-0.027847633359659896,3.660064223206443,4.709348085913773,5.635202623574438,0.01732484633034386,0.026007932211791693,2727.815204921509,0.031250005412850425,0.25659640903172903,3210.9375,24.50961625479701,3.8710286650406553
B,12k_Drive_End_B021_0_222.mat,3.469446951953614e-17,0.7890050716727208,1.0,1.0,1.0,7.660571579885152,4.207208172039231,3.445990047876929,0.07969473867991558,4.207208172039231,5.3322954732341445,6.31327346353299,0.016725108616593255,0.026397599815469578,2708.7699452971956,0.03125000054807234,0.27323850324208837,3210.9375,31.56708057359468,4.438442612153649
B,12k_Drive_End_B021_0_222.mat,-6.938893903907228e-18,0.7873461765672589,1.0,1.0,1.0,8.16090208258656,4.4966861700224845,3.6115920270393103,0.15994054420042464,4.4966861700224845,5.711193251267863,6.742703511781464,0.018017569945710445,0.025532977832116676,2724.5816184310684,0.03125005253953871,0.22300293838317184,3210.9375,20.1547271927655,3.5662129322866374
B,12k_Drive_End_B021_0_222.mat,-3.903127820947816e-18,0.8050254285356935,1.0,1.0,1.0,6.9468650401984355,3.878480917160351,3.0809594889135345,0.02806613253349819,3.878480917160351,4.817836529977867,5.619501689570207,0.01816495056143244,0.025428334141218423,2759.5539519367303,0.03125004969750831,0.20330033705645043,3210.9375,15.306379438985966,3.073942211586689
B,12k_Drive_End_B021_0_222.mat,1.8865117801247777e-17,0.7994050367588582,1.0,1.0,1.0,5.703789332500856,2.851933635476917,2.9429299557727684,0.009983615176650713,2.851933635476917,3.567570260802857,4.20131801355537,0.017682879902187462,0.025765855792571974,2752.202533787632,0.03125001706173614,0.2154213314212065,3210.9375,16.33688240184645,3.1931349468739647
B,12k_Drive_End_B021_0_222.mat,-1.7780915628762273e-17,0.7721295757550721,1.0,1.0,1.0,6.619160255402384,3.376488206201014,3.3021737175382144,0.08945992465156022,3.376488206201014,4.372955410883098,5.275040073946455,0.01655613365808259,0.026503935435868136,2790.9258937164427,0.03125002648467617,0.2312924244617843,3339.84375,27.22446472572189,4.280124048616346
B,12k_Drive_End_B021_0_222.mat,-1.2576745200831851e-17,0.7678179329497439,0.9999999999999999,0.9999999999999999,0.9999999999999999,6.94081143060977,3.542968520484007,3.6701808540231347,0.09910895384749324,3.5429685204840076,4.614334164966561,5.5820128899253945,0.016698550945069928,0.02641441489677875,2808.5826791921795,0.03125000668806749,0.21321040689644957,3210.9375,21.563595641016573,3.84745643759108
B,12k_Drive_End_B021_0_222.mat,-1.734723475976807e-18,0.79024783783363,1.0,1.0,1.0,6.97221282310495,3.4922967964020555,3.2520974216753507,0.060408322797750595,3.4922967964020555,4.419242456867417,5.2419407806944065,0.01683343359478478,0.02632867447918683,2777.5196673425426,0.031250017382731365,0.24199576398637931,3210.9375,23.846602960472303,3.973554551211474
B,12k_Drive_End_B021_0_222.mat,1.9949319973733282e-17,0.7948147434045499,1.0,1.0,1.0,7.023559720596847,3.6090963219962413,3.1569332924410505,0.05951035030894827,3.6090963219962413,4.540801931449906,5.352836943516463,0.016922317819376278,0.02627162404109557,2742.1104871029065,0.03125000912218508,0.22270520065917604,3398.4375,24.177449105741847,3.975506990642458
B,12k_Drive_End_B021_0_222.mat,5.204170427930421e-18,0.7758347119767337,1.0,1.0,1.0,7.270668187244107,3.654692749306707,3.7808313805166014,0.01672920832163894,3.654692749306707,4.710658975279656,5.622394140886233,0.017859096453024643,0.025644008667819553,2823.2419057581883,0.03125000010677827,0.19780214500604876,3210.9375,17.640437132190723,3.4241166712962174
B,12k_Drive_End_B021_0_222.mat,4.336808689942018e-18,0.76893721013066,1.0,1.0,1.0,8.61458111745154,4.913890849728966,4.282822415806384,0.09425571916158149,4.913890849728966,6.390496889718712,7.684013497375479,0.018438976112464665,0.0252302736427622,2823.5808020231702,0.03125000077063524,0.19164977916176873,3375.0,18.14475718198681,3.3975672132209596
B,12k_Drive_End_B021_0_222.mat,-2.3418766925686896e-17,0.7757434931577567,1.0,1.0,1.0,8.83997777424813,5.046760338446593,3.993157055257842,0.09334744665722587,5.046760338446593,6.505707599174505,7.801339604015576,0.01840051689659604,0.025258505365383516,2820.985792581013,0.03125013784537636,0.21197923435335203,3433.59375,15.8327843542001,3.1533285193254845
B,12k_Drive_End_B021_0_222.mat,1.951563910473908e-17,0.7762574964469744,1.0,1.0,1.0,7.206820243181939,4.052916866962185,3.551140445446533,-0.021217658266531884,4.052916866962185,5.22109852144795,6.2515836425320925,0.016975022768201647,0.02623758976761765,2724.8050542709075,0.03125000023671614,0.24683124822240846,3210.9375,23.260293284881772,3.822200933197661
B,12k_Drive_End_B021_0_222.mat,-4.336808689942018e-18,0.772769688751993,0.9999999999999999,0.9999999999999999,0.9999999999999999,7.348072559278588,4.115423331099346,3.7038661192710425,0.002268562337194962,4.115423331099347,5.325549631411746,6.366405074478546,0.01736022736165987,0.02598438875409442,2733.897707520605,0.03125005524751009,0.18357045494791602,3210.9375,18.286704156800813,3.5251974941186868
B,12k_Drive_End_B021_0_222.mat,-1.0408340855860843e-17,0.7771289464000961,1.0,1.0,1.0,6.753407906025366,3.4703297424196347,3.556950557973119,0.0316882775126643,3.4703297424196347,4.465577763504094,5.3238926655395185,0.01759378790863555,0.025826823198774128,2713.1338221161504,0.03125005871218145,0.20129585601612246,3210.9375,18.280784038031644,3.495040181265474
B,12k_Drive_End_B021_0_222.mat,0.0,0.7769627704450836,0.9999999999999999,0.9999999999999999,0.9999999999999999,7.7608497834325245,3.9548790258892796,3.671078707984157,0.05011075886183769,3.95487902588928,5.090178289525668,6.050403158020176,0.016899558242830934,0.026286260471251988,2696.252420178583,0.031250000933845425,0.24008984029417854,3210.9375,26.37062850173045,4.109446954672021
B,12k_Drive_End_B021_0_222.mat,0.0,0.7788637537027153,1.0,1.0,1.0,7.736832089956075,3.9907473750825044,3.616364196197828,0.03775618025112088,3.9907473750825044,5.123806771223474,6.101256419352308,0.01717670012216198,0.026106095068657964,2765.570219717074,0.03125007562903628,0.2233933623363844,3339.84375,22.323209298697382,3.8685772218556114
B,12k_Drive_End_B021_0_222.mat,-3.0357660829594124e-18,0.768390843353969,1.0,1.0,1.0,7.56228950104678,3.7829015894752813,4.009583297278798,0.025734663891217528,3.7829015894752813,4.923147669177312,5.921341092716385,0.01699801094692539,0.026222706953942028,2725.924954616361,0.03125000377830561,0.21245252387698998,3210.9375,19.892488005954565,3.6156965529819374
B,12k_Drive_End_B021_0_222.mat,-1.474514954580286e-17,0.7737844534739277,1.0,1.0,1.0,7.687627465151198,3.8553551337757574,3.8575955223127347,0.017296952027159,3.8553551337757574,4.982466520834102,5.979883544643903,0.017119554269883853,0.02614355452005737,2774.637010886233,0.03125003330146563,0.22263433969059634,3210.9375,21.028083348079917,3.7011779582356965
B,12k_Drive_End_B021_0_222.mat,-4.7271214720367993e-17,0.7869677047655135,1.0,1.0,1.0,7.3658680109550385,3.784124164527996,3.326339125481916,-3.083805994865893e-05,3.784124164527996,4.8084872372945995,5.727352030172874,0.016499418778867424,0.026539252065250558,2755.235428504163,0.031250003523573384,0.2528867568477645,3339.84375,29.590825251519117,4.431084502188323
B,12k_Drive_End_B021_0_222.mat,-3.599551212651875e-17,0.7728927532912917,0.9999999999999999,0.9999999999999999,0.9999999999999999,7.193811811788287,3.68833431378378,3.6962400358418686,0.03231592556812395,3.6883343137837805,4.772116568666678,5.726955645580535,0.016601040908861497,0.02647579995477327,2755.6873166182313,0.03125000068004583,0.24296299577140829,3339.84375,24.127608561119235,3.9855625490576183
B,12k_Drive_End_B021_0_222.mat,-1.214306433183765e-17,0.7781565553213516,1.0,1.0,1.0,7.161048974926166,3.6906484430182576,3.8049623879097547,0.019732183697770654,3.6906484430182576,4.742809679851823,5.632789376746361,0.017084015947638913,0.02616675182067211,2724.6904115076827,0.03125000002790125,0.18826914612603066,3433.59375,16.62916807270418,3.3494101665908342
B,12k_Drive_End_B021_0_222.mat,2.5153490401663703e-17,0.7904009828949028,1.0,1.0,1.0,8.291193405772272,4.609533516564378,3.7826964447315836,0.05363389913701521,4.609533516564378,5.8318924398115195,6.864631660075939,0.017918397512944773,0.025602708444223615,2767.2132559533175,0.03125008238568059,0.19030881100753883,3433.59375,17.24711796620158,3.4173441957600543
B,12k_Drive_End_B021_0_222.mat,2.2985086056692694e-17,0.7960186531840072,0.9999999999999999,0.9999999999999999,0.9999999999999999,7.349320870465823,4.090342358605719,3.1527869240143898,0.0934456331843472,4.09034235860572,5.138500639708248,6.069128494558682,0.01633490095629079,0.026640827882738485,2768.926065188553,0.03125000319247225,0.23986605979189968,3339.84375,25.74162907935478,4.1989739921082325
B,12k_Drive_End_B021_0_222.mat,1.474514954580286e-17,0.7840091596011562,1.0,1.0,1.0,6.446121305686338,3.2989113577076092,3.1585422869213997,0.06046639845313667,3.2989113577076092,4.207745939327855,5.025124408862769,0.017253326842800912,0.026055467838585564,2801.245116182424,0.03125003506289363,0.18552321785514406,3339.84375,18.82179972959976,3.6352095034725216
B,12k_Drive_End_B021_0_222.mat,5.637851296924623e-18,0.76973995624566,0.9999999999999999,0.9999999999999999,0.9999999999999999,8.150866410244262,4.299674518774094,3.826910514302356,0.02329341960663981,4.299674518774095,5.585879340011638,6.724777874160595,0.01761774456008635,0.02581041712540143,2706.3845216420164,0.031250000889146666,0.21509729095600763,3210.9375,20.514640311359354,3.622137162585878
B,12k_Drive_End_B021_0_222.mat,-1.3877787807814457e-17,0.7791496876333652,1.0,1.0,1.0,7.430009248103378,3.8791917254507857,3.556517987786161,-0.01467873607755324,3.8791917254507857,4.978750279979794,5.954418531214196,0.01657920125260407,0.026489482457351065,2722.640783455668,0.0312500015205225,0.2532495411207905,3339.84375,26.60312565885135,4.152149007052747
B,12k_Drive_End_B021_0_222.mat,-1.6479873021779667e-17,0.7742920887800916,0.9999999999999999,0.9999999999999999,0.9999999999999999,7.296422415892058,3.7471250680887556,3.5894041012950284,0.004578488397002518,3.747125068088756,4.839420578340669,5.811166881857175,0.016214493674437835,0.026714280424055492,2748.658545045318,0.03125000133909532,0.2696144076345394,3210.9375,35.78497155815178,4.812050300649621
B,12k_Drive_End_B021_0_222.mat,4.336808689942018e-18,0.7777529833628666,0.9999999999999999,0.9999999999999998,0.9999999999999999,7.710635025134801,4.034299865507469,3.7541652866984663,0.06125353130547793,4.03429986550747,5.187122327790848,6.188721229881434,0.017102475653152295,0.02615469070102589,2735.188761817143,0.031250000306127956,0.2243688169844132,3210.9375,20.965283813403335,3.730695402552434
B,12k_Drive_End_B021_0_222.mat,-1.8648277366750676e-17,0.7848723237840459,1.0,1.0000000000000002,1.0,7.6748983326595415,4.3318029567813925,3.6100532723150023,0.06668525841417401,4.3318029567813925,5.519117983287774,6.56224236283875,0.01743016711300467,0.02593746552233901,2754.3261943172433,0.03125000549295623,0.24442743287842755,3210.9375,21.828610738483064,3.6592569510987616
B,12k_Drive_End_B021_0_222.mat,3.0357660829594124e-18,0.7610032288712453,0.9999999999999999,0.9999999999999998,0.9999999999999999,7.784905889911007,3.913657755101211,4.033412286747726,0.0038654150919206014,3.9136577551012115,5.142761037829139,6.246352305346229,0.015867661521200494,0.02692174381029542,2826.438316230491,0.03125000755101615,0.24079922722562233,3339.84375,27.418569113428962,4.359171009665336
B,12k_Drive_End_B021_0_222.mat,8.673617379884035e-19,0.7635172738720251,0.9999999999999999,0.9999999999999998,0.9999999999999999,7.933612976273655,3.977486965728365,3.9289189559836415,0.0014891751398185137,3.9774869657283656,5.209426298317176,6.3137536455322945,0.016271674041540122,0.026679494670266063,2803.6575259631754,0.03125000499159778,0.26652661741063466,3210.9375,28.950561988363674,4.309528143208758
B,12k_Drive_End_B021_0_222.mat,-1.474514954580286e-17,0.7750975127179132,1.0,1.0,1.0,7.213388710342498,3.8388056932463277,3.478353550145899,0.0021053019304485762,3.8388056932463277,4.952674509024534,5.979319450804125,0.01735228064208279,0.025989646222890527,2747.320616224498,0.03125001366835875,0.20540003535474233,3210.9375,18.747525031954055,3.523090335226707
B,12k_Drive_End_B021_0_222.mat,4.7704895589362195e-18,0.7792972421777402,1.0,1.0,1.0,7.437145772671267,3.9313907641518373,3.568009773227944,-0.05588318690647685,3.9313907641518373,5.044789781580127,6.026423899414587,0.01809490065865753,0.025478169668507848,2758.7891435637275,0.03125000095206331,0.20953334052273634,3339.84375,17.798270347864523,3.3787207725080886
B,12k_Drive_End_B021_0_222.mat,-1.9081958235744878e-17,0.7768419789397067,0.9999999999999999,0.9999999999999998,0.9999999999999999,8.656190613767144,4.907594520204196,3.900481053372009,-0.07299779993380853,4.907594520204197,6.317365247051216,7.536742572314172,0.016832096116183907,0.02632951399381956,2751.445548260639,0.0312500042690428,0.19349649381103406,3339.84375,18.951902902643305,3.6378514578049352
B,12k_Drive_End_B021_0_222.mat,-6.071532165918825e-18,0.7726048501880345,1.0,1.0,1.0,8.675071291621506,4.928414835316294,3.9472473342548495,-0.055197722717154396,4.928414835316294,6.378959223614543,7.647889340456548,0.016750805350851758,0.026381305270814417,2756.3953082907265,0.03125000396310414,0.23073594977252232,3210.9375,19.771620463411818,3.6080800115953755
B,12k_Drive_End_B021_0_222.mat,7.806255641895632e-18,0.7583383920569731,1.0,1.0,1.0,7.797102952295166,3.975485646623145,4.342848153579434,0.054041804170676826,3.975485646623145,5.24236368389545,6.318488877828292,0.01709352985911898,0.026160541167585084,2742.843139923761,0.03125000283560797,0.19177135739418838,3433.59375,18.79688219892834,3.5821446309112512
B,12k_Drive_End_B021_0_222.mat,1.5612511283791264e-17,0.761757751816517,1.0,1.0,1.0,7.901696290212994,4.255234878873548,4.194629614207663,-0.02799070353863585,4.255234878873548,5.586073615563938,6.738088744746743,0.016629240779606157,0.026458097254879926,2776.317766777885,0.031250000948076805,0.22212463977498567,3339.84375,24.253614925879344,4.035815940466105
B,12k_Drive_End_B021_0_222.mat,9.540979117872439e-18,0.7738300674175518,1.0,1.0,1.0,7.857857927011416,4.32662843039227,3.9912809835778784,-0.08272370325243769,4.32662843039227,5.5911867638217005,6.675355446233567,0.016327234782318706,0.026645533013919337,2738.1434798610594,0.03125000840372404,0.26410811482541285,3210.9375,31.413058417311074,4.55235795969743
B,12k_Drive_End_B021_0_222.mat,0.0,0.762356007416316,0.9999999999999999,0.9999999999999998,0.9999999999999999,8.31437289097507,4.469296343567386,4.027346618839975,-0.08202513682523296,4.469296343567387,5.862479340477922,7.07936910989581,0.017795281314986408,0.025688358461964437,2751.705979628957,0.03125002076079125,0.22514315656849926,3210.9375,18.675164653719158,3.395459920260903
B,12k_Drive_End_B021_0_222.mat,1.3227266504323154e-17,0.7756145320511131,1.0,1.0,1.0,7.18478776511318,3.6431097649444824,3.4908491153816414,-0.0013196218416336447,3.6431097649444824,4.6970622833874405,5.621661105130929,0.017255332770551315,0.026054159986253614,2791.841805616258,0.0312500521857446,0.2025010174426947,3339.84375,18.185431944051604,3.504519545412459
B,12k_Drive_End_B021_0_222.mat,-3.903127820947816e-17,0.7857910665414991,1.0,1.0000000000000002,1.0,7.08417181243343,3.584233611408585,3.3543618055672466,0.007288538083232189,3.584233611408585,4.561306133427892,5.402405894257146,0.016782637916593294,0.02636108795849817,2773.936936162958,0.03125002230071448,0.25344794888922206,3210.9375,24.477311167013582,3.991375064291427
B,12k_Drive_End_B021_0_222.mat,8.673617379884035e-19,0.7760364632869142,0.9999999999999999,0.9999999999999999,0.9999999999999999,8.530729939059377,4.308222034320486,3.860556924948386,-0.05807165428301365,4.308222034320487,5.551571656920534,6.613146052924694,0.017404030999024694,0.025955045785854294,2740.9221989738257,0.03125003514815311,0.25915416772297384,3210.9375,24.513748459772476,3.886692298517339
B,12k_Drive_End_B021_0_222.mat,2.688821387764051e-17,0.7837416311004557,0.9999999999999999,0.9999999999999998,0.9999999999999999,8.288440936651028,4.19532620560262,3.70820185708235,0.061253770001824526,4.195326205602621,5.352945459477431,6.323607715735662,0.01682014976310753,0.026337142723722222,2716.283604327904,0.031250000398449294,0.2288314605526844,3210.9375,22.231691303531864,3.820685036732311
B,12k_Drive_End_B021_0_222.mat,4.7704895589362195e-18,0.7857474210455392,1.0,1.0000000000000002,1.0,7.7572404008498,4.0343940277172585,3.501081854438448,0.0423647278938255,4.0343940277172585,5.134466776039777,6.085249611036214,0.01653935272677102,0.026514411829390284,2741.6242945252147,0.03125002757245279,0.2701827980032437,3339.84375,35.37697969251686,4.7594292634210875
B,12k_Drive_End_B021_0_222.mat,1.2576745200831851e-17,0.7821076757118205,1.0,1.0,1.0,7.823881195584765,4.074918875483378,3.654695749102384,-0.04310019990406033,4.074918875483378,5.210176299285987,6.204516995112164,0.016934014521394394,0.026264110133617628,2760.5708068533527,0.03125002926273177,0.20763144702602337,3433.59375,19.798674968614456,3.7055397809892527
B,12k_Drive_End_B021_0_222.mat,-2.168404344971009e-17,0.7805954937922522,1.0,1.0,1.0,7.200018286454817,3.611976199221957,3.629181528250574,0.015529941573798882,3.611976199221957,4.62720605992026,5.535879993398261,0.017154808356537002,0.02612040091417088,2750.817038147897,0.03125000469866414,0.2231990071588244,3339.84375,17.436001093164105,3.357372860495027
B,12k_Drive_End_B021_0_222.mat,5.637851296924623e-18,0.7783809268714517,1.0,1.0,1.0,6.736350406427853,3.3832254647989717,3.442270991934899,-0.004697742559673042,3.3832254647989717,4.346490706545416,5.225337511142837,0.01645866179898515,0.02656457887588923,2720.618648188928,0.03125003038505265,0.2430936289745885,3210.9375,29.931019872524057,4.4523685620435725
B,12k_Drive_End_B021_0_222.mat,2.0816681711721685e-17,0.7983977431514313,1.0,1.0000000000000002,1.0,6.012697044227835,3.2301236938567675,2.976405100782621,-0.04692209644636635,3.2301236938567675,4.045757545740098,4.768067233075321,0.016786239547424503,0.02635877631473127,2748.717138425106,0.03125000683125615,0.26682470503887123,3210.9375,28.072751408252493,4.16556296157807
B,12k_Drive_End_B021_0_222.mat,1.8648277366750676e-17,0.795476098327062,0.9999999999999999,0.9999999999999998,0.9999999999999999,7.311366118084867,3.703532815198471,3.1294279299099803,-0.04855706007123101,3.7035328151984714,4.655743677261003,5.501712750772702,0.01677331489657931,0.0263669953561578,2737.0213557188185,0.03125000058770329,0.2235615154262125,3210.9375,23.309314901027587,3.9625100490842375
B,12k_Drive_End_B021_0_222.mat,-2.862293735361732e-17,0.7687206425015907,1.0,1.0,1.0,7.390015860463565,3.753094960388745,4.122439696422503,-0.02309808374913476,3.753094960388745,4.882261192018112,5.865514947804344,0.016650931497374774,0.026444454337897425,2753.4820326481217,0.031250002959350404,0.22642610382878434,3339.84375,21.19514476689715,3.764091012305131
B,12k_Drive_End_B021_0_222.mat,-2.7321894746634712e-17,0.7678643079887205,0.9999999999999999,0.9999999999999998,0.9999999999999999,7.088142448617983,3.5931075975939684,3.861103935112627,0.005384783760051404,3.593107597593969,4.679352276452923,5.62662028793058,0.0160292809501669,0.026825831347351087,2754.099479835515,0.03125000920409316,0.23911302994482928,3433.59375,31.45473463202034,4.623067217642576
B,12k_Drive_End_B021_0_222.mat,-9.215718466126788e-18,0.7818104784879507,1.0,1.0,1.0,6.734898894490325,3.440500172023231,3.250154639406981,-0.018611440544727024,3.440500172023231,4.400683115270188,5.2531735125445715,0.016806908402859765,0.026345614805270118,2780.9420380735305,0.03125001743247171,0.256726573769229,3210.9375,27.67085316424326,4.226245857166826
B,12k_Drive_End_B021_0_222.mat,-7.806255641895632e-18,0.7727461208932787,1.0,1.0,1.0,7.89503406749072,4.037815771580647,3.7850199464075036,-0.04468692110036893,4.037815771580647,5.225281191852525,6.261716345370985,0.01691845714277433,0.026274100676989404,2786.227417159516,0.031250000935623454,0.22688765361581748,3433.59375,21.299089545380596,3.7414617459968653
B,12k_Drive_End_B021_0_222.mat,1.8648277366750676e-17,0.7690264096168178,0.9999999999999999,0.9999999999999999,0.9999999999999999,7.751129029479248,3.9528344360386805,3.910207072835787,-0.005294111895599906,3.952834436038681,5.140050311156747,6.189218767914304,0.01775213253779412,0.025718363322786465,2835.629880640527,0.031250158745872905,0.17947074205732716,3210.9375,14.291475906085106,3.1305164143202022
B,12k_Drive_End_B021_0_222.mat,1.5612511283791264e-17,0.7741854173539569,1.0,1.0000000000000002,1.0,6.786699562341566,3.5299817553048403,3.4708745378287853,0.03425590669826564,3.5299817553048403,4.559607654933309,5.486827024534013,0.01660619889764594,0.026472575791335076,2790.762943334359,0.031250009773696984,0.2736993462420318,3210.9375,30.79463696204819,4.478864177126477
B,12k_Drive_End_B021_0_222.mat,3.0357660829594124e-18,0.77532719234003,1.0,1.0,1.0,7.178473465533365,3.913314371281438,3.4690307322507037,0.020167265908350034,3.913314371281438,5.047307007858951,6.059247556987708,0.016759823967610107,0.026375600408703796,2914.5928405040836,0.031250023941509136,0.2967499218346404,3210.9375,38.992084272814914,4.9044773799448524
B,12k_Drive_End_B021_0_222.mat,3.469446951953614e-18,0.7745538629552822,1.0,1.0,1.0,7.729434534349986,4.217281978598711,3.8044032877676757,0.043958944061194834,4.217281978598711,5.444788516718289,6.509721112265531,0.017336237121744192,0.02600033427901673,2884.6776970515343,0.03125000000259126,0.19298093504052627,3210.9375,18.36457861405073,3.5052370165939815
B,12k_Drive_End_B021_0_222.mat,1.2576745200831851e-17,0.7861867402600613,1.0,1.0,1.0,7.208511658100587,3.739138225566877,3.342098799531279,0.03561012898930073,3.739138225566877,4.756043359787541,5.648991631110786,0.017317633934482726,0.02601274530243802,2787.982562547384,0.031250013812129086,0.19513786028211427,3210.9375,15.665746834794604,3.2532355276242675
B,12k_Drive_End_B021_0_222.mat,-5.637851296924623e-18,0.7921989547580424,0.9999999999999999,0.9999999999999999,0.9999999999999999,6.68192031457389,3.564138944592563,3.249775762183694,0.003365499189988017,3.5641389445925635,4.499045250168427,5.296735095269008,0.015922558430834746,0.02688932428851494,2750.030259627902,0.03125001804281505,0.25528645322508525,3210.9375,32.01266913427812,4.716119131304138
B,12k_Drive_End_B021_0_222.mat,-2.2551405187698492e-17,0.7926271817320804,1.0,1.0,1.0,7.332879985637917,3.9187166528979462,3.370560084650097,0.008667749137273351,3.9187166528979462,4.943959459395035,5.812267014375032,0.016588974714963137,0.026483363180487614,2759.141033531233,0.03125000171909264,0.23178791942896632,3398.4375,23.454367839525297,3.9608139437193426
B,12k_Drive_End_B021_0_222.mat,2.168404344971009e-18,0.7888048567796717,1.0,1.0000000000000002,1.0,7.296978558422261,4.225483078365333,3.264160581044691,0.024112548285466155,4.225483078365333,5.356816761519499,6.348180002438652,0.016823388561553316,0.02633507365241876,2712.6836437693723,0.03125000011154118,0.29756663292985736,3433.59375,40.58081886924203,5.045283301796318
B,12k_Drive_End_B021_0_222.mat,1.431146867680866e-17,0.7841158256902976,1.0,1.0,1.0,7.308335190808709,3.741995607840692,3.223191172250755,-0.0209694365433653,3.741995607840692,4.772248544462702,5.725721925476402,0.016121934838175964,0.02677024980007788,2810.8744034191823,0.03125000891655812,0.25807790402099895,3339.84375,30.788116620614254,4.557048705116753
B,12k_Drive_End_B021_0_222.mat,-1.9949319973733282e-17,0.7813828108417895,1.0,1.0,1.0,7.593882929889013,3.884041783860881,3.33800497084279,-0.01884334488747625,3.884041783860881,4.970728470052436,5.980294057869241,0.016100128494283168,0.02678336006566615,2781.616375757863,0.03125000022303278,0.26591694418428424,3398.4375,34.426302699431425,4.829392548246675
B,12k_Drive_End_B021_0_222.mat,2.6020852139652106e-18,0.792202061180861,1.0,1.0,1.0,6.882957339854011,3.525595724045287,3.1869304967712524,0.014601584084676655,3.525595724045287,4.450374338574698,5.283177823363552,0.017133107236052145,0.02613463524380799,2733.898159859057,0.031250000366223246,0.2199339841961526,3210.9375,22.198926794681448,3.837779614774517
B,12k_Drive_End_B021_0_222.mat,1.8214596497756474e-17,0.7847183074072539,1.0,1.0,1.0,7.513138446669432,3.766206156439318,3.533349942746491,0.02065186845048662,3.766206156439318,4.799437098495943,5.701339471848635,0.016748317324763604,0.026382882978201072,2774.8200050522564,0.03125000235923877,0.2318723664835953,3433.59375,25.035742457562392,4.053685459114842
B,12k_Drive_End_B021_0_222.mat,0.0,0.7784721262683131,0.9999999999999999,0.9999999999999999,0.9999999999999999,7.725607731746852,3.877901702027423,3.720614139448406,-0.006203735316567699,3.8779017020274233,4.981426529189359,5.944701334583643,0.01709173584312071,0.02616170999185387,2753.2707652329746,0.03125000006126214,0.22237193745527983,3339.84375,21.76505885832181,3.777072996150119
B,12k_Drive_End_B021_0_222.mat,9.540979117872439e-18,0.7934609498048627,0.9999999999999999,0.9999999999999998,0.9999999999999999,7.212120162209353,3.810380743736778,3.253670588741634,-0.0630581589754591,3.8103807437367783,4.802228445739985,5.668350816872301,0.01711258844113746,0.026148076581979117,2733.3667790687905,0.0312500014734847,0.24010153041605245,3210.9375,25.891651812846103,4.086264930103842
B,12k_Drive_End_B021_0_222.mat,9.974659986866641e-18,0.7979468178857313,1.0,1.0,1.0,7.050390169058411,3.721255614448977,3.1008608838683918,-0.03822189031952474,3.721255614448977,4.663538385062992,5.489744976410212,0.01703576693353451,0.0261981960230738,2753.7928301583597,0.031250005278033274,0.17529976682076323,3257.8125,17.10904701071379,3.4940446353244785
B,12k_Drive_End_B021_0_222.mat,1.3877787807814457e-17,0.7884313335570232,1.0,1.0,1.0,6.839572788265343,3.6296682564434732,3.1757814582719064,-0.04029730874273955,3.6296682564434732,4.603658051067243,5.5014957222152,0.016881265619088134,0.02629801357172276,2791.957524768195,0.03125000234753146,0.2504069474147132,3339.84375,26.224052102723665,4.141293462087736
B,12k_Drive_End_B021_0_222.mat,2.949029909160572e-17,0.7889749162295556,1.0,1.0000000000000002,1.0,6.66714307777138,3.538675973080921,3.20135009848378,-0.04841586404291641,3.538675973080921,4.48515649900754,5.340016181789741,0.01758331193927902,0.025833886458489694,2820.5488399631727,0.03125000077286606,0.2375034784906948,3210.9375,24.277460825621958,3.9327565627170347
B,12k_Drive_End_B021_0_222.mat,-5.204170427930421e-18,0.7798829748279579,0.9999999999999999,0.9999999999999999,0.9999999999999999,6.899878633665828,3.7001293638463206,3.468357291311905,0.03717749795277929,3.700129363846321,4.74446741790019,5.644437433767303,0.018689983965085123,0.025044904538971655,2871.512437849904,0.03125000390370123,0.1757253079111932,3316.40625,13.020787324909401,2.8856708931097637
B,12k_Drive_End_B021_0_222.mat,9.324138683375338e-18,0.7775042373149665,1.0,1.0000000000000002,1.0,7.044229612764485,3.7755656605883314,3.5625062187273038,0.05052355115269518,3.7755656605883314,4.8560065391114415,5.795864922988658,0.0179206744546059,0.025601037989516892,2900.6349696991474,0.03125001950477234,0.19614823741790663,3281.25,18.000934964792997,3.45430257234358
B,12k_Drive_End_B021_0_222.mat,6.938893903907228e-18,0.7450532102661711,1.0,1.0,1.0,10.937754180193522,5.890282492447304,6.186969206089149,-0.013368955215020767,5.890282492447304,7.905854791690642,9.582060016981817,0.016445388641081242,0.026572774367734593,2891.5005266455314,0.031250010322474084,0.2716516133003518,3339.84375,30.36662465231436,4.49260130942522
B,12k_Drive_End_B021_0_222.mat,2.5804011705155006e-17,0.7466510917573441,0.9999999999999999,0.9999999999999998,0.9999999999999999,10.333761375219808,5.5636011349355705,5.698607474232275,0.004298620353278793,5.563601134935571,7.451406950789939,9.04175699605139,0.016658469528454765,0.02643970315507198,2874.4690281007524,0.031250000159340464,0.2531581330125533,3339.84375,25.84184852065979,4.108587719125468
B,12k_Drive_End_B021_0_222.mat,-1.3444106938820255e-17,0.7866365607924131,0.9999999999999998,0.9999999999999997,0.9999999999999998,8.52240978772392,4.728749858849764,3.68968780657868,-0.018784632270152864,4.728749858849765,6.011352757474544,7.1116840406681,0.01772780650530925,0.025734953268122293,2850.5626674979176,0.03125000709123317,0.17161429944992168,3421.875,15.63532468320273,3.2669516809397963
B,12k_Drive_End_B021_0_222.mat,-1.3877787807814457e-17,0.7864131705987321,1.0,1.0000000000000002,1.0,7.5035055469225,3.913727827883342,3.6017195305573715,-0.02671676405077871,3.913727827883342,4.9766814369393675,5.8928762934969665,0.017627177415726343,0.025804009710874792,2873.7215726367763,0.03125002881285733,0.18735505514265385,3246.09375,19.925269766753974,3.6610358451867935
B,12k_Drive_End_B021_0_222.mat,-1.5178830414797062e-17,0.774048340413372,1.0,1.0,1.0,7.7737857686266745,4.051521747401803,3.8785320189705077,0.012506943993019059,4.051521747401803,5.234197318010051,6.275855053897185,0.01694095750448569,0.026259617799002176,2860.167139275171,0.03125001708989072,0.23682265729674148,3210.9375,22.97448609079931,3.9243800998655187
B,12k_Drive_End_B021_0_222.mat,-1.9081958235744878e-17,0.7854007066236524,0.9999999999999999,0.9999999999999998,0.9999999999999999,7.404069569296416,3.708441635692319,3.5019778509930513,0.020267924902189358,3.7084416356923193,4.721719250335902,5.601545524188376,0.017762272789035763,0.025711239924419246,2815.1082219284995,0.03125005908927486,0.21878865042265241,3210.9375,22.457903093594652,3.8945372275874286
B,12k_Drive_End_B021_0_222.mat,1.474514954580286e-17,0.7958295806044701,0.9999999999999999,0.9999999999999998,0.9999999999999999,6.607633283502704,3.5389865410271675,3.1599373513963807,-0.03182459841348993,3.538986541027168,4.446915052264256,5.237677178316252,0.017814351267399883,0.02567511238574076,2728.259047641816,0.03125000011357969,0.22008679415708784,3210.9375,17.78953516761238,3.3944891387784977
B,12k_Drive_End_B021_0_222.mat,-1.691355389077387e-17,0.7792786128282957,1.0,1.0,1.0,8.082342989941324,4.49428419977388,3.8334886598133484,-0.10029703342426158,4.49428419977388,5.767236679911475,6.8587251446482576,0.017409154577196825,0.025951598355862665,2732.0048192223567,0.0312500259250572,0.21629902625196618,3339.84375,24.72410049899082,4.035450987474276
B,12k_Drive_End_B021_0_222.mat,-1.214306433183765e-17,0.7836952883195516,1.0,1.0,1.0,7.8742069803078,4.375235731640312,3.619187451076166,-0.04759926264714795,4.375235731640312,5.582827658721754,6.628683858098805,0.016851849255096044,0.02631687475850257,2752.677617520261,0.03125000352593885,0.2518109554857128,3339.84375,25.801942230202574,4.085312439992332
B,12k_Drive_End_B021_0_222.mat,-5.204170427930421e-18,0.7891078059555043,1.0,1.0,1.0,7.618122882844522,4.0996726865407656,3.3184757834291774,-0.011810247990148022,4.0996726865407656,5.195326488472141,6.159546660532418,0.01716078438439711,0.026116473455544388,2717.4630234031024,0.03125000330307058,0.22808555593477278,3433.59375,26.237899070283937,4.13823552304002
B,12k_Drive_End_B021_0_222.mat,1.1492543028346347e-17,0.7886807296417764,0.9999999999999999,0.9999999999999999,0.9999999999999999,7.664460805753228,4.120644242881248,3.4747791040983285,-0.062381015807962285,4.120644242881249,5.224730474589977,6.179141247849738,0.017160847652724295,0.026116446835708528,2744.7207671152655,0.03125001579971445,0.2336924814200246,3398.4375,22.12719803747209,3.799976321350639
B,12k_Drive_End_B021_0_222.mat,-9.75781955236954e-18,0.7752259671714323,1.0,1.0,1.0,7.083511109565837,3.859381316648829,3.656025019864802,-0.10671903625926124,3.859381316648829,4.9783953067652735,5.965625781982481,0.016441203489060266,0.02657535483150821,2774.0605369232258,0.03125000250542797,0.2683288034670853,3339.84375,31.47025814970135,4.530233294454292
B,12k_Drive_End_B021_0_222.mat,1.5178830414797062e-17,0.7775461928242534,1.0,1.0,1.0,7.148820214837232,3.8900042592444177,3.603841554996154,-0.10156868029638576,3.8900042592444177,5.002923678546857,5.98697254960003,0.01698990360563202,0.026227969818982448,2798.878549313798,0.0312500116056638,0.21334517417909235,3339.84375,19.716729855814016,3.688976479362316
B,12k_Drive_End_B021_0_222.mat,2.0816681711721685e-17,0.7901634095403389,1.0,1.0,1.0,8.047367268982173,4.176868424743948,3.527126054908109,-0.019022606807902114,4.176868424743948,5.286081808285395,6.240880590911432,0.01708115831546629,0.02616861888922533,2714.0578807216307,0.031250001343480674,0.23189060521454555,3433.59375,27.84827991652846,4.318942155368483
B,12k_Drive_End_B021_0_222.mat,1.973247953923618e-17,0.7735401532472317,0.9999999999999999,0.9999999999999998,0.9999999999999999,7.667021028395212,3.9839904123974703,3.867839078385547,-0.01533417876745185,3.9839904123974708,5.150334337103435,6.166417363257102,0.01855828851541863,0.025142938114069105,2862.594251373023,0.03125023855316032,0.21430731589414348,3210.9375,23.304744939962955,3.882098214075506
B,12k_Drive_End_B021_0_222.mat,1.5178830414797062e-17,0.7818662693111562,1.0,1.0,1.0,7.043534253404957,3.6557705822814226,3.507557419872745,-0.04175136980359309,3.6557705822814226,4.675698039131741,5.576071594558344,0.016595015802575358,0.026479615242314583,2755.7080486794525,0.03125003316588232,0.2726619462948133,3210.9375,38.86283815942579,5.058844247057769
B,12k_Drive_End_B021_0_222.mat,1.2576745200831851e-17,0.7955986903317764,1.0,1.0,1.0,6.734049078609137,3.4039762190174665,3.2160119705980383,-0.043518576310828345,3.4039762190174665,4.27850907798498,5.040948815124814,0.018072816706913603,0.0254939061256858,2789.4049024118153,0.031250055252222755,0.19999017216040707,3210.9375,18.631865208713307,3.5126801852559626
B,12k_Drive_End_B021_0_222.mat,1.431146867680866e-17,0.7840740970686698,1.0,1.0,1.0,6.8339354597823725,3.6711840266271643,3.4532847053499403,0.06620030222305963,3.6711840266271643,4.682190165894027,5.549760626144392,0.01810262124285362,0.025472683489140082,2811.9161707046305,0.03125000000000199,0.1879838604020154,3210.9375,16.892536617516846,3.354899342225524
B,12k_Drive_End_B021_0_222.mat,1.1709383462843448e-17,0.7243250195487583,1.0,1.0,1.0,10.893275264923087,5.830074504019988,7.100184292418096,0.0916052774514919,5.830074504019988,8.048975731436174,9.869816299934232,0.01688153774481569,0.026297861276359896,2972.408416767414,0.03125002118943771,0.18123362698568285,3328.125,16.9998349956904,3.4937214423461858
B,12k_Drive_End_B021_0_222.mat,8.673617379884035e-19,0.7090489856899153,1.0,1.0,1.0,10.036861016661224,5.0242066695214325,6.925497394667617,0.04232940687184471,5.0242066695214325,7.085838596373993,8.8060935602674,0.016309259666297576,0.02665653736337791,2994.369104474918,0.03125000696108536,0.22782361112726868,3339.84375,20.42122890055217,3.757176473652009
B,12k_Drive_End_B021_0_222.mat,5.637851296924623e-18,0.7197079093007436,1.0,1.0,1.0,10.115430797679739,5.268806024711723,6.161187757186061,0.050322815479041286,5.268806024711723,7.320756040920557,9.067810219892364,0.01681557606034416,0.026340072361737694,2970.3457578597386,0.03125000816420369,0.19718751707798937,3281.25,16.975117156280568,3.34596296681648
B,12k_Drive_End_B021_0_222.mat,6.7220534694101275e-18,0.7047092644218054,1.0,1.0,1.0,10.510143770104726,5.5391552879889145,6.474340638014659,0.05864907689817317,5.5391552879889145,7.860199329908966,9.874566666654518,0.01582996794050745,0.02694392508577557,2937.4291125655495,0.03125000774440512,0.2224577245408188,3222.65625,17.262426066610868,3.437610000261772
B,12k_Drive_End_B021_0_222.mat,1.3444106938820255e-17,0.6845184390723751,1.0,1.0,1.0,11.474708386082042,6.048250081172708,8.039566002046966,0.03853858595379657,6.048250081172708,8.835773787728774,11.21418382337587,0.016097448162737997,0.02678498079947684,2958.150187110242,0.03125000854048491,0.22115113729323807,3210.9375,17.585019285878367,3.4585248466230714
B,12k_Drive_End_B021_0_222.mat,-5.421010862427522e-18,0.754858669695226,1.0,1.0,1.0,8.287678907660837,4.24555594460496,4.4943791713999595,0.02398715098808238,4.24555594460496,5.624305734368928,6.804477260704306,0.01769162903073896,0.025759834009515998,2910.205121596225,0.031250004575345304,0.196027113409162,3339.84375,17.71792086992355,3.4294981595424097
B,12k_Drive_End_B021_0_222.mat,-6.5052130349130266e-18,0.7923027461658273,1.0,1.0,1.0,6.222793847811166,3.183289582714459,3.2799067830214947,-0.09364239982489059,3.183289582714459,4.017769215264342,4.737912575738195,0.018103202038677078,0.02547227182931676,2756.4085852623666,0.031250000899196245,0.1808007027506936,3339.84375,15.068689310992058,3.128355750482838
B,12k_Drive_End_B021_0_222.mat,-2.168404344971009e-18,0.7724594744740412,1.0,1.0000000000000002,1.0,7.366130068573035,3.710885502078538,3.7711717030974494,-0.09185239694040198,3.710885502078538,4.803987296039365,5.757329649062744,0.017891853302878753,0.025621387350943617,2817.504401276915,0.03125018246984851,0.18964481216119838,3433.59375,20.561075345128263,3.75293709518843
B,12k_Drive_End_B021_0_222.mat,1.0842021724855044e-17,0.7703806136146072,1.0,1.0,1.0,8.170878078071969,4.231935823597687,3.9828235863197405,0.030041303397194366,4.231935823597687,5.493305190718061,6.595285069412118,0.01658188266823888,0.026487834212627934,2770.2645676027532,0.031250027105570705,0.24359756157685994,3210.9375,28.640248746534294,4.373871820375155
B,12k_Drive_End_B021_0_222.mat,-1.214306433183765e-17,0.7833457448208687,1.0,1.0,1.0,8.187320265907648,4.242587376002346,3.8165015003995886,0.04799581541878778,4.242587376002346,5.41598317735487,6.404359311085226,0.0171625888274431,0.026115495819036317,2830.9041567101845,0.03125017723364106,0.25218653272625713,3339.84375,31.46185993538956,4.514419111445223
B,12k_Drive_End_B021_0_222.mat,-3.903127820947816e-18,0.7990106820177887,1.0,1.0,1.0,6.811904379581032,3.6187078494542826,3.2485020032324137,-0.06302710506217529,3.6187078494542826,4.528985570400319,5.2912670459863165,0.016858384884850062,0.026312692795628784,2784.317407583525,0.03125000708932521,0.22026996067890373,3398.4375,23.1564461953171,3.915207544569789
B,12k_Drive_End_B021_0_222.mat,-3.903127820947816e-18,0.7827227269753285,1.0,1.0,1.0,8.007546778843926,4.14672914013359,3.662845120721808,0.014172274632683106,4.14672914013359,5.297826416971146,6.281249433312076,0.016950450521213162,0.026253472494315807,2755.694392167313,0.03125000145411024,0.24461643246091797,3210.9375,23.24317453000613,3.806624501087466
B,12k_Drive_End_B021_0_222.mat,1.3010426069826053e-17,0.7727307714140528,0.9999999999999999,0.9999999999999998,0.9999999999999999,8.061830820570485,4.171212543514345,3.825194830996637,0.09581834236518662,4.171212543514346,5.398015321534649,6.483598189477235,0.01749705059322028,0.02589239126658314,2710.544139279405,0.03125000327941648,0.2562438666193351,3210.9375,28.05065560668804,4.1466400180893395
B,12k_Drive_End_B021_0_222.mat,-1.1709383462843448e-17,0.7827956367497476,0.9999999999999999,0.9999999999999999,0.9999999999999999,7.007884803939984,3.889472324662941,3.4104134004668576,0.05367447085172007,3.8894723246629415,4.9686944357692795,5.93146100481244,0.017081305494795224,0.026168542939223844,2721.3394379172255,0.03125001819149108,0.24651637180797717,3210.9375,30.182935518194803,4.3530836201187295
B,12k_Drive_End_B021_0_222.mat,-7.37257477290143e-18,0.7626306009251133,1.0,1.0,1.0,7.80305070379678,4.187739345463944,3.99991522202765,-0.008178416744851405,4.187739345463944,5.491176646182285,6.654174005365386,0.016992207473158136,0.02622646485911669,2783.0985695493305,0.03125000118107732,0.20001995288346175,3210.9375,17.122531974163962,3.4500431275688155
B,12k_Drive_End_B021_0_222.mat,-3.252606517456513e-17,0.76082279455705,1.0,1.0,1.0,7.981037396292299,4.2794384210003695,4.042712613194263,-0.012679942034576347,4.2794384210003695,5.624750535361986,6.831999901012752,0.016903250334554355,0.026283889708542067,2753.745078286437,0.03125000368133443,0.22024110247367093,3210.9375,23.633719379415453,4.01386399384003
B,12k_Drive_End_B021_0_222.mat,-1.474514954580286e-17,0.7867746923180597,1.0,1.0,1.0,6.6201777834926565,3.3215533585418027,3.206668900064798,0.0281793911116813,3.3215533585418027,4.22173385973508,5.014828255536875,0.017815954476577883,0.02567400570048169,2720.975244189208,0.031250004841917416,0.22851645194961662,3210.9375,25.046862737854607,3.922214696716015
B,12k_Drive_End_B021_0_222.mat,4.336808689942018e-18,0.8012258451459243,0.9999999999999999,0.9999999999999998,0.9999999999999999,6.455978110243985,3.2488790046568563,2.8773246968358364,0.06599506864174205,3.2488790046568568,4.05488542879586,4.7588073137581235,0.0178017633679962,0.025683864738198014,2733.6499261433387,0.03125001899039716,0.22209065153643698,3433.59375,20.476789045742965,3.5732866162612478
B,12k_Drive_End_B021_0_222.mat,2.0383000842727483e-17,0.7798354861288537,0.9999999999999999,0.9999999999999998,0.9999999999999999,7.097667573445669,3.589811650363962,3.4943583305188426,0.01804493453521697,3.5898116503639623,4.603293533337377,5.486922514941683,0.017810571496795585,0.02567780215930437,2789.0822212287726,0.03125005569234787,0.19460238951353898,3210.9375,17.932891875844337,3.4487358051905836
B,12k_Drive_End_B021_0_222.mat,2.0816681711721685e-17,0.7608663233742641,1.0,1.0,1.0,6.893557968346061,3.540254604058704,3.876050342665815,-0.10872021018781161,3.540254604058704,4.652925875807597,5.6376396023863204,0.016604766818236083,0.02647348073033172,2733.630079503543,0.031250015409072025,0.2646657044444984,3339.84375,34.39265732810845,4.752462123224866
B,12k_Drive_End_B021_0_222.mat,2.168404344971009e-17,0.776919391570248,1.0,1.0,1.0,6.54426414855457,3.5364348653650084,3.4627322893189927,-0.04514244046532898,3.5364348653650084,4.551868448305101,5.451321120433774,0.01680321084158523,0.026347957996718744,2748.4532372907947,0.031250004562937625,0.22813092197112336,3210.9375,28.73422074708697,4.371322179500912
B,12k_Drive_End_B021_0_222.mat,1.6479873021779667e-17,0.7478716250406192,0.9999999999999999,0.9999999999999998,0.9999999999999999,7.887612096712701,4.1029681490428045,4.581140641963161,0.05363071831103935,4.102968149042805,5.486193100079121,6.685288833348034,0.01689089150225573,0.026291842606748463,2842.4857342007876,0.031250011254382114,0.1941757531200851,3210.9375,17.262549479557823,3.4901249347499568
B,12k_Drive_End_B021_0_222.mat,7.806255641895632e-18,0.7408815394730168,1.0,1.0,1.0,8.007225131861308,4.288435319780047,4.259950742252607,-0.03349400939942626,4.288435319780047,5.788287453930053,7.147315750724376,0.016397236584140218,0.02660250702794187,2900.07553193038,0.031250003964287155,0.24286653937495875,3210.9375,23.60937837766913,3.944093240623141
B,12k_Drive_End_B021_0_222.mat,-2.710505431213761e-17,0.7022513296848416,0.9999999999999999,0.9999999999999998,0.9999999999999999,12.095223446219585,6.194027092837805,8.519757650245804,0.001191628978741453,6.194027092837806,8.820242598355177,11.070383726001122,0.015205583990595939,0.02730115412095589,2959.147209401192,0.031250004813299696,0.24081899997589354,3210.9375,23.445676143281013,3.9766420422325153
B,12k_Drive_End_B021_0_222.mat,-1.431146867680866e-17,0.6959312946422638,1.0,1.0,1.0,12.32069285795969,6.31232216244477,9.080969263503466,0.03501670318416876,6.31232216244477,9.07032376764944,11.384866841587815,0.015391980106212363,0.02719649941682863,2964.225277627268,0.03125000211391348,0.2169834776944761,3210.9375,21.892229879007434,3.8861483511972734
B,12k_Drive_End_B021_0_222.mat,-7.589415207398531e-18,0.7625874957557637,1.0,1.0000000000000002,1.0,8.402913774761041,4.391733424532487,4.258991809644966,0.057033554685266136,4.391733424532487,5.7589895572311365,6.924143479557154,0.017719495957659825,0.02574067576770002,2954.540791974338,0.03125000681554137,0.19320111918941407,3246.09375,15.201576257170407,3.122487053006789
B,12k_Drive_End_B021_0_222.mat,-2.47198095326695e-17,0.7580108507304928,1.0,1.0,1.0,9.027618176745237,4.584935577985561,4.142803739246795,0.001763250125470385,4.584935577985561,6.048641089460754,7.368334525339986,0.017604266045299508,0.025819611727429557,2846.478755266189,0.03125000052398245,0.21096149338745993,3210.9375,20.47480876347209,3.6234482716999525
B,12k_Drive_End_B021_0_222.mat,-1.1709383462843448e-17,0.7661605334914896,1.0,1.0,1.0,7.652640664070583,4.06714815668146,3.6550875524851154,-0.027318585783589686,4.06714815668146,5.30848037570789,6.458933404104038,0.016978425096602426,0.026235396232064664,2783.415563995607,0.03125000694742918,0.2640392383561182,3339.84375,26.70595610052364,4.080778116108739
B,12k_Drive_End_B021_0_222.mat,4.336808689942018e-19,0.7813718392056852,1.0,1.0,1.0,7.637409148323987,4.0555979245522265,3.5620669232945668,-0.03401247663242302,4.0555979245522265,5.190355885713776,6.187599431935645,0.016995925025600697,0.026224058610753755,2707.3142990216284,0.03125000347993722,0.23690168264037642,3433.59375,25.099514529301462,4.0695080948283815
B,12k_Drive_End_B021_0_222.mat,1.0842021724855044e-17,0.7682223001787319,1.0,1.0,1.0,8.414022108304286,4.423501618651401,4.135432302287171,0.08958560953044777,4.423501618651401,5.758101030941493,6.8934460223714344,0.016772472252973795,0.026367531108724616,2735.6611320037555,0.031250000355941374,0.22868235347584423,3339.84375,20.389708187346063,3.6417568389838255
B,12k_Drive_End_B021_0_222.mat,1.734723475976807e-18,0.7673563474115068,1.0,1.0000000000000002,1.0,7.889336551288126,4.151478327779367,4.026746459730146,0.15222150168036236,4.151478327779367,5.410104890359462,6.481949193198342,0.016344622891270894,0.026634865601391746,2755.194872564124,0.03125000420899264,0.2509786635100441,3339.84375,30.22932080701288,4.466870560192605
B,12k_Drive_End_B021_0_222.mat,-7.37257477290143e-18,0.785982380538184,1.0,1.0,1.0,7.303043496143349,3.846024690790753,3.454503333748152,0.04863274544278099,3.846024690790753,4.893270874796547,5.797198978023794,0.01728601710750196,0.026033756171358082,2760.0703268458847,0.031250005565288716,0.20679543092873728,3210.9375,16.220743556959064,3.2935071221777803
B,12k_Drive_End_B021_0_222.mat,-1.0408340855860843e-17,0.7958723836145059,1.0,1.0,1.0,6.576942323883239,3.3333142886962137,3.09724316668437,-0.02405488962677871,3.3333142886962137,4.188252234055103,4.9443368077729986,0.01769223612661005,0.025759413962471674,2711.412674660894,0.03125000202959524,0.22823945347377556,3433.59375,17.532953450023506,3.25521727709596
B,12k_Drive_End_B021_0_222.mat,-2.1250362580715887e-17,0.7781502969532382,1.0,1.0,1.0,7.252345534806443,3.8531434276049596,3.5725518216586147,0.025518411167360616,3.8531434276049596,4.9516699314920505,5.906145935270141,0.016607311605583434,0.026471889887063667,2750.7499842102698,0.03125002004731788,0.2601022452620132,3210.9375,29.517006071442065,4.332044752005126
B,12k_Drive_End_B021_0_222.mat,6.938893903907228e-18,0.7647455364670936,0.9999999999999999,0.9999999999999999,0.9999999999999999,7.485154992797013,3.9605566650645283,3.950306556650016,0.05900001445895782,3.9605566650645287,5.178920930171324,6.2284165252453665,0.01627813223498804,0.02667555007673831,2754.4834252455744,0.03125000097530126,0.22805516324737268,3210.9375,24.566982085706368,4.087948014514577
B,12k_Drive_End_B021_0_222.mat,-3.903127820947816e-18,0.7766035644711518,1.0,1.0,1.0,7.673559251599055,3.982188290790963,3.6853213404504084,-0.0036556095996871894,3.982188290790963,5.127697673526308,6.140733809684057,0.017717238884680138,0.025742238540425916,2774.0339635154155,0.031250014380300874,0.18153334528525547,3257.8125,15.575344354975142,3.2049845604539375
B,12k_Drive_End_B021_0_222.mat,-7.806255641895632e-18,0.7766979438012973,1.0,1.0,1.0,6.5894006935079865,3.458981408209145,3.3994532601355574,-0.002124696125746839,3.458981408209145,4.453444786116308,5.346887444263462,0.017210482493364026,0.026083780867538403,2788.637375819972,0.031250029311988684,0.2259154187839575,3339.84375,22.151258835625736,3.7601011248868828
B,12k_Drive_End_B021_0_222.mat,-1.2576745200831851e-17,0.7832580524803635,0.9999999999999998,0.9999999999999997,0.9999999999999998,7.302307026190206,3.968050588767759,3.4629021812795346,0.02346307395434638,3.9680505887677597,5.066083363205817,6.0089817618633585,0.016362852864346723,0.026623667637409067,2800.807941246756,0.03125000211723965,0.2578179143675149,3210.9375,30.197396381470554,4.401942236360014
B,12k_Drive_End_B021_0_222.mat,1.431146867680866e-17,0.7844237300496992,0.9999999999999999,0.9999999999999999,0.9999999999999999,7.99641849788768,4.345110044985815,3.6440425804208445,0.09521235562263816,4.345110044985816,5.539238396970116,6.562986294661009,0.016724505502821552,0.026397990920735793,2765.680900221323,0.03125000814344146,0.2506852687307701,3210.9375,26.4113866843184,4.147864293882035
B,12k_Drive_End_B021_0_222.mat,-1.3010426069826053e-18,0.7819147492408184,1.0,1.0,1.0,7.429944677977827,3.8541438524649,3.4288282164918966,0.0759351449522678,3.8541438524649,4.9291100547815345,5.894472099815387,0.017475868038634778,0.025906809287575317,2820.02243601486,0.031250099698506166,0.2346486742524354,3210.9375,22.410637103615258,3.795108666706494
B,12k_Drive_End_B021_0_222.mat,-1.734723475976807e-17,0.7948372070111779,1.0,1.0,1.0,6.875737770467095,3.5642602749358105,3.0462253073822367,-0.012309818692955138,3.5642602749358105,4.484264505355102,5.312937717008762,0.016537586127949866,0.02651549008131413,2737.474617228082,0.03125000750706514,0.2578827571069434,3210.9375,30.882349905196318,4.4223361766252305
B,12k_Drive_End_B021_0_222.mat,1.929879867024198e-17,0.7926713935990454,1.0,1.0,1.0,7.78764170955246,4.0884577670713735,3.250877128995944,0.03018402190838042,4.0884577670713735,5.157821765849451,6.102252185164007,0.017622489989185496,0.02580724552287177,2782.949886905961,0.0312500571982953,0.26204035393637154,3210.9375,29.509229742016476,4.2157899330112745
B,12k_Drive_End_B021_0_222.mat,-2.168404344971009e-18,0.7803386933474525,1.0,1.0,1.0,8.071682249501787,4.237936692583485,3.5479929951019846,0.1365911770236611,4.237936692583485,5.43089395503871,6.4641612309596965,0.017499712389233764,0.025890599604888254,2787.685384245749,0.03125000930570328,0.23567302935625742,3210.9375,20.820429391853068,3.6546298854022052
B,12k_Drive_End_B021_0_222.mat,1.5178830414797062e-18,0.7532388376463096,0.9999999999999999,0.9999999999999999,0.9999999999999999,7.836685055744967,4.176169150994624,4.352930758710734,0.0019816839254991484,4.176169150994625,5.544282825410528,6.714601895465949,0.0174571095215864,0.025919354568789806,2870.586853661266,0.031250017825775835,0.191524654514435,3339.84375,16.08321150043458,3.352139125184797
B,12k_Drive_End_B021_0_222.mat,1.951563910473908e-17,0.749609346016168,1.0,1.0000000000000002,1.0,7.961849543097831,4.102451484253922,4.486609588397181,-0.029885935321235894,4.102451484253922,5.472785933175168,6.672847880658319,0.01752766881849524,0.025871670332685382,2834.366754738711,0.03125000000022405,0.23806955228971438,3339.84375,18.664329915261803,3.4005618656809746
B,12k_Drive_End_B021_0_222.mat,-2.3852447794681098e-17,0.777394160682633,1.0,1.0,1.0,8.571166241967713,4.396859117637765,3.6613122597259107,0.02103936215820478,4.396859117637765,5.655894191148626,6.806497535741777,0.01803275197316033,0.025522226712864922,2785.454845043193,0.03125002720172246,0.20694569088413056,3410.15625,17.384297870247963,3.344564377560798
B,12k_Drive_End_B021_0_222.mat,-8.673617379884035e-18,0.7895890536355944,1.0,1.0,1.0,7.063140345924434,3.614984131427356,3.158606649537563,-0.006667813005102642,3.614984131427356,4.578310850159934,5.444680162880744,0.01691831304672336,0.026274201907691225,2762.7121679800057,0.03125000803572785,0.2495499152330159,3210.9375,25.04932736198774,4.008302884015391
B,12k_Drive_End_B021_0_222.mat,2.211772431870429e-17,0.778402617531935,1.0,1.0,1.0,7.010443064954686,3.5412668010174824,3.5451885545621145,0.08203715307694971,3.5412668010174824,4.549402483056523,5.424986111677328,0.016660749643168268,0.0264382780526425,2780.1676851732636,0.031250010000977116,0.2511816049158416,3339.84375,32.99165853175256,4.656049166769831
B,12k_Drive_End_B021_0_222.mat,-1.691355389077387e-17,0.7632378392850812,1.0,1.0,1.0,7.192727237193676,3.6428920649663907,3.9730467296709824,0.06530395114932583,3.6428920649663907,4.7729447853092015,5.763859176396367,0.016688085429734864,0.026421029195764705,2760.311320624104,0.03125000766517634,0.2680025202417861,3210.9375,31.02710064429057,4.503256203165337
B,12k_Drive_End_B021_0_222.mat,-5.637851296924623e-18,0.7731852192926274,1.0,1.0,1.0,7.512570311567288,3.991877728385094,3.7549660177444166,0.06089629914259004,3.991877728385094,5.162899689206666,6.180431289767247,0.01677780889800683,0.026364148603236697,2770.6933460963855,0.03125001124786333,0.26315660908290933,3210.9375,24.60641598857522,3.9112157803364935
B,12k_Drive_End_B021_0_222.mat,-3.252606517456513e-17,0.7835252249367082,1.0,1.0000000000000002,1.0,7.038543018455084,3.8465042921259505,3.461520716672097,0.048986224785896676,3.8465042921259505,4.909228407338978,5.829530592202527,0.017530012285524064,0.02587018122470157,2812.8251020247403,0.03125008171716557,0.1881855630061821,3339.84375,19.400708867259453,3.659533245157021
B,12k_Drive_End_B021_0_222.mat,2.6020852139652106e-18,0.7751111624358827,1.0,1.0,1.0,7.295293774345307,3.8451670906024376,3.7394306482988875,0.06769190323345442,3.8451670906024376,4.960794369827579,5.907656004386827,0.016774949457412352,0.0263659692310171,2748.9288481279173,0.03125001220463249,0.23214853520494008,3339.84375,27.54378254619415,4.289453991100594
B,12k_Drive_End_B021_0_222.mat,-6.938893903907228e-18,0.7737552468770013,1.0,1.0,1.0,7.820686337781298,4.123017394520903,3.8087057595030918,0.1027771737745515,4.123017394520903,5.328580854426583,6.364852833416979,0.01794499335745447,0.02558404545643738,2748.65632623566,0.031250058696203106,0.24316983828525848,3398.4375,21.628621390346673,3.5946652010598723
B,12k_Drive_End_B021_0_222.mat,-9.540979117872439e-18,0.7824152865886025,1.0,1.0,1.0,6.831738156254799,3.6961361884108106,3.2874681655360707,0.06801406739227425,3.6961361884108106,4.7240081472925715,5.649714095752113,0.017158345087774293,0.02611809907509754,2689.924307071557,0.031250022487156054,0.2304290454786017,3210.9375,18.93201819439152,3.439912087415818
B,12k_Drive_End_B021_0_222.mat,4.336808689942018e-18,0.772685057787359,1.0000000000000002,1.0000000000000004,1.0000000000000002,6.494906631865907,3.2577077705599953,3.445188798762575,0.033543932419911444,3.2577077705599944,4.216087444331696,5.084109205896909,0.015752382918261705,0.026989351112962662,2721.5106696658904,0.03125000225763707,0.2543801677497887,3210.9375,32.035584606186646,4.618186158258184
B,12k_Drive_End_B021_0_222.mat,5.204170427930421e-18,0.7742042429894473,0.9999999999999999,0.9999999999999999,0.9999999999999999,6.818522185486726,3.416567059347566,3.5025043785752423,0.012889472457008857,3.4165670593475665,4.41300482435374,5.319078997614063,0.016701757624480302,0.02641237953986548,2732.3034891555117,0.031250000011276646,0.27092207988589195,3210.9375,29.44275943669639,4.284104922767651
B,12k_Drive_End_B021_0_222.mat,2.0816681711721685e-17,0.7909296739621249,1.0,1.0,1.0,6.702168784245817,3.3756655871176533,3.068498308422087,0.07370620602105074,3.3756655871176533,4.267971854194591,5.078155830606292,0.017331893510285,0.026003244994702586,2717.2007224821027,0.03125001252649964,0.2389730989761102,3210.9375,24.87248645437104,3.929526136766748
B,12k_Drive_End_B021_0_222.mat,2.168404344971009e-18,0.7832049683775777,0.9999999999999999,0.9999999999999999,0.9999999999999999,7.6300686217043125,4.281079630764858,3.5075404218423087,0.08409332731899284,4.281079630764859,5.466103770553431,6.503084497688631,0.016573236812107997,0.026493212754171654,2722.4419698089782,0.03125000000748824,0.237551666410978,3210.9375,29.071179161349374,4.3514874413400495
B,12k_Drive_End_B021_0_222.mat,-3.209238430557093e-17,0.7730198634539811,0.9999999999999999,0.9999999999999998,0.9999999999999999,7.283843835263072,3.885802695422803,3.5440040615140944,0.023204480853277788,3.8858026954228033,5.026782465925767,6.0402250694485655,0.015841701072721565,0.026937020366083173,2758.8212496799997,0.03125000094528394,0.29894724730314837,3210.9375,41.44752799457281,5.210802123875649
B,12k_Drive_End_B021_0_222.mat,-1.474514954580286e-17,0.7622963144030068,1.0,1.0,1.0,7.796317356268306,4.342455269455793,4.084750942973384,-0.09943727537671398,4.342455269455793,5.696545014593953,6.88162263717287,0.018023008530663645,0.025529075015800113,2941.06097520548,0.03125000012253958,0.23766905998206986,3210.9375,19.819064678147342,3.4737414181680197
B,12k_Drive_End_B021_0_222.mat,-2.688821387764051e-17,0.7600682459756309,1.0,1.0,1.0,8.305609403460695,4.332983997271562,4.147153935761868,-0.012308021166656122,4.332983997271562,5.700782818139839,6.896802881768674,0.01728442115091021,0.026034810301489842,3014.9371852636855,0.03125000099130549,0.2182496041915989,3210.9375,19.412801454247138,3.6082096167541007
B,12k_Drive_End_B021_0_222.mat,-1.734723475976807e-18,0.7728999895414521,1.0,1.0,1.0,7.11272779143898,3.706803248117463,3.5523763148568532,-0.05236357699880847,3.706803248117463,4.79596752267605,5.764312783022479,0.016561986032379364,0.02650025125421864,2971.0510397925846,0.031250003165974975,0.2109950117846044,3363.28125,22.05608271878395,3.906339630025318
B,12k_Drive_End_B021_0_222.mat,7.806255641895632e-18,0.7131853009318685,1.0,1.0,1.0,10.465982061176057,5.4276644081132055,7.3151330516160575,-0.06364065368047116,5.4276644081132055,7.610454675694048,9.38981111951942,0.01515213197494653,0.027330853545351547,2959.8326279291236,0.031250002542458334,0.23032876231384972,3234.375,21.568893883151432,3.8611074748754266
B,12k_Drive_End_B021_0_222.mat,-1.6046192152785466e-17,0.6977513127178946,1.0,1.0,1.0,9.160903903407366,4.748876707540981,5.9089436952438845,-0.028015488602927064,4.748876707540981,6.805973161186989,8.655862011401135,0.014296447426647615,0.027788021210297106,2981.7893788339693,0.03125000050890914,0.22755954861081742,3234.375,24.971077558220127,4.232663825954947
B,12k_Drive_End_B021_0_222.mat,3.2526065174565133e-19,0.6902884253637942,1.0,1.0,1.0,8.17923652643918,4.152906370110943,5.793204604919122,-0.03099987501667839,4.152906370110943,6.0161900700019535,7.695361777409449,0.01502770631000674,0.027399463373505323,2967.9632988057474,0.031250000801534006,0.2022056215822522,3269.53125,19.271832321141126,3.7248027973488345
B,12k_Drive_End_B021_0_222.mat,1.474514954580286e-17,0.7021320087582414,0.9999999999999999,0.9999999999999999,0.9999999999999999,11.136083079083,5.653358239778851,8.595508725712978,-0.0375807343529249,5.653358239778852,8.051702769935131,10.009430801245987,0.01626408005117285,0.026684128787926847,2903.1310454885265,0.03125000846530485,0.24689242269939893,3199.21875,22.51220901738821,3.7884350888887797
B,12k_Drive_End_B021_0_222.mat,-1.1709383462843448e-17,0.7703505451780539,1.0,1.0,1.0,7.7624995604507365,3.9493530018616183,3.8900265956052515,0.07483747488334448,3.9493530018616183,5.126695926396456,6.136664514228071,0.017694575296302355,0.025757815810146224,2850.7722127444385,0.031250009123613594,0.22180845044432052,3339.84375,18.421910783220078,3.2936762751404163
B,12k_Drive_End_B021_0_222.mat,-9.974659986866641e-18,0.7814203727176454,0.9999999999999999,0.9999999999999998,0.9999999999999999,7.903549757768357,4.42180087794931,3.610146482693984,-0.005005284334287238,4.421800877949311,5.658671097313535,6.708424705884495,0.017122285672593954,0.02614173310640267,2745.1273769783434,0.03125000602336431,0.23386210401083787,3339.84375,19.401109101756536,3.494413607763387
B,12k_Drive_End_B021_0_222.mat,-9.324138683375338e-18,0.7787419221534086,0.9999999999999999,0.9999999999999998,0.9999999999999999,8.218329775713324,4.652236264540973,3.8483650450022573,-0.011592472454957117,4.652236264540974,5.974041119651581,7.107499727967344,0.016728477712300953,0.026395474689978538,2738.12119465844,0.03125000881088272,0.2546253266737884,3210.9375,25.58203027651315,4.0314044475124895
B,12k_Drive_End_B021_0_222.mat,4.336808689942018e-18,0.7692401166836516,1.0,1.0,1.0,8.272348391172187,4.51817666696838,4.162077586148983,-0.004760875081085051,4.51817666696838,5.873558293406674,7.041673587405325,0.01608845534396442,0.026790403897438312,2758.387157339519,0.03125002618147087,0.2474717803286821,3210.9375,27.432607293585004,4.390667603188213
B,12k_Drive_End_B021_0_222.mat,-1.5178830414797062e-17,0.7785578078284481,1.0,1.0,1.0,7.67261772506489,3.8448917816741837,3.7942456760226224,-0.028047025457462474,3.8448917816741837,4.938479510466086,5.888422327267556,0.0164023027946919,0.02659937921424233,2766.6463847558407,0.031250000184829194,0.2484609780327455,3339.84375,24.06101945872718,3.992727336945891
B,12k_Drive_End_B021_0_222.mat,2.2985086056692694e-17,0.797172699802869,1.0,1.0,1.0,7.872385611259851,4.005225580670064,3.278514143985399,-0.010702426255607085,4.005225580670064,5.024288440460276,5.917300671930044,0.01697930675299598,0.026234818528789984,2765.0458809807815,0.03125000097681402,0.21388277028373323,3339.84375,22.29866682547854,3.8666449626619435
B,12k_Drive_End_B021_0_222.mat,2.0166160408230382e-17,0.7893905821376515,1.0,1.0,1.0,7.370686519340731,3.856988922985897,3.307256139879442,0.04864962148477661,3.856988922985897,4.88603361917653,5.804357165470269,0.017756163020257145,0.025715394749043226,2750.2126825619644,0.03125000563681657,0.2534965762628899,3210.9375,23.443025709651174,3.7564405770782114
B,12k_Drive_End_B021_0_222.mat,-2.3635607360183997e-17,0.7673011903516969,1.0,1.0000000000000002,1.0,8.21921952319692,4.135771142380735,4.264726716782318,0.007277677475824227,4.135771142380735,5.390023102251517,6.478732689412179,0.01652952721153267,0.02652051003805579,2741.3267977976575,0.031250003560246466,0.22841575810088874,3210.9375,23.101566070192955,3.990421662744969
B,12k_Drive_End_B021_0_222.mat,-4.336808689942018e-17,0.7705865565879906,1.0,1.0,1.0,7.766604018034247,3.909221202330227,3.9692096507059045,-0.04250931691361121,3.909221202330227,5.073046199559344,6.098033993818757,0.0164699348368058,0.026557566664331435,2723.1614095134155,0.031250009610543125,0.24763590322736934,3339.84375,26.71284684585717,4.172533732098648
B,12k_Drive_End_B021_0_222.mat,1.5178830414797062e-18,0.7765214406514251,0.9999999999999999,0.9999999999999999,0.9999999999999999,6.723817370924321,3.4597141826048317,3.2645641117072732,0.0030447646836954086,3.459714182604832,4.4554007159190245,5.3842746755389665,0.016206574180491304,0.026719084848109264,2725.0822795390736,0.031250000668611666,0.2896045537708121,3210.9375,31.43569491398607,4.362833382815808
B,12k_Drive_End_B021_0_222.mat,3.469446951953614e-18,0.7798413189753646,0.9999999999999999,0.9999999999999998,0.9999999999999999,7.238345238066486,3.678097419160859,3.267794310705066,0.01340420174146932,3.6780974191608595,4.716469017047622,5.651393891456437,0.016386988275446948,0.026608816496593232,2754.245799429808,0.031250000001424125,0.2870897926083433,3210.9375,30.603185963992132,4.333378556637527
B,12k_Drive_End_B021_0_222.mat,6.5052130349130266e-18,0.7869525570083673,0.9999999999999999,0.9999999999999998,0.9999999999999999,7.869789240220978,3.997854902237395,3.4116942857936725,-0.06586805117817864,3.9978549022373953,5.080172707533229,6.012322737250473,0.017469536107967084,0.025910987103062156,2713.8193451144825,0.03125002311171336,0.20652335861979698,3210.9375,19.103731380940506,3.5550700720912896
B,12k_Drive_End_B021_0_222.mat,-2.3635607360183997e-17,0.7957612624886855,0.9999999999999999,0.9999999999999998,0.9999999999999999,6.1919213597169875,3.242444447600639,3.0126167517428653,-0.06102788600295155,3.2424444476006395,4.074644746415689,4.818592605418176,0.01757439673295518,0.02583995389870284,2678.385499285677,0.031250002208230224,0.21009152776010132,3210.9375,17.922920259833468,3.4506968045806783
B,12k_Drive_End_B021_0_222.mat,-1.734723475976807e-17,0.7824533108609266,1.0,1.0,1.0,7.288452848458098,4.271286245707973,3.330899166175543,-0.056981772374311075,4.271286245707973,5.458838484571448,6.533263710865835,0.016256484913605398,0.02668881184650671,2785.261420131057,0.03125005567234267,0.26815217518972706,3210.9375,34.65830222987904,4.807913013795833
B,12k_Drive_End_B021_0_222.mat,-1.734723475976807e-18,0.7807990521484158,1.0000000000000002,1.0000000000000004,1.0000000000000002,7.613985552422342,4.458169782745775,3.5104281665967423,-0.06540890230693572,4.458169782745774,5.709753067039273,6.82528357622151,0.016575435487108194,0.02649185268968322,2778.4101280191,0.03125001312830383,0.2487144660602841,3210.9375,25.03458013900693,4.057519014318814
B,12k_Drive_End_B021_0_222.mat,-3.469446951953614e-18,0.7656092773820905,1.0,1.0,1.0,8.881551450258538,4.6172767677850866,4.816596264747805,-0.08580949477313576,4.6172767677850866,6.030852687121704,7.202866216995738,0.01630861641353796,0.02665694935873656,2840.382403004341,0.0312500226950024,0.27754005407394583,3210.9375,29.507972241319806,4.348766898390671
B,12k_Drive_End_B021_0_222.mat,-1.1275702593849246e-17,0.7555400803290258,0.9999999999999999,0.9999999999999998,0.9999999999999999,8.098390187167446,4.412057340603094,4.138921061523409,-0.007923271970741202,4.412057340603095,5.83960726303456,7.098749540975204,0.016517222005331258,0.026528189935155894,2950.625354184175,0.03125001574414172,0.22659860971810541,3210.9375,22.738694420437202,3.9768557605940433
B,12k_Drive_End_B021_0_222.mat,0.0,0.7775051739122282,1.0,1.0,1.0,6.8873350856997355,3.7509747376938685,3.310195559608905,0.006713018624494454,3.7509747376938685,4.824372703296393,5.802710961103614,0.016794011224429896,0.026353817793594376,2964.0474699696088,0.03125000040486798,0.27500415328200495,3269.53125,30.515063828371606,4.2738245802178545
B,12k_Drive_End_B021_0_222.mat,-1.951563910473908e-17,0.7778735315504648,0.9999999999999999,0.9999999999999999,0.9999999999999999,6.383882592856837,3.2547780719735773,3.263648462506842,-0.017922094887977753,3.2547780719735777,4.184199538819791,5.030204683630501,0.017665962840101412,0.025777437064432425,2988.384267215635,0.0312500000748579,0.20996225181015268,3339.84375,21.8277186875081,3.7722017676116275
B,12k_Drive_End_B021_0_222.mat,-1.734723475976807e-17,0.7693620241547008,1.0,1.0,1.0,6.844202206101066,3.480234616225925,3.5290606830076605,-0.020357882911698252,3.480234616225925,4.523533144295319,5.453538453023583,0.017750673256433182,0.02571917941414101,2939.4183816050586,0.03125000145269479,0.21127246737461558,3398.4375,18.595312841485736,3.402395734131041
B,12k_Drive_End_B021_0_222.mat,7.37257477290143e-18,0.7556605355585451,0.9999999999999999,0.9999999999999999,0.9999999999999999,7.43229038879421,4.154461677482506,4.094569424814688,0.05046084799293006,4.154461677482507,5.497788334826488,6.698149597439487,0.017498058305078966,0.025891714090363952,2889.7760778828424,0.031250006447760846,0.20333423034031728,3398.4375,19.362306863456215,3.566724427718589
B,12k_Drive_End_B021_0_222.mat,-1.6479873021779667e-17,0.7637222772389107,0.9999999999999999,0.9999999999999998,0.9999999999999999,8.376902526793675,4.683756363758173,4.131685860319987,0.04369787904507254,4.683756363758174,6.132800500060549,7.436438739044065,0.01646772539265935,0.02655892562923083,2811.230469226567,0.03125000016299283,0.2525486792592492,3257.8125,32.63355066819723,4.761418003521344
B,12k_Drive_End_B021_0_222.mat,2.3852447794681098e-17,0.7838943294809377,0.9999999999999999,0.9999999999999999,0.9999999999999999,6.820976308111366,3.49770665152111,3.3128909246016582,-0.020316965663748306,3.4977066515211104,4.4619619251961495,5.323196013519779,0.017070055335399542,0.02617586210903945,2752.454877103232,0.03125000074088078,0.23670603680992178,3210.9375,21.577714969405815,3.715968664147436
B,12k_Drive_End_B021_0_222.mat,-9.540979117872439e-18,0.78157462721686,1.0,1.0,1.0,7.1000783005728945,3.6124525744209346,3.4212569465587026,-0.004179936449946839,3.6124525744209346,4.622018740916219,5.511409839591205,0.01795683690043489,0.025575666201119056,2699.784862300503,0.03125000308959798,0.2072182108975627,3433.59375,16.284524249908255,3.2390264409863794
B,12k_Drive_End_B021_0_222.mat,1.5612511283791264e-17,0.7745146367890107,1.0,1.0,1.0,7.431755373788707,3.976441616001012,3.6445059696077307,-0.1021585808164735,3.976441616001012,5.134107771657586,6.165978324778877,0.016882944437000853,0.026296939621783824,2751.0637119406624,0.03125000554135314,0.21143670928677574,3433.59375,20.63159551666766,3.7307724787363505
B,12k_Drive_End_B021_0_222.mat,5.204170427930421e-18,0.7883812198817597,1.0,1.0,1.0,7.050417568487578,3.7732395059365347,3.1977051242506325,-0.10673939392747755,3.7732395059365347,4.786059600078297,5.709679531191824,0.01648477187732405,0.02654834875070972,2752.731637288755,0.03125000040378759,0.2665558632578304,3210.9375,29.47967155894703,4.355251856365397
B,12k_Drive_End_B021_0_222.mat,1.214306433183765e-17,0.7908798404382307,1.0,1.0,1.0,6.31031710190314,3.2999123358229054,3.022186545184736,-0.05648988521739161,3.2999123358229054,4.172457264803218,4.964877349263394,0.016785004631077703,0.026359556849120894,2723.080674123577,0.031250001883957323,0.22719476060721167,3339.84375,23.85475210102244,3.9940572220315373
B,12k_Drive_End_B021_0_222.mat,-2.168404344971009e-18,0.7774898774221247,1.0,1.0,1.0,7.285466262622412,3.7511575189609223,3.5587480545785493,-0.0025071524743044693,3.7511575189609223,4.82470271046924,5.761177804050811,0.017186414421937322,0.02609961150241742,2737.609657434098,0.0312500009801551,0.2350401886406294,3210.9375,23.964340384959904,3.942404352669851
B,12k_Drive_End_B021_0_222.mat,-2.688821387764051e-17,0.7841461270804362,0.9999999999999999,0.9999999999999999,0.9999999999999999,7.032307352814804,3.6218225740996184,3.353009322329293,-0.04561156201430384,3.621822574099619,4.618810766284763,5.482938172213373,0.01706807692876959,0.02617715916428403,2760.169302747946,0.0312500065913378,0.2373979940191113,3210.9375,24.00661953975356,3.9234070749438117
B,12k_Drive_End_B021_0_222.mat,1.3010426069826053e-17,0.7909077492707942,1.0,1.0000000000000002,1.0,6.908861007523616,3.5240482671453504,3.235351363790176,-0.07877265222429203,3.5240482671453504,4.455700769646616,5.261448085277113,0.017393304440443583,0.025962193947095154,2749.7433060426083,0.03125000086247261,0.21250592745418945,3210.9375,18.630957511746796,3.4984887185868945
B,12k_Drive_End_B021_0_222.mat,9.540979117872439e-18,0.778154661689435,1.0,1.0,1.0,7.381944872284995,3.7612099082447927,3.74605151886409,-0.13566298353753453,3.7612099082447927,4.833499165935613,5.7501734213009685,0.0168537507844784,0.026315674967189687,2728.7400807958693,0.03125001863173973,0.22932920274335009,3339.84375,25.175793759555575,4.083636813953118
B,12k_Drive_End_B021_0_222.mat,9.324138683375338e-18,0.7856381283939196,1.0,1.0,1.0,7.120197990458443,3.8713373348443048,3.4622364814308546,-0.06584000754928027,3.8713373348443048,4.927634231243947,5.848853339032171,0.017281638436372627,0.02603665679936639,2727.136777853678,0.03125000038933606,0.22769185721155785,3210.9375,22.11494241736894,3.797278884866901
B,12k_Drive_End_B021_0_222.mat,-2.970713952610282e-17,0.7870737302670696,0.9999999999999999,0.9999999999999999,0.9999999999999999,7.803961416847486,3.950191439629282,3.586240370934152,0.005682241918816109,3.9501914396292825,5.018832782398803,5.931634319131582,0.016385781208020117,0.02660957348765713,2756.107804710008,0.031250011631871924,0.19572961089324264,3339.84375,19.747297241701457,3.757718474518442
B,12k_Drive_End_B021_0_222.mat,8.239936510889834e-18,0.7686903350904946,0.9999999999999999,0.9999999999999999,0.9999999999999999,8.030233432557626,4.06520301384604,4.059329169072643,-0.06705420414635929,4.065203013846041,5.288479415273852,6.31909515835331,0.01659889455412951,0.02647714717502653,2739.0837958446323,0.03125000196715395,0.22535272257510447,3210.9375,24.501173027863437,4.100660858718657
B,12k_Drive_End_B021_0_222.mat,-6.938893903907228e-18,0.7548258780049617,1.0,1.0,1.0,8.524976049789004,4.7024034969600494,4.514798885691487,-0.1181178114760155,4.7024034969600494,6.229785747924688,7.564575838717099,0.017459921473606005,0.025917447896007997,2725.2349729062366,0.03125000741290756,0.19685438234941485,3339.84375,17.29093117080454,3.376948334348089
B,12k_Drive_End_B021_0_222.mat,-1.5612511283791264e-17,0.774757391097167,1.0,1.0,1.0,8.206068106707423,4.528813894298407,3.8037145829087073,-0.08693073566505803,4.528813894298407,5.84546071627011,7.01838816608037,0.01727884041046963,0.026038522108313818,2729.8391163063866,0.03125000735224914,0.1875507833564048,3210.9375,16.217909155257342,3.3211803465654444
B,12k_Drive_End_B021_0_222.mat,-3.469446951953614e-18,0.7800221148633895,1.0,1.0,1.0,6.931994783108034,3.516733913414542,3.3946620500133315,-0.08819671158106474,3.516733913414542,4.508505395427733,5.3974790576287806,0.016740253402773166,0.02638803544794273,2780.694451037273,0.03125003198063869,0.22722434442753145,3210.9375,25.043336560323556,4.154675769986613
B,12k_Drive_End_B021_0_222.mat,1.1709383462843448e-17,0.7637925500859508,0.9999999999999999,0.9999999999999999,0.9999999999999999,6.900938761840933,3.4970018798916107,3.795921230820219,-0.1196555412760497,3.497001879891611,4.57847078961177,5.541096880862296,0.01694154359982761,0.026259313936247013,2804.3291702486936,0.03125007948705469,0.26911512072984406,3210.9375,27.72630773807772,4.179272458159026
B,12k_Drive_End_B021_0_222.mat,-1.2576745200831851e-17,0.7629452400050709,1.0,1.0,1.0,7.19293365050015,3.7296231578483847,3.856085686809596,-0.14801229999692986,3.7296231578483847,4.88845458662747,5.901807094759722,0.016835527376697912,0.026327323579344142,2755.1813701136293,0.03125000718244774,0.23236092859920962,3210.9375,22.256696437248323,3.8454375929297697
B,12k_Drive_End_B021_0_222.mat,1.6479873021779667e-17,0.7773381661079815,1.0,1.0,1.0,7.9733905392632165,4.01545784927756,3.6350156333703323,-0.08616851542444881,4.01545784927756,5.165651224077123,6.176349121678175,0.018013450416018977,0.025535916874400717,2768.569611865237,0.03125007914400662,0.1952987114515766,3210.9375,17.649881185749944,3.4429097311302104
B,12k_Drive_End_B021_0_222.mat,1.2576745200831851e-17,0.7692416817552096,0.9999999999999999,0.9999999999999999,0.9999999999999999,8.229566163739685,4.340060779742836,4.075500271289647,0.010097583302678258,4.340060779742837,5.641998974678472,6.782853679377029,0.01713763601974227,0.026131690796907865,2765.769245519288,0.0312500213159986,0.20271335474632987,3433.59375,20.628970548107265,3.72649711871471
B,12k_Drive_End_B021_0_222.mat,1.1492543028346347e-17,0.7758077624949294,1.0,1.0,1.0,7.851809061815752,4.143482786497272,3.6699697390950887,-0.033355723113658475,4.143482786497272,5.340862758542396,6.405453814416855,0.016303823987865795,0.026659854168544952,2767.4641294281278,0.03125000001464627,0.2427248194181858,3210.9375,24.36146302444575,4.0454834940418225
B,12k_Drive_End_B021_0_222.mat,1.734723475976807e-18,0.7902199492970082,1.0,1.0,1.0,6.244254869875755,3.2282951839373757,3.1409390221788573,-0.07247006596190106,3.2282951839373757,4.085312180247179,4.856054563263807,0.016441244353335195,0.026575368822146332,2754.065271128891,0.03125003590268632,0.2643056705804366,3210.9375,26.508589779263502,4.14512928958243
B,12k_Drive_End_B021_0_222.mat,-1.734723475976807e-18,0.7802391104470643,1.0,1.0,1.0,6.560253363838584,3.3846313193831827,3.382312167951349,-0.007159007543489353,3.3846313193831827,4.337941118388495,5.2057354634941335,0.016835928754459085,0.026327064460976067,2745.082604805464,0.03125000512252136,0.23022248232059694,3210.9375,24.71203825992705,4.154703133387978
B,12k_Drive_End_B021_0_222.mat,3.469446951953614e-18,0.7923847274231213,1.0,1.0,1.0,7.2563752351372495,4.258871839576293,3.2217153749196745,0.0526307257037223,4.258871839576293,5.374752556660675,6.371346831741019,0.017314847630695365,0.02601460288330259,2728.539781347267,0.03125001618639792,0.2085311787087683,3433.59375,22.676982644439004,3.9136788134030303
B,12k_Drive_End_B021_0_222.mat,-1.3010426069826053e-17,0.7938108162919855,1.0,1.0,1.0,6.958415745715376,3.8415030275596953,3.1079077851183747,-0.02918819149352919,3.8415030275596953,4.8393180701466845,5.719447943451895,0.01685970202013255,0.026311856462966694,2760.5819403162527,0.03125001348376387,0.20153978420308336,3210.9375,18.10438627346392,3.51538652867012
B,12k_Drive_End_B021_0_222.mat,-6.071532165918825e-18,0.7757263728732386,1.0,1.0,1.0,6.258374507408316,3.129223238570879,3.4127115277235576,-0.10503127226174319,3.129223238570879,4.033926585453638,4.830463927257541,0.01628947349052319,0.0266686281392733,2792.2891010882545,0.03125000277486864,0.21201213106869846,3210.9375,22.11013642785972,3.960649821573716
B,12k_Drive_End_B021_0_222.mat,-3.0357660829594124e-18,0.7742239771039938,1.0,1.0000000000000002,1.0,6.220276580308126,3.1612764928861736,3.456908857358016,-0.09554459934436388,3.1612764928861736,4.0831549866370915,4.908710961025736,0.01716512380916917,0.026113622484814063,2789.1027646375433,0.031250004074615624,0.18748103773374658,3210.9375,16.621728401453073,3.319864885843176
B,12k_Drive_End_B021_0_222.mat,7.806255641895632e-18,0.7840537250828654,1.0,1.0,1.0,7.894617279209143,4.025027009333329,3.450247627899965,-0.064427487433282,4.025027009333329,5.133611231689423,6.129346745450572,0.016868694285095045,0.02630608748008012,2788.0576018712336,0.03125000936629662,0.20028787152711872,3339.84375,18.597248168900343,3.570371670179253
B,12k_Drive_End_B021_0_222.mat,1.6696713456276768e-17,0.7791777375325062,1.0,1.0000000000000002,1.0,7.470069470866607,3.806150960536589,3.5187165557736217,-0.0025098143726260923,3.806150960536589,4.884830221907876,5.856022454005073,0.017347600193557196,0.025992757133317043,2794.0467443275415,0.031250002493873656,0.2052859487666372,3210.9375,21.291637448596006,3.7755330776551665
B,12k_Drive_End_B021_0_222.mat,-3.903127820947816e-18,0.7608461169488454,0.9999999999999999,0.9999999999999999,0.9999999999999999,7.75340787235543,4.205903051286735,3.936886952151135,0.011350750198482955,4.205903051286736,5.527928654158478,6.7065510671048045,0.016983768067675722,0.02623193373934728,2777.368203873331,0.03125000360771352,0.2121276579303477,3210.9375,18.31400363018414,3.503416652897371
B,12k_Drive_End_B021_0_222.mat,2.3852447794681098e-17,0.7782756980430839,1.0,1.0,1.0,8.768525475619644,4.759685628914173,3.9591709544483935,-0.05606840504525637,4.759685628914173,6.115680652604272,7.264807776359062,0.018311642908001576,0.025322840340011442,2716.0525355185573,0.031250000142014005,0.17979677115265105,3210.9375,15.57249925145723,3.2244611426947243
B,12k_Drive_End_B021_0_222.mat,9.540979117872439e-18,0.788260676276114,1.0,1.0,1.0,9.210226960361162,4.76263556599889,3.7068044664587525,-0.03369457183669178,4.76263556599889,6.041955040175849,7.163235971943839,0.01696847945267168,0.026241822158314006,2718.6649370778914,0.031250000401989136,0.23645083502436548,3210.9375,21.950582832587124,3.767872036030749
B,12k_Drive_End_B021_0_222.mat,-4.553649124439119e-18,0.7723857473093357,1.0000000000000002,1.0000000000000004,1.0000000000000002,8.493954002259535,4.389178929168729,3.9470018115259204,-0.010288561953400346,4.389178929168728,5.6826254814498665,6.820843409804263,0.016461208610713617,0.026562965592504602,2789.698995911052,0.03125000047990424,0.2210614967869251,3339.84375,22.492093005130656,3.883267548305163
B,12k_Drive_End_B021_0_222.mat,1.2793585635328952e-17,0.7711599096473837,0.9999999999999999,0.9999999999999998,0.9999999999999999,8.04975686440957,4.04181032747441,3.907227451679006,-0.024448063798524756,4.041810327474411,5.2412090889456975,6.286389774808553,0.017177581858564495,0.026105431803282717,2763.572117700961,0.03125000621029585,0.23808919389914446,3234.375,25.323036154726264,4.022581726923962
B,12k_Drive_End_B021_0_222.mat,1.0408340855860843e-17,0.801048518337239,1.0,1.0,1.0,6.444289618013308,3.416261185820856,2.904615879943803,-0.05183448004163704,3.416261185820856,4.264736913704171,5.020294169306119,0.017483444670410124,0.02590158276605615,2746.364368644924,0.03125000523728195,0.18958993038478153,3210.9375,17.558015807024653,3.436943076900247
B,12k_Drive_End_B021_0_222.mat,2.5587171270657905e-17,0.8018174459217091,1.0,1.0,1.0,6.821230498460286,3.781062247438271,3.021565349308845,0.012033056682908352,3.781062247438271,4.715614840597346,5.519164789065005,0.01669235416173945,0.026418335664947484,2774.2075409212466,0.031250010348266716,0.2303511401567451,3210.9375,26.343167906436868,4.125355594246041
B,12k_Drive_End_B021_0_222.mat,1.1058862159352145e-17,0.7821238738075267,1.0,1.0000000000000002,1.0,7.116237840477328,3.6521743933738215,3.5183190652152545,-0.009232334814801103,3.6521743933738215,4.669560047559151,5.546581020058853,0.016610400581929335,0.026469928469561557,2795.3400848179244,0.031250000330813814,0.23070271385971963,3339.84375,22.233741028204246,3.8690086450417227
B,12k_Drive_End_B021_0_222.mat,-2.6020852139652106e-18,0.7871109088400391,1.0,1.0,1.0,6.9116874066974665,3.580780006609757,3.4633853777307957,-0.05446489719369402,3.580780006609757,4.549269952168154,5.386759099539666,0.016996787377383298,0.026223504319624787,2772.5289238074924,0.03125000735925283,0.2159121360288716,3433.59375,21.262673843660718,3.7605734844833694
B,12k_Drive_End_B021_0_222.mat,-1.214306433183765e-17,0.794056242539575,0.9999999999999999,0.9999999999999999,0.9999999999999999,6.243770090688468,3.23610108409086,3.0975191707295413,-0.044318193816681326,3.2361010840908606,4.075405381539553,4.802192895570782,0.01720161799650523,0.026089592684272165,2748.338795629213,0.031250000130062724,0.19660082498640194,3433.59375,17.93264457255689,3.4522408000865927
B,12k_Drive_End_B021_0_222.mat,-9.540979117872439e-18,0.7850776021890851,0.9999999999999999,0.9999999999999999,0.9999999999999999,8.320497795532656,4.292720422085833,3.632373468987016,-0.04567434525633858,4.292720422085834,5.467893123069809,6.474883498364858,0.017779433813896683,0.025699463219019492,2783.6541361129935,0.03125013082354166,0.23625718033220464,3433.59375,28.895834419738257,4.269079850156194
B,12k_Drive_End_B021_0_222.mat,-2.168404344971009e-18,0.7892021208151404,0.9999999999999999,0.9999999999999998,0.9999999999999999,8.096106953730992,4.174606320808486,3.5918593478207064,0.021643396417210733,4.174606320808487,5.289654209870439,6.237775907824559,0.017011531292657492,0.02621393339027381,2755.377821316204,0.03125000001137244,0.2184159290313589,3269.53125,21.15262633033234,3.7277050568661982
B,12k_Drive_End_B021_0_222.mat,-1.0408340855860843e-17,0.7965065270587611,1.0,1.0,1.0,6.806245583104604,3.5183377805121463,3.171307582266543,0.05474946266855951,3.5183377805121463,4.4172114866455905,5.1856670121339326,0.01727174378779854,0.026043358327759294,2814.357016368759,0.03125011434314164,0.22576414044598556,3433.59375,24.064078331116814,4.01637915289345
B,12k_Drive_End_B021_0_222.mat,3.426078865054194e-17,0.7999614497028175,1.0,1.0,1.0,7.097301945755182,3.7058740282554776,3.0220453563486234,-0.028898787606035425,3.7058740282554776,4.632565768803229,5.44088759279165,0.018205241107616385,0.025399465809205414,2726.05487287606,0.031250018674865467,0.19335610801034958,3398.4375,18.29909009964706,3.3792465833881993
B,12k_Drive_End_B021_0_222.mat,1.734723475976807e-17,0.7771091305850328,1.0,1.0,1.0,9.069288005193538,4.5938667393529675,4.303871230168409,-0.0036496056162028563,4.5938667393529675,5.911482131080556,7.003868876258749,0.01698387911398419,0.02623185828326381,2746.770836391942,0.03125000062002662,0.19219831196327866,3398.4375,19.141600428218073,3.6003982760371662
B,12k_Drive_End_B021_0_222.mat,-4.336808689942018e-18,0.7635499626497964,1.0,1.0000000000000002,1.0,7.864181250478772,3.981407856164757,4.079640596128116,0.08542880869488383,3.981407856164757,5.214338354949062,6.282917595672819,0.01628262177562756,0.02667281276236606,2809.1191559642675,0.031250003400709866,0.23083506239113358,3339.84375,22.399811487293977,3.895349556433578
B,12k_Drive_End_B021_0_222.mat,-3.903127820947816e-18,0.7642909301101113,1.0,1.0,1.0,7.388398753439121,3.932233120846879,3.784835832860355,0.11082310204386389,3.932233120846879,5.144942803757154,6.243848084627074,0.016530097533032972,0.026520179084586377,2795.3033231360746,0.03125002437007234,0.2202062308468846,3433.59375,23.36969432589145,3.963953362747997
B,12k_Drive_End_B021_0_222.mat,-8.673617379884035e-19,0.7869879538261105,1.0,1.0,1.0,6.713682099883963,3.531884006294306,3.2840868441703828,0.03955866708196937,3.531884006294306,4.487850149577634,5.330767928848923,0.01746962246183608,0.025910910407974518,2745.43987039666,0.03125000779406575,0.1917414707692953,3398.4375,16.644446442734633,3.2737910810167636
B,12k_Drive_End_B021_0_222.mat,6.7220534694101275e-18,0.7806552864845797,1.0,1.0,1.0,7.310623904464332,3.6699121563407116,3.623379206154298,0.02955632571401711,3.6699121563407116,4.701066168227637,5.597741435021783,0.017510589413833915,0.02588329364927054,2749.8018970648027,0.031250050108027685,0.23578830705147957,3210.9375,22.08349086886242,3.778781709797545
B,12k_Drive_End_B021_0_222.mat,2.47198095326695e-17,0.7836617002540585,0.9999999999999999,0.9999999999999998,0.9999999999999999,6.934702568284305,3.903289363002161,3.4800906655384294,0.012394349812089055,3.9032893630021612,4.980834665949271,5.919126017798128,0.01689398595000382,0.026289840985206776,2759.41989927642,0.03125000000490215,0.23991866185607236,3339.84375,22.03571009060398,3.8232611523874778
B,12k_Drive_End_B021_0_222.mat,1.7780915628762273e-17,0.7852697578243331,0.9999999999999999,0.9999999999999999,0.9999999999999999,6.904433110906641,3.5919004275762094,3.413594343275831,0.021613143687627498,3.59190042757621,4.574097489158276,5.4300761099508,0.016286887847830923,0.026670205355554293,2782.5591471916373,0.031250001111604135,0.22608390345100585,3433.59375,24.514657270276235,4.1448942553076265
B,12k_Drive_End_B021_0_222.mat,-1.1492543028346347e-17,0.7689735554640004,1.0,1.0,1.0,8.10568443707375,4.312799638506778,4.057860480681921,0.013717294318639198,4.312799638506778,5.6085148934730595,6.714334957770883,0.01672986089219837,0.026394619136412507,2787.0205348619666,0.03125002663724596,0.24619763237681308,3210.9375,25.68973366311406,4.100514173173106
B,12k_Drive_End_B021_0_222.mat,-4.9873299934333204e-18,0.7599768084059291,0.9999999999999999,0.9999999999999999,0.9999999999999999,8.705490257725259,4.635110324964043,4.3565113322473525,-0.015016138975687649,4.635110324964044,6.099015487967727,7.368205713191436,0.01705442995060702,0.02618607040508991,2793.2830391347798,0.03125002182720017,0.25795827676890926,3210.9375,24.916641658736765,3.9800871706186327
B,12k_Drive_End_B021_0_222.mat,1.6696713456276768e-17,0.7745212571472406,1.0,1.0,1.0,8.638072196719058,4.629099210379451,3.8297708842402587,-0.016261013042324746,4.629099210379451,5.976723256672908,7.2047589647971595,0.017121731744922333,0.026142132400584318,2822.0288611081737,0.03125003655029481,0.19958346017864328,3339.84375,16.917301174076997,3.41503789229186
B,12k_Drive_End_B021_0_222.mat,-4.119968255444917e-18,0.7848048026894652,1.0,1.0,1.0,8.479187069540316,4.54755148331524,3.770295090760246,0.0030854287099746636,4.54755148331524,5.794500068974009,6.881338591363791,0.016782529607226843,0.026361131216964862,2794.4577308219423,0.03125000062488775,0.20678997205114924,3339.84375,22.165871201108278,3.846762590893053
B,12k_Drive_End_B021_0_222.mat,-5.637851296924623e-18,0.7801672160081705,1.0,1.0,1.0,7.590058957926608,3.901513538903482,3.7993341340282436,0.027726750803726684,3.901513538903482,5.000868350846752,5.9302835248613865,0.017056521990093398,0.026184712016944865,2772.174890132623,0.03125002537293173,0.20139244664370917,3398.4375,20.8779904809607,3.780447257560948
B,12k_Drive_End_B021_0_222.mat,-2.168404344971009e-17,0.7830690028995642,1.0,1.0,1.0,7.755463643939025,3.9895776776084015,3.549255526352352,0.021988430605011586,3.9895776776084015,5.094797090468031,6.051698203559328,0.016923576456966308,0.026270809833068575,2735.203354935422,0.031250006230079966,0.20304923546165787,3269.53125,20.011885805565647,3.706023519622058
IR,12k_Drive_End_IR007_0_105.mat,-1.2576745200831851e-17,0.7240562905072052,0.9999999999999999,0.9999999999999998,0.9999999999999999,8.737728830770756,4.669653377320828,5.245140635691045,0.07647473043557323,4.669653377320829,6.449296054108875,8.007285872503514,0.018699297812202163,0.02503794740403355,2705.1524259533116,0.03125000078202526,0.1699715988331286,3585.9375,12.133468923942749,2.726358466539337
IR,12k_Drive_End_IR007_0_105.mat,8.673617379884035e-19,0.7060752934699779,0.9999999999999999,0.9999999999999999,0.9999999999999999,8.77434912485965,4.691363217985574,5.629329168822936,0.08846284018113916,4.691363217985575,6.6442817945520565,8.40526743144159,0.018720631002217644,0.02502200049375311,2669.4136150250297,0.031250000541289166,0.1816243801049525,3585.9375,12.75126916529475,2.7408710731315593
IR,12k_Drive_End_IR007_0_105.mat,2.6020852139652106e-18,0.7077550867546657,1.0,1.0,1.0,9.084197477673122,5.170490520035077,5.796578042437908,0.20319244592114055,5.170490520035077,7.305479842954999,9.23438453793042,0.018612388720513844,0.025102637762795744,2675.7799401400025,0.03125001498453481,0.2101020612805425,3585.9375,14.718016646715938,2.902850205326875
IR,12k_Drive_End_IR007_0_105.mat,-1.1275702593849246e-17,0.7090326203938363,1.0,1.0,1.0,9.047507377689815,5.148731564992153,5.834642522243282,0.18607905930697993,5.148731564992153,7.261628614678208,9.118550760289374,0.019087552943011364,0.024743239862195617,2673.90755191641,0.03125000153968649,0.18295950970914426,3585.9375,11.758495449070137,2.623726248220679
IR,12k_Drive_End_IR007_0_105.mat,7.806255641895632e-18,0.7103663011953887,1.0,1.0,1.0,8.034135634183398,4.165938058606265,5.545690988189669,0.08124274367795528,4.165938058606265,5.864492799835686,7.334815782742848,0.01892494117454886,0.024867833773649557,2671.468064027929,0.03125000088086399,0.16924653129741915,3585.9375,12.052409086738653,2.651712548301821
IR,12k_Drive_End_IR007_0_105.mat,-9.540979117872439e-18,0.7184343978056804,1.0,1.0,1.0,8.14443690465513,4.200933321783994,5.330635293681858,0.06854238670968496,4.200933321783994,5.847344356861164,7.271256772684652,0.018750666099975215,0.0249995008592846,2647.3625070397084,0.0312500003584981,0.2005424909175448,3585.9375,15.755173309236431,3.0638176844199903
IR,12k_Drive_End_IR007_0_105.mat,-5.421010862427522e-18,0.7202796132358968,1.0,1.0,1.0,8.023799690997915,4.271055726561443,5.223244272745542,0.14313789496630022,4.271055726561443,5.9297190258842445,7.3793627137819815,0.018569218116876923,0.025134609227902387,2686.9730722751215,0.03125003108016864,0.19703302073995904,3585.9375,13.817506271224891,2.8831186407710994
IR,12k_Drive_End_IR007_0_105.mat,1.734723475976807e-17,0.7266616031839189,0.9999999999999999,0.9999999999999998,0.9999999999999999,7.594091387262221,4.206714138857232,4.946807605216398,0.12556330491138,4.206714138857233,5.789096493368052,7.207298028913515,0.01862870262569222,0.02509051515636787,2688.0250112017216,0.031250000197254366,0.1995066427279147,3585.9375,13.610273778906073,2.832414548445515
IR,12k_Drive_End_IR007_0_105.mat,-5.204170427930421e-18,0.7209553397157527,1.0,1.0,1.0,8.577242149769265,4.447691446728761,5.27039553002704,0.0536115210868604,4.447691446728761,6.16916361072009,7.677367460247744,0.018718238697313466,0.025023791613833946,2675.3671278683764,0.03125000170659498,0.18538151491027158,3585.9375,14.015411968932089,2.848406647503008
IR,12k_Drive_End_IR007_0_105.mat,3.903127820947816e-18,0.7061260125697406,1.0,1.0,1.0,8.44737868013529,4.4339688764484455,5.791409771995378,0.12217129438056692,4.4339688764484455,6.279288395441351,7.8874327400916995,0.01860370810807425,0.02510905367599468,2686.4604429569777,0.03125000050999055,0.2131537952746468,3585.9375,16.398156713758603,3.079202606062289
IR,12k_Drive_End_IR007_0_105.mat,5.637851296924623e-18,0.7208778668310449,1.0,1.0,1.0,9.185634778106637,5.300198518867792,5.704181119571832,0.17865413146618148,5.300198518867792,7.352422321089269,9.127400452051916,0.017849797490799887,0.025650482887685715,2664.5210960647164,0.03125000068534437,0.2305490473418551,3585.9375,19.217655915725693,3.3915499968367913
IR,12k_Drive_End_IR007_0_105.mat,1.235990476633475e-17,0.7317341052160509,0.9999999999999999,0.9999999999999998,0.9999999999999999,9.396188506945986,5.477483696674403,5.4137116883851055,0.08535291054304966,5.477483696674404,7.4856203334367315,9.192904097285526,0.018248858830998523,0.025368124420160766,2632.611639939731,0.03125000136368749,0.21736913835533264,3585.9375,17.728738248605943,3.279391091136072
IR,12k_Drive_End_IR007_0_105.mat,8.673617379884035e-18,0.7130948883627896,0.9999999999999999,0.9999999999999999,0.9999999999999999,9.079296754303414,5.2880028628284235,5.8582424056245035,0.1608102087386362,5.288002862828424,7.415566917004926,9.216762783483029,0.01873295891116481,0.025012773778211917,2647.668411054637,0.03125000162635828,0.19869099399579615,3585.9375,18.73623119811248,3.321700340147579
IR,12k_Drive_End_IR007_0_105.mat,1.734723475976807e-17,0.710700497020064,1.0,1.0,1.0,9.06952290355797,5.283567100379083,5.972252510944463,0.20326342549842646,5.283567100379083,7.4343089987031785,9.286615862640392,0.01879148880418465,0.024968829605277083,2683.1638834070236,0.03125000005336253,0.18878960568184683,3585.9375,12.412798882154807,2.714518456551452
IR,12k_Drive_End_IR007_0_105.mat,-1.8648277366750676e-17,0.715291645323777,1.0,1.0,1.0,8.599990447321677,4.541395831719198,5.482868972673204,0.01031286829546716,4.541395831719198,6.349012827716636,7.983356669578312,0.019572929062749,0.02436115843292022,2693.563180338419,0.03125004947658874,0.18376014660863468,3585.9375,11.486912049889199,2.6037025995907137
IR,12k_Drive_End_IR007_0_105.mat,-6.071532165918825e-18,0.7153973548049819,1.0,1.0,1.0,8.291172054164534,4.195994867491787,5.570121742031418,0.08017576672675755,4.195994867491787,5.8652647221985035,7.330389825911823,0.019197893804746898,0.024657724795699925,2655.616103856357,0.031250000298221024,0.17526505125034125,3585.9375,10.486581420298137,2.472490698758351
IR,12k_Drive_End_IR007_0_105.mat,8.673617379884035e-19,0.7070665611135388,0.9999999999999999,0.9999999999999998,0.9999999999999999,8.916787549472536,5.200484550238986,5.8076650687772355,0.17871054300819608,5.200484550238987,7.355014133392042,9.227500378195284,0.018924974187179436,0.024867862962828464,2696.076760458769,0.03125004410114366,0.1906969329558388,2777.34375,14.502252047352707,2.9170997301017105
IR,12k_Drive_End_IR007_0_105.mat,9.540979117872439e-18,0.7039439116536899,1.0,1.0,1.0,8.900203900312711,5.194665278665252,5.774570669826467,0.15052840432860523,5.194665278665252,7.379373828892215,9.336872047825613,0.018690727943216377,0.025044348070273597,2668.581014465164,0.03125000290099741,0.2056748566142729,3585.9375,13.60339106152358,2.8076922925475793
IR,12k_Drive_End_IR007_0_105.mat,-9.324138683375338e-18,0.7135898179788013,1.0,1.0,1.0,8.903482769608539,4.642022278290153,5.626174848740843,0.07463320477987792,4.642022278290153,6.505168881807187,8.152154148493942,0.01835749483985148,0.02528962842179438,2668.04246465978,0.031250006760120935,0.2079060696701196,3585.9375,15.335749608003535,3.037440737989523
IR,12k_Drive_End_IR007_0_105.mat,-8.890457814381136e-18,0.7152205295639129,1.0,1.0000000000000002,1.0,9.020054389313827,4.704163086621483,5.726618279876065,0.03633817683514647,4.704163086621483,6.577220440651674,8.1994174240543,0.018334215486786168,0.025306502939800284,2661.824618362702,0.03125000077692847,0.19830514714684078,3585.9375,14.434494865594395,2.9549052485761913
IR,12k_Drive_End_IR007_0_105.mat,3.903127820947816e-18,0.709065169900928,1.0,1.0,1.0,9.563977779812106,5.492527482789218,6.1828160162229775,0.2280970278309567,5.492527482789218,7.746153267627918,9.671435130364598,0.01844364214871477,0.025226876541662377,2675.464053266166,0.03125001177212776,0.21097328536620824,3585.9375,17.272466056189604,3.2051993771272356
IR,12k_Drive_End_IR007_0_105.mat,1.2793585635328952e-17,0.6996184817540262,1.0,1.0,1.0,9.173813574119633,5.271752918530529,6.08702338254704,0.1794209119219953,5.271752918530529,7.53518246875586,9.56937650010962,0.018595267264678278,0.025115327084990487,2686.2514788122567,0.031250017907688825,0.2219151989055143,3585.9375,16.676945368403373,3.0992165666248512
IR,12k_Drive_End_IR007_0_105.mat,-2.6454533008646308e-17,0.7186742374011665,1.0,1.0,1.0,8.528912532705322,4.893350563448993,5.392593028893689,0.08659592746484969,4.893350563448993,6.808857628101545,8.533323057263567,0.01793850179853059,0.025588525834794425,2656.7582877029267,0.031250000018781234,0.24423575433302047,3585.9375,22.096970828072273,3.5901872778090613
IR,12k_Drive_End_IR007_0_105.mat,-1.214306433183765e-17,0.7250694580630602,0.9999999999999999,0.9999999999999998,0.9999999999999999,9.342483897826877,5.234491944748455,5.710411884181609,0.18340259382105342,5.234491944748456,7.219297250130765,8.932897623569422,0.017817664296730304,0.02567282511677781,2657.7561816376456,0.03125000976748064,0.22606454135724344,3585.9375,20.27699507242427,3.5870301358065535
IR,12k_Drive_End_IR007_0_105.mat,2.6020852139652106e-18,0.7230185830704089,1.0,1.0000000000000002,1.0,9.336347527045138,5.229028355348207,5.524036890632835,0.14094090707866408,5.229028355348207,7.232218476518735,8.96633190836791,0.017815521359969663,0.02567435920522161,2671.1182994285537,0.03125004835078312,0.2549153101729342,3585.9375,27.357764279734585,4.174015263564407
IR,12k_Drive_End_IR007_0_105.mat,8.673617379884035e-18,0.7199601939568949,1.0,1.0000000000000002,1.0,8.932429174100466,5.2190106805317855,5.351011582479552,0.1259847129164714,5.2190106805317855,7.249026716113496,9.030490534427557,0.01700952978816675,0.026215238505606,2614.142111449816,0.03125000533632497,0.28837815935184313,3585.9375,32.47447476450901,4.428905968033909
IR,12k_Drive_End_IR007_0_105.mat,-1.5395670849294163e-17,0.7170194720061374,1.0,1.0,1.0,8.83410287381736,5.165986656234979,5.301959267377497,0.13669364737780476,5.165986656234979,7.204806644624514,9.060777876022893,0.01733765098489174,0.02599942915426918,2634.687394790993,0.031250031328332775,0.27003908253864006,3585.9375,27.911421905852578,4.124569163924042
IR,12k_Drive_End_IR007_0_105.mat,-8.673617379884035e-18,0.721115536975884,1.0,1.0000000000000002,1.0,8.81556878624565,4.65837179217426,5.067622271547618,0.13505684459166856,4.65837179217426,6.4599520511094575,8.085633642455626,0.018188799427652558,0.025411276716567503,2704.424184407351,0.03125004654373077,0.23634578724373015,3585.9375,19.632240072376845,3.396021790249194
IR,12k_Drive_End_IR007_0_105.mat,-1.0408340855860843e-17,0.720700880412771,1.0,1.0,1.0,8.842100470712936,4.671058896112522,5.16769376947812,0.1125561289234899,4.671058896112522,6.481272637598612,8.071269714891333,0.018356749471880873,0.02529016163916634,2666.4318379331585,0.03125000043053695,0.21902978602538575,3585.9375,18.23981676433934,3.3196323089103963
IR,12k_Drive_End_IR007_0_105.mat,1.214306433183765e-17,0.7228645313462914,0.9999999999999999,0.9999999999999998,0.9999999999999999,8.86045081128137,5.1558894311172985,5.42566831936681,0.10086180350431878,5.155889431117299,7.1325804594600415,8.847550946219158,0.01798360651678449,0.025556864464968475,2650.489606314073,0.03125001479409733,0.2282391125468887,3585.9375,20.19193270553849,3.513885103305115
IR,12k_Drive_End_IR007_0_105.mat,-9.540979117872439e-18,0.715447441871319,1.0,1.0,1.0,8.908009066725509,5.186168991995187,5.523676093900307,0.21090209983721053,5.186168991995187,7.248846929175233,9.087409144327738,0.017642773637635487,0.02579332169811464,2614.4795198296856,0.03125000649361976,0.2526646962451225,3585.9375,25.002371526353453,3.917636325702659
IR,12k_Drive_End_IR007_0_105.mat,-5.637851296924623e-18,0.7162194476417394,0.9999999999999999,0.9999999999999998,0.9999999999999999,8.584437081826485,4.709975668362731,5.255515135970618,0.17327748915107766,4.709975668362732,6.576162772277459,8.245151001977415,0.017922322821805926,0.025599863076749593,2664.555294051086,0.031250002318037554,0.2551581945200164,3585.9375,25.076580682909718,3.8308805448548746
IR,12k_Drive_End_IR007_0_105.mat,-1.3444106938820255e-17,0.7241111797797283,0.9999999999999999,0.9999999999999999,0.9999999999999999,8.433970246469185,4.626613807323461,4.952747327425682,0.09767214540787951,4.626613807323462,6.389369390389551,7.963811614811042,0.018204513393579966,0.02539997108980398,2664.7502410623847,0.0312500054281581,0.25532000210737454,3585.9375,25.080328865436147,3.8011836783453483
IR,12k_Drive_End_IR007_0_105.mat,1.0842021724855044e-18,0.7273952726787141,0.9999999999999999,0.9999999999999999,0.9999999999999999,8.388179705623887,4.663862444658792,4.8754183621174825,0.09701788336718263,4.663862444658793,6.411730485247175,7.991294572226695,0.017683717829681686,0.025765262882722583,2596.328726181846,0.031250002363129574,0.2636512811570665,3585.9375,27.716020568646947,4.059147059051853
IR,12k_Drive_End_IR007_0_105.mat,1.6046192152785466e-17,0.7266692079689321,1.0,1.0,1.0,8.405434455723087,4.672325488908596,5.048687526244107,0.18049631308747488,4.672325488908596,6.429783232411791,7.983931241458354,0.017538356754352225,0.02586442916741829,2629.6794083180102,0.03125000246078919,0.2678256126732519,3585.9375,27.317106370424934,4.0118395399163465
IR,12k_Drive_End_IR007_0_105.mat,-1.7564075194265172e-17,0.7209209440477288,0.9999999999999999,0.9999999999999998,0.9999999999999999,8.79406355479304,4.938434756165885,5.30281514541469,0.19062326769142768,4.9384347561658855,6.8501751779303754,8.522645956038437,0.017505941285403146,0.02588638381454635,2619.887396177266,0.03125000555651134,0.2709630133664621,3585.9375,29.02047747376853,4.1778796767768025
IR,12k_Drive_End_IR007_0_105.mat,-1.9949319973733282e-17,0.7227020500142436,1.0,1.0,1.0,8.546563599744882,4.800980071399254,4.906992050226632,0.06893565753266641,4.800980071399254,6.643097347384904,8.279864563760556,0.01732891469899176,0.026005232159868965,2656.601414703981,0.03125001414933465,0.2558159291797806,3585.9375,24.46404407883307,3.8898281338437712
IR,12k_Drive_End_IR007_0_105.mat,-9.540979117872439e-18,0.7281601488882063,1.0,1.0,1.0,7.326084765643305,4.012450520306423,4.516321360707623,0.09739034244626919,4.012450520306423,5.510395654627414,6.865558712708291,0.017533283841252488,0.02586790280740472,2663.269202151682,0.031250031006564816,0.2611017408266595,3585.9375,28.53531553177486,4.18097709846306
IR,12k_Drive_End_IR007_0_105.mat,2.0816681711721685e-17,0.7210561725402453,1.0,1.0,1.0,8.910392939743243,4.865951155734068,5.168109199278698,0.21465928692142874,4.865951155734068,6.748366273034682,8.454492881741999,0.017430222020121847,0.025937441009199872,2660.006741146958,0.03125001577241944,0.26392445133373693,3585.9375,26.62938686858355,3.992997370088265
IR,12k_Drive_End_IR007_0_105.mat,-1.474514954580286e-17,0.719260632285239,1.0,1.0,1.0,8.862946277023035,4.7932390635556565,5.308567620670059,0.12318005518732206,4.7932390635556565,6.664119859203958,8.332967169620952,0.017305259883315216,0.02602096280184621,2622.912241082434,0.03125000039622629,0.2767200235635621,3585.9375,31.66056207648715,4.400783027800721
IR,12k_Drive_End_IR007_0_105.mat,-5.204170427930421e-18,0.7278001467242101,0.9999999999999999,0.9999999999999998,0.9999999999999999,8.231021176720178,4.175516266912841,4.876161250704926,0.008858079606475621,4.175516266912842,5.737174258217203,7.130680628460881,0.01721306229168232,0.026082054743141788,2605.9739901688963,0.03125000948930386,0.26693361996686515,3585.9375,29.80323427456826,4.329595245461049
IR,12k_Drive_End_IR007_0_105.mat,-3.0357660829594124e-18,0.7195760336335993,1.0,1.0,1.0,7.905501481252816,4.400692790450161,4.954001796820789,0.14412368388794897,4.400692790450161,6.11567448713967,7.668363694243603,0.017606167448035087,0.025818322543118527,2637.2412803591246,0.03125000657837935,0.25014561862436535,3585.9375,24.387956898718592,3.8822155320540928
IR,12k_Drive_End_IR007_0_105.mat,-1.3010426069826053e-18,0.7267729709737334,0.9999999999999999,0.9999999999999998,0.9999999999999999,8.181261672243279,4.557394689419767,4.948112644447179,0.21068588140275038,4.557394689419768,6.270726721322274,7.791425523790269,0.017871458230254215,0.025635410894040953,2647.1359559376483,0.03125001297570986,0.25125198027404916,3585.9375,23.707467706182033,3.76370238348989
IR,12k_Drive_End_IR007_0_105.mat,1.1709383462843448e-17,0.7286277882033348,1.0,1.0,1.0,8.368833218658263,4.490017614149879,4.994409662004232,0.10847602741200357,4.490017614149879,6.162292581815271,7.626372368436029,0.01734432089176839,0.0259949548473601,2638.5653885855277,0.03125001031540508,0.28856150608451864,3585.9375,33.89081093029556,4.497177074163863
IR,12k_Drive_End_IR007_0_105.mat,-8.673617379884035e-18,0.7159923745970116,0.9999999999999999,0.9999999999999998,0.9999999999999999,8.240003818434012,4.418381611167194,5.141186095566,0.14567625801400624,4.418381611167195,6.170989759009698,7.728345484484614,0.017348050903654155,0.025992458496041412,2594.3586727677916,0.03125000430118708,0.2959747062149623,3585.9375,36.30136941524571,4.6458141546248255
IR,12k_Drive_End_IR007_0_105.mat,-1.3010426069826053e-17,0.7196582794807271,1.0,1.0000000000000002,1.0,7.346752583150382,4.131382911156083,4.958441421749449,0.21084697542737135,4.131382911156083,5.740756451988717,7.198499086922366,0.01768071007562006,0.025767334748853288,2632.118752689499,0.03125000878140029,0.27169125288168156,3585.9375,28.08142237771371,4.044035665047392
IR,12k_Drive_End_IR007_0_105.mat,4.336808689942018e-18,0.7260368338866389,0.9999999999999999,0.9999999999999998,0.9999999999999999,7.523102561906182,4.169808109293001,5.066320095445554,0.16514406896308226,4.169808109293002,5.7432459548520125,7.1498988390877996,0.01807806478714662,0.025490117372162717,2643.8729357782845,0.03125000016151844,0.24443110085701883,3585.9375,22.254391048059208,3.665575351441694
IR,12k_Drive_End_IR007_0_105.mat,-4.553649124439119e-18,0.7233792370492629,0.9999999999999999,0.9999999999999999,0.9999999999999999,9.264220081003312,5.036739403880992,5.25493968502779,0.08877312361254101,5.0367394038809925,6.962792330654058,8.717103039306473,0.017655504235534678,0.025784601421009273,2665.88377124989,0.03125000000402074,0.24621518533671957,3585.9375,22.978071520444242,3.6923840663567113
IR,12k_Drive_End_IR007_0_105.mat,-5.204170427930421e-18,0.7166194676329882,1.0,1.0,1.0,9.29988928639027,5.0571891064227,5.265845580694631,0.10823809802616988,5.0571891064227,7.057007707489054,8.886479935928898,0.017322968444612577,0.026009178314515317,2632.4299324772514,0.03125000147726871,0.25974483828391925,3585.9375,26.36934893662412,3.9767819129093462
IR,12k_Drive_End_IR007_0_105.mat,-9.974659986866641e-18,0.721918035401949,0.9999999999999999,0.9999999999999999,0.9999999999999999,8.982418794741132,5.053560051973226,5.311895368718158,0.21893414050186624,5.053560051973227,7.0001853453619685,8.723218446551634,0.01793264569028464,0.02559263591870473,2622.3924641233993,0.0312500047155302,0.23158323779745463,3585.9375,19.786992992175794,3.440060362482571
IR,12k_Drive_End_IR007_0_105.mat,1.2576745200831851e-17,0.7213236262468488,1.0,1.0,1.0,8.695007859421898,4.88779249775553,5.180170183326249,0.14867570075878278,4.88779249775553,6.776143633596784,8.48475634802516,0.017495941915550952,0.02589313735298099,2636.565265169623,0.03125000072788275,0.24923608819069853,3585.9375,23.61373216192274,3.8188572161511325
IR,12k_Drive_End_IR007_0_105.mat,2.0816681711721685e-17,0.7233286592576645,1.0000000000000002,1.0000000000000004,1.0000000000000002,8.031246987924261,4.494636879539659,4.88771611559984,0.10340949300144545,4.494636879539658,6.213823857266212,7.799183320338456,0.017288657899783372,0.026032001471004103,2613.9046155852993,0.031250004680993274,0.25680144982434383,3585.9375,27.11224324173126,4.081539934456954
IR,12k_Drive_End_IR007_0_105.mat,-8.673617379884035e-19,0.7184208752527126,0.9999999999999999,0.9999999999999999,0.9999999999999999,7.8927645315423804,4.423200683975168,5.100157168545202,0.20944260917990232,4.4232006839751685,6.156837637017796,7.726378602756782,0.017179275080205517,0.026104311605634714,2609.957169932016,0.03125000122696711,0.2854911374109093,3585.9375,33.40306752577577,4.507583884640681
IR,12k_Drive_End_IR007_0_105.mat,-3.903127820947816e-18,0.7176507521579755,1.0,1.0,1.0,9.00987260811216,4.9739622661385825,5.285104509426949,0.17919488816341284,4.9739622661385825,6.930895357082648,8.703203125363734,0.017449288919063,0.025924692579535683,2709.817155058022,0.031250077905892765,0.2739054380072549,3585.9375,29.620132907148175,4.2526806104435435
IR,12k_Drive_End_IR007_0_105.mat,-1.734723475976807e-18,0.7322456086135185,0.9999999999999999,0.9999999999999998,0.9999999999999999,9.267914941766307,5.11301846739238,4.876349977717486,0.08032704476841508,5.113018467392381,6.982655009804295,8.682448472782863,0.017499104024398582,0.025891013799822643,2639.896315424175,0.031250011795827044,0.26206823061767437,3585.9375,26.934790631823308,4.089027550758011
IR,12k_Drive_End_IR007_0_105.mat,1.9949319973733282e-17,0.7334110058283829,1.0,1.0,1.0,7.9544345795772955,4.183905599823545,4.783968392635192,0.09281135852892658,4.183905599823545,5.704721590723677,7.034997806364188,0.017067915405413598,0.026177297838659633,2643.7095711372112,0.0312500345347049,0.26826572942017307,3585.9375,28.917444105771782,4.242433347138856
IR,12k_Drive_End_IR007_0_105.mat,9.540979117872439e-18,0.7241086370215539,1.0,1.0,1.0,7.430104979190228,3.995722550036918,4.980748575487539,0.17681616956107285,3.995722550036918,5.518125797355985,6.83860263101306,0.017207431342005024,0.02608576236145915,2652.7570467379974,0.03125000306189322,0.29095033409201326,3585.9375,33.358181312695805,4.405082897447278
IR,12k_Drive_End_IR007_0_105.mat,-8.673617379884035e-19,0.7266513254857655,1.0,1.0,1.0,7.898592434921365,4.501581569896593,4.902959336455778,0.21511441400328088,4.501581569896593,6.194967809199675,7.668125653208972,0.01796481218413719,0.0255700634212275,2666.722758080504,0.03125000192283067,0.24333563469972835,3585.9375,20.965812312016368,3.472774667353694
IR,12k_Drive_End_IR007_0_105.mat,1.7780915628762273e-17,0.7354176865652664,1.0,1.0,1.0,8.724685137593589,4.694375876172514,4.702407589837706,0.1283905987073828,4.694375876172514,6.38327845784805,7.859929676332262,0.017428626451516653,0.02593849539198501,2642.6850783404298,0.03125000101098452,0.2651780235928231,3585.9375,26.067970708512043,3.9251127473239906
IR,12k_Drive_End_IR007_0_105.mat,-1.734723475976807e-18,0.7262797479185839,0.9999999999999999,0.9999999999999998,0.9999999999999999,7.788294955996729,3.944306994135402,4.696133760056367,0.09327619205407388,3.9443069941354025,5.430837091959722,6.776389865783875,0.01733213983920922,0.02600307016341851,2643.705020335183,0.03125000366927289,0.26895063641136197,3585.9375,30.177003220574147,4.2722535626127165
IR,12k_Drive_End_IR007_0_105.mat,1.0842021724855044e-17,0.7179198682029374,0.9999999999999999,0.9999999999999999,0.9999999999999999,7.953448999103314,4.24289305533907,5.0883722359767285,0.10728687510207814,4.242893055339071,5.909981382685057,7.409732922815521,0.01727944128280619,0.026038133515084813,2685.163265284156,0.03125001580792128,0.27637376599295577,3585.9375,28.83265797823732,4.092488882110197
IR,12k_Drive_End_IR007_0_105.mat,2.0599841277224584e-17,0.7235796226208837,1.0,1.0,1.0,8.59725044866302,4.7486004220915765,5.1533184312994145,0.053474784799216635,4.7486004220915765,6.56265084537847,8.185290028105355,0.017586444375871417,0.02583175745561216,2654.8445953649134,0.031250003504498906,0.26116281191129004,3585.9375,26.21981546563738,3.945241061620369
IR,12k_Drive_End_IR007_0_105.mat,-2.168404344971009e-18,0.7341328524692655,1.0,1.0,1.0,8.807552469586327,4.867451932718271,4.9227521942341435,0.09638570024189966,4.867451932718271,6.630205849454267,8.167294573889125,0.018160184977684783,0.025431722062610216,2640.088632474764,0.03125003688787556,0.23467875449607253,3585.9375,21.70121560945625,3.668590720051736
IR,12k_Drive_End_IR007_0_105.mat,-7.37257477290143e-18,0.7315104176696678,1.0,1.0000000000000002,1.0,8.497628499762536,4.7634261245724865,5.118113315537352,0.22408148543305212,4.7634261245724865,6.511767993335035,8.02149537034406,0.01798224948201991,0.02555787682999462,2672.007267046472,0.031250061831791326,0.2514328476163202,3585.9375,25.038191746388637,3.919747724409233
IR,12k_Drive_End_IR007_0_105.mat,-6.5052130349130266e-18,0.7140282973200114,1.0,1.0,1.0,9.308566800753427,5.404172835315729,5.777359107428485,0.16572543028500658,5.404172835315729,7.568569558936822,9.489420051962455,0.017835373823507722,0.025660538917483978,2657.4977484989427,0.03125002107135248,0.25514734539478046,3585.9375,24.550282962659267,3.855331344978672
IR,12k_Drive_End_IR007_0_105.mat,2.168404344971009e-18,0.7225390935371422,1.0,1.0000000000000002,1.0,9.369337098733666,5.439591406883505,5.63756080212024,0.07498531256456274,5.439591406883505,7.528438883845504,9.354482745802352,0.018245579952188354,0.025370532735939443,2698.117448708875,0.03125004190552506,0.2231679269624129,3585.9375,17.069212010236175,3.1696949437796555
IR,12k_Drive_End_IR007_0_105.mat,8.673617379884035e-19,0.7370087338609722,1.0,1.0,1.0,8.530234311345366,4.5223193134256165,4.954888436729538,0.10437825129813438,4.5223193134256165,6.136045755841338,7.526011786763777,0.018927158879455667,0.024866173634563764,2675.0539915868308,0.03125002295155047,0.1888067324524599,3585.9375,12.632968691002672,2.757282613756973
IR,12k_Drive_End_IR007_0_105.mat,1.734723475976807e-18,0.7237630428268547,1.0,1.0,1.0,9.382643773868644,5.378392990035746,5.549814365414742,0.19066791864733731,5.378392990035746,7.43115173307131,9.197027722293628,0.018699296722979285,0.02503794795683737,2660.875812778154,0.03125000057317313,0.16404893469239382,2613.28125,12.110164409965094,2.7404678920658014
IR,12k_Drive_End_IR007_0_105.mat,-1.3227266504323154e-17,0.7083973124963991,1.0,1.0,1.0,9.252822025921198,5.306450899352455,6.00883117039039,0.15472262844226384,5.306450899352455,7.490783499237835,9.407413056751173,0.018636021850086608,0.025085088645767504,2659.4138389603645,0.03125000772420575,0.16533712651286572,3585.9375,12.048981142145239,2.754296518707345
IR,12k_Drive_End_IR007_0_105.mat,9.107298248878237e-18,0.7192451589846269,1.0,1.0,1.0,8.932605967746827,5.209706196683046,5.689160100335033,0.09039316510648304,5.209706196683046,7.243296853103181,9.0259734714551,0.018842202287092904,0.024930584947005903,2638.3377955008264,0.031250002445241606,0.171821384722776,3585.9375,11.181476303905589,2.604360355126569
IR,12k_Drive_End_IR007_0_105.mat,-1.1709383462843448e-17,0.717112183325955,0.9999999999999999,0.9999999999999999,0.9999999999999999,8.69339720733907,4.907678592327614,5.60500740505923,0.21964964311530075,4.907678592327615,6.843669242329531,8.584684729939195,0.018959115817746366,0.024841804747855852,2678.694518419111,0.03125001337153816,0.1775647529742926,3585.9375,10.843122115424823,2.535063672394681
IR,12k_Drive_End_IR007_0_105.mat,8.673617379884035e-19,0.7074411362002557,1.0,1.0,1.0,8.770832822461568,4.955074844684496,5.704662055860095,0.23832959143746643,4.955074844684496,7.004222105741191,8.866863021902194,0.019424098940620527,0.02447992986305508,2655.4977082036744,0.031250001372081754,0.16371428255308032,3585.9375,10.785953778227626,2.513472442357056
IR,12k_Drive_End_IR007_0_105.mat,1.3010426069826053e-18,0.7066110495570606,1.0,1.0000000000000002,1.0,9.578473461859183,5.510467476535692,6.175045914380085,0.08928539826822554,5.510467476535692,7.79844509930878,9.818940599647693,0.019475015595375365,0.024439515380449802,2738.050915798882,0.0312500583114873,0.16263108250566335,3585.9375,9.3049289786787,2.354471222601041
IR,12k_Drive_End_IR007_0_105.mat,6.5052130349130266e-18,0.7044450854042539,1.0,1.0,1.0,9.571824441389705,5.507139173673857,6.43098669074849,0.06269588110815857,5.507139173673857,7.817698338421258,9.863226975038828,0.019099888692178484,0.024733717044414984,2663.8434971953106,0.03125000011018867,0.1781261182707471,3585.9375,10.453318034753547,2.4551107485045054
IR,12k_Drive_End_IR007_0_105.mat,-5.637851296924623e-18,0.7172064108161813,1.0,1.0,1.0,9.007446509235354,4.994304917722216,5.686434606777032,0.15440127011402183,4.994304917722216,6.963553089324305,8.678542718649917,0.019408678595761165,0.024492246672427467,2728.71872955644,0.03125007123026429,0.16834863322882915,3609.375,10.084601711823668,2.427217960154605
IR,12k_Drive_End_IR007_0_105.mat,-3.903127820947816e-18,0.7225671974756885,1.0,1.0,1.0,8.254366577703795,4.420634722397396,5.139864325430969,0.18267853416379298,4.420634722397396,6.117956555239463,7.590830746586964,0.01972079678890682,0.024241549722070366,2653.3213037373207,0.03125000094267146,0.14841827849395214,2613.28125,8.936971266542727,2.2809675543297327
IR,12k_Drive_End_IR007_0_105.mat,-1.6696713456276768e-17,0.7175785659143574,0.9999999999999999,0.9999999999999998,0.9999999999999999,7.9564694453136875,4.055247434973315,5.075324471829544,0.09448615673921325,4.055247434973316,5.651293987308571,7.074217375474227,0.01888963689503416,0.024894671051896928,2695.5446697190546,0.03125000846093311,0.1629144787140297,3585.9375,10.529525559956662,2.5338576414602594
IR,12k_Drive_End_IR007_0_105.mat,-1.214306433183765e-17,0.7143603638352937,1.0,1.0,1.0,8.084313262960944,4.253321610095307,5.413482781670143,0.15068761221449378,4.253321610095307,5.954028002421441,7.433692367442882,0.018247724300451885,0.025368938851126385,2669.945469639155,0.03125000000923987,0.24306213698312734,3585.9375,19.582804454439163,3.291397084459156
IR,12k_Drive_End_IR007_0_105.mat,-2.6020852139652106e-18,0.7097627274332164,1.0,1.0,1.0,9.221840396607234,5.447221452414368,6.025728985227043,0.2875991095767252,5.447221452414368,7.674707676061945,9.573529301743333,0.018191026763898745,0.02540963656868134,2690.6209355070955,0.03125000936443618,0.2164158154283398,3585.9375,16.641437638251755,3.13078152721398
IR,12k_Drive_End_IR007_0_105.mat,-2.0599841277224584e-17,0.7210675943097455,1.0,1.0,1.0,8.98111836115804,5.3046449206937165,5.493948544741686,0.22063805506455547,5.3046449206937165,7.356654164678805,9.108666968875305,0.01870133373288992,0.02503642741123555,2682.2892393270863,0.03125000129451186,0.17373820209108798,3585.9375,11.759766169945603,2.6575615038148603
IR,12k_Drive_End_IR007_0_105.mat,-1.7997756063259374e-17,0.7311676515618014,1.0,1.0000000000000002,1.0,7.771617230726181,4.138327125565688,4.886595465808185,0.07121646357675246,4.138327125565688,5.659888148396701,6.976240530323364,0.01847605758595197,0.02520313300101772,2693.113657479156,0.031250001871782375,0.17910136310599137,3585.9375,12.022026190111081,2.6768293350956065
IR,12k_Drive_End_IR007_0_105.mat,1.8431436932253575e-17,0.718037126404122,1.0,1.0,1.0,7.728815588203151,4.036837215700537,5.0992958200822684,0.09898280982293038,4.036837215700537,5.622045249828133,7.045735001642285,0.018458830210223758,0.02521575946863602,2679.4810430806024,0.03125000701295883,0.22595845123376365,3585.9375,19.125614605381948,3.315636844396017
IR,12k_Drive_End_IR007_0_105.mat,3.0357660829594124e-18,0.704806122836473,1.0,1.0,1.0,10.078560466561449,5.675037135796416,6.083387099114539,0.22001158104528926,5.675037135796416,8.051912365569958,10.172684111916725,0.017999608669488413,0.02554559087168792,2674.8541006993537,0.0312500100038126,0.25382209101440273,3585.9375,24.682948987917786,3.823423669477218
IR,12k_Drive_End_IR007_0_105.mat,5.204170427930421e-18,0.7121951082620366,1.0,1.0,1.0,10.495523544949265,5.908866761354946,6.250075186213895,0.18144234766576825,5.908866761354946,8.296696639456428,10.376988193043326,0.018372145553241275,0.025278987381741422,2671.2203949013447,0.031250006964410826,0.22896042524699517,3585.9375,20.23383043504882,3.4418056345849646
IR,12k_Drive_End_IR007_0_105.mat,-5.637851296924623e-18,0.7154712984011601,0.9999999999999999,0.9999999999999998,0.9999999999999999,8.684914371073647,4.745445887924349,5.402812883205708,0.14927061245815682,4.74544588792435,6.632615310395874,8.288913343473336,0.01915975274814384,0.02468742835897248,2679.329567443436,0.03125004390955962,0.20629835600867677,3585.9375,15.715843791248256,3.013303642372358
IR,12k_Drive_End_IR007_0_105.mat,6.938893903907228e-18,0.7068204028621797,1.0000000000000002,1.0000000000000004,1.0000000000000002,8.303037207387545,4.5339525213725205,5.493757202319985,0.23827979364778,4.53395252137252,6.414575050483622,8.13688296206016,0.01736197346658005,0.025983157803253217,2662.9474588236662,0.031250001793327764,0.2698646844336401,3585.9375,28.077810623896074,4.07497665199752
IR,12k_Drive_End_IR007_0_105.mat,-1.3877787807814457e-17,0.7068987963296521,1.0,1.0,1.0,9.305168956227071,5.558079715383687,5.974422472769304,0.2405097102647139,5.558079715383687,7.862624387312941,9.947477519759593,0.017272291903515587,0.026043072128977173,2715.7213218245333,0.03125017877573435,0.2825389359879452,3585.9375,32.65672087259781,4.512840745277628
IR,12k_Drive_End_IR007_0_105.mat,1.3010426069826053e-18,0.7211391407715736,1.0,1.0000000000000002,1.0,9.679536565310523,5.75597783848638,5.865782162194222,0.11152539923209503,5.75597783848638,7.981785362985352,9.854832758577748,0.01702120670185312,0.026207652950711584,2608.1127186062336,0.031250000812354406,0.2536541430529362,3585.9375,27.417169466816592,4.21892106292208
IR,12k_Drive_End_IR007_0_105.mat,-1.474514954580286e-17,0.7221587313883062,1.0,1.0,1.0,8.293682761922573,4.484548532325215,5.247984781640584,0.09405197210448223,4.484548532325215,6.20992080744346,7.673296392514327,0.017497040103051427,0.02589239838762656,2639.8166674980093,0.031250003306101524,0.24344056299531727,3585.9375,23.91773462172148,3.8917072568827176
IR,12k_Drive_End_IR007_0_105.mat,9.540979117872439e-18,0.7179977004885162,0.9999999999999999,0.9999999999999998,0.9999999999999999,8.214722343274314,4.474669417511438,5.225981441533478,0.15782926924126994,4.474669417511439,6.232150067426305,7.788330136005802,0.017579521464554358,0.02583646506952015,2633.879844629747,0.03125000003538019,0.2683723725148404,3585.9375,27.633824438261712,4.04148749482478
IR,12k_Drive_End_IR007_0_105.mat,4.336808689942018e-18,0.7191798103760079,1.0,1.0,1.0,8.92593776846734,5.446961361760479,5.354590497384926,0.18628597871081193,5.446961361760479,7.573851884013056,9.4976840419879,0.01725185362746541,0.026056401909774807,2654.366752522274,0.03125000054507532,0.2585192643029369,3585.9375,26.728055326888537,4.071602908610166
IR,12k_Drive_End_IR007_0_105.mat,-8.673617379884035e-19,0.7202293303308992,0.9999999999999998,0.9999999999999997,0.9999999999999998,9.110741297683798,5.503664394911801,5.496078649299503,0.2245220131257233,5.503664394911802,7.641544384735373,9.517893103308761,0.017260645758541908,0.02605058612694027,2625.3558039221552,0.0312500068729433,0.2830147946355935,3585.9375,35.37878705266677,4.682644635612781
IR,12k_Drive_End_IR007_0_105.mat,-1.214306433183765e-17,0.7148799857897894,0.9999999999999999,0.9999999999999998,0.9999999999999999,7.858603460227906,4.15652940923334,5.33794334348326,0.21160411080316674,4.1565294092333405,5.814303787846661,7.264207681369339,0.017551795249755333,0.025855328284796475,2655.383708208512,0.03125001627525865,0.2728111978638741,3585.9375,28.156745511172417,4.048160309791831
IR,12k_Drive_End_IR007_0_105.mat,1.0408340855860843e-17,0.7037911715584619,0.9999999999999999,0.9999999999999999,0.9999999999999999,7.931484462137289,4.277366609413474,5.530218988618933,0.14571334104923944,4.277366609413475,6.077607651630176,7.718008093675007,0.017877469466017627,0.02563120340377509,2669.6743549060006,0.031250000038945354,0.2527967343896579,3585.9375,22.725063503647103,3.6032842239421683
IR,12k_Drive_End_IR007_0_105.mat,1.1058862159352145e-17,0.7131747296769024,1.0,1.0,1.0,9.28574150891719,5.541097001906329,5.646935386972375,0.13828313589541472,5.541097001906329,7.769620502982032,9.794309454530126,0.017332158813791916,0.026003076921573748,2663.464371824034,0.03125001981656629,0.26235376626186596,3585.9375,27.911098057432874,4.139721905617963
IR,12k_Drive_End_IR007_0_105.mat,9.974659986866641e-18,0.7241790974877969,1.0,1.0,1.0,9.385676578060973,5.598705070977215,5.4338971983538515,0.1810642580768712,5.598705070977215,7.7311055930768,9.60612858773768,0.01774812718395959,0.0257209347152263,2655.016893259462,0.03125000001860702,0.2536592254597497,3585.9375,24.044269550978175,3.7637013223049602
IR,12k_Drive_End_IR007_0_105.mat,-9.107298248878237e-18,0.7139762762498202,1.0,1.0000000000000002,1.0,8.366016863120446,4.588944691980376,5.56865610851907,0.1611951034326808,4.588944691980376,6.427306963312469,8.08534923038013,0.018348233107096396,0.02529634422738183,2686.580679148357,0.03125000303076053,0.22972703401961622,3585.9375,18.152133309481382,3.2218052749896504
IR,12k_Drive_End_IR007_0_105.mat,1.5612511283791264e-17,0.7066788871883624,1.0,1.0,1.0,8.426192609692082,4.681811009916797,5.727108027909242,0.09383661521981748,4.681811009916797,6.625089690374292,8.441457570464914,0.018241163742887496,0.025373656528512197,2690.3113151770744,0.03125000000514788,0.21968371242369802,3585.9375,16.59586045375851,3.1189053526536434
IR,12k_Drive_End_IR007_0_105.mat,2.992397996059992e-17,0.7163613192226768,1.0,1.0,1.0,8.576269800499809,4.765278281473695,5.392688881680018,0.10847038105259474,4.765278281473695,6.652059726849149,8.362459796813445,0.017968197779881984,0.025567682111822372,2647.462801121481,0.031250000000450515,0.2242634174044698,3585.9375,18.959394361651583,3.373152085014423
IR,12k_Drive_End_IR007_0_105.mat,-4.7704895589362195e-18,0.7192777397633263,0.9999999999999999,0.9999999999999999,0.9999999999999999,8.008258829534395,4.323391162091373,5.137877041751541,0.2170154635762007,4.323391162091374,6.010739555924471,7.491940328845772,0.018462148419215757,0.025213325781079456,2684.0395214701243,0.03125000353913575,0.22561312288355023,3585.9375,17.151962552974773,3.130781636326647
IR,12k_Drive_End_IR007_0_105.mat,-9.540979117872439e-18,0.7245288122135407,0.9999999999999999,0.9999999999999999,0.9999999999999999,7.676123101435424,3.9967845974731677,4.939407102749437,0.14523244498883098,3.996784597473168,5.5163915224605224,6.855662709451046,0.01868991706808466,0.0250449948516536,2714.941531036266,0.03125003627407875,0.20074396627914026,3585.9375,13.723585291807138,2.849385980044162
IR,12k_Drive_End_IR007_0_105.mat,-5.204170427930421e-18,0.728542979218628,1.0000000000000002,1.0000000000000004,1.0000000000000002,8.087435696230514,4.061128681007091,4.9308133718411105,0.0322440831044808,4.06112868100709,5.5743158562350095,6.9047793288439365,0.018877265448877214,0.024904081547211895,2700.265043562181,0.03125003085658562,0.1922994105582324,3585.9375,13.424110653096385,2.793728309770708
IR,12k_Drive_End_IR007_0_105.mat,-3.7947076036992655e-18,0.7158209646982325,0.9999999999999999,0.9999999999999999,0.9999999999999999,9.31831344761169,5.327567983028928,5.813662670918802,0.15763334681372942,5.327567983028929,7.442598423021686,9.21931458380086,0.018861882013563865,0.02491585700316996,2715.7633659732064,0.03125012837247261,0.19257543274765493,3585.9375,17.164148197808743,3.2715156548364677
IR,12k_Drive_End_IR007_0_105.mat,1.214306433183765e-17,0.7116618712039879,1.0,1.0,1.0,8.952725791271174,5.1934205378100655,5.694611213545813,0.18183398789036623,5.1934205378100655,7.297595596942475,9.1262364070925,0.017978403689207622,0.025560547662171987,2715.054616945807,0.03125003353601848,0.2436517267107666,3585.9375,21.891595244557518,3.607815758106341
IR,12k_Drive_End_IR007_0_105.mat,-1.0842021724855044e-18,0.7192833640801445,0.9999999999999999,0.9999999999999999,0.9999999999999999,8.492963500838636,4.64742030488256,5.118152176575552,0.12547660349336048,4.647420304882561,6.46118141606947,8.085453749834768,0.01828877244007656,0.025339448562396453,2709.3699404815893,0.0312500696129023,0.2581587789499952,3585.9375,24.106549202292136,3.704607496515757
IR,12k_Drive_End_IR007_0_105.mat,-2.6237692574149207e-17,0.7158087251375547,1.0,1.0,1.0,8.724205018199095,4.773822411558647,5.552630577056885,0.11448039039052073,4.773822411558647,6.669131352989972,8.31572762747169,0.018009569491150117,0.025538557938242213,2642.826549161778,0.03125000055714431,0.24036635826396371,3585.9375,22.49621343284822,3.6744523322101736
IR,12k_Drive_End_IR007_0_105.mat,-2.7321894746634712e-17,0.7100496851839972,1.0,1.0,1.0,8.614933972516965,4.762553759334125,5.6303730220357675,0.16714218011508347,4.762553759334125,6.70735282151416,8.425029054289329,0.017602367280177358,0.02582090591185177,2640.561943419549,0.03125000025559936,0.2366017027886504,3585.9375,22.865512262554567,3.7465423114981484
IR,12k_Drive_End_IR007_0_105.mat,4.7704895589362195e-18,0.7104151266744791,1.0,1.0,1.0,9.651924211428211,5.413315421400826,5.677573441575669,0.19545105998654036,5.413315421400826,7.61993265365994,9.61516664500201,0.01763896412306211,0.025795920632033793,2664.0805007472945,0.03125000122542172,0.268357577143827,3585.9375,28.18270114380422,4.056236186838503
IR,12k_Drive_End_IR007_0_105.mat,-1.3010426069826053e-18,0.7146707743576503,1.0,1.0,1.0,9.859789792744984,5.530336917952317,5.6751058910817545,0.06966084302359356,5.530336917952317,7.738300090587883,9.732776876575441,0.018015562455128645,0.025534337617413853,2672.7283194554025,0.031250006210154856,0.2283849173535263,3585.9375,20.501567370899465,3.539968516912884
IR,12k_Drive_End_IR007_0_105.mat,4.336808689942018e-19,0.7210589600787752,1.0,1.0,1.0,8.956491313638573,4.953490880700312,5.388563430127595,0.05382971804218315,4.953490880700312,6.869744577002616,8.544863439716353,0.018254493599294173,0.02536406995913217,2628.0097425110475,0.03125000130333474,0.22650616429339054,3585.9375,19.583910440073176,3.414254156669494
IR,12k_Drive_End_IR007_0_105.mat,9.974659986866641e-18,0.7129725085246148,0.9999999999999999,0.9999999999999998,0.9999999999999999,8.593103099379784,4.787860188264568,5.524683754643603,0.20299050923620676,4.787860188264569,6.715350355054077,8.423004730095688,0.018288421046472235,0.025339634104051007,2669.3876540724673,0.031250014414400416,0.2293623186336032,3585.9375,19.425678768218845,3.420739746709104
IR,12k_Drive_End_IR007_0_105.mat,-6.5052130349130266e-18,0.7042618636566889,1.0,1.0,1.0,8.280207039631659,4.608788690284001,5.25040610386262,0.1930646252291146,4.608788690284001,6.544140650118572,8.385424165585519,0.01833100352703966,0.02530882953519703,2683.9570449116563,0.03125000068400002,0.22240685962784265,3585.9375,17.043489663750695,3.1379332936896187
IR,12k_Drive_End_IR007_0_105.mat,-8.239936510889834e-18,0.711580859296171,1.0,1.0000000000000002,1.0,7.646515529240995,3.986874100707699,4.93362659504704,0.10283905157460091,3.986874100707699,5.602840560735628,7.124683534590743,0.018435492808633675,0.02523282126695597,2684.0109273791168,0.03125000262699716,0.20945446130656972,3585.9375,14.168420566624176,2.893004335364558
IR,12k_Drive_End_IR007_0_105.mat,-4.336808689942018e-18,0.7167263283667953,1.0,1.0000000000000002,1.0,8.045948991151421,4.208468459258282,5.162047451282867,0.19339582569542696,4.208468459258282,5.871792750865064,7.337899665584927,0.019245935995514114,0.02462026045674694,2660.2459344192675,0.03125001243682125,0.1798276692549467,3585.9375,11.685970918531401,2.652471812231294
IR,12k_Drive_End_IR007_0_105.mat,-9.107298248878237e-18,0.7176170546459126,1.0,1.0,1.0,8.114232792808743,4.574948912523367,5.356766627575418,0.2526097043839557,4.574948912523367,6.375195353712354,7.916424585660934,0.018630148796281235,0.025089449518884973,2666.930314309553,0.03125000674131538,0.19362822832285323,3585.9375,14.453480908603748,2.966078345120391
IR,12k_Drive_End_IR007_0_105.mat,3.469446951953614e-18,0.7104807362838608,1.0,1.0,1.0,9.488025026961983,5.157402324669994,5.8850306808174455,0.08863697284626677,5.157402324669994,7.259031893877331,9.083771864122914,0.01912502450083488,0.02471428857285187,2687.4514163050467,0.03125000194911563,0.16012773619937862,3585.9375,10.867081380735701,2.602343550803196
IR,12k_Drive_End_IR007_0_105.mat,-3.469446951953614e-18,0.7116484012150092,1.0,1.0,1.0,9.804445399102551,5.32864092436272,5.932223304702109,0.03472684378296482,5.32864092436272,7.487743828644935,9.403022487222719,0.019228465899468042,0.024633897295902613,2668.9355340424854,0.03125000474931297,0.13319311387299057,3585.9375,7.893124229167873,2.1946266272343675
IR,12k_Drive_End_IR007_0_105.mat,-5.204170427930421e-18,0.7146218259683408,0.9999999999999998,0.9999999999999997,0.9999999999999998,8.303771744154533,4.387512196096802,5.297979083639434,0.22090907405034133,4.387512196096803,6.139628033542846,7.702362752370335,0.018860503033167345,0.024916746510317098,2660.8082895250463,0.031250005301175776,0.18083089419909545,3609.375,10.772963863161623,2.5050107025283452
IR,12k_Drive_End_IR007_0_105.mat,-2.3201926491189795e-17,0.7170491708126318,1.0,1.0,1.0,7.970184500576758,4.370504452323863,5.326830166886043,0.2850992914919303,4.370504452323863,6.09512517442949,7.6013277972444575,0.01923436829362838,0.024629285909151574,2678.683649909427,0.03125000236879462,0.16185748726033963,3585.9375,9.101845770302951,2.3230362642457654
IR,12k_Drive_End_IR007_0_105.mat,9.324138683375338e-18,0.7218549907234764,1.0,1.0,1.0,8.476215346159751,4.6917489503905,5.2024061994127795,0.14799077247585202,4.6917489503905,6.499572643652727,8.133362636941554,0.019659923135722526,0.0242909459598881,2683.2032856160863,0.03125000213325948,0.15230046702408828,3585.9375,8.570860265543223,2.2248641012106103
IR,12k_Drive_End_IR007_0_105.mat,1.951563910473908e-17,0.7076902009837358,0.9999999999999999,0.9999999999999999,0.9999999999999999,8.440493024568177,4.6675913951507,5.285823998820692,0.08164006202243829,4.667591395150701,6.5955292141426325,8.43551099943772,0.01963334920780511,0.024312443389235227,2636.883525319797,0.03125001287472358,0.12415010444446335,1324.21875,7.570287224743506,2.1363176020510335
IR,12k_Drive_End_IR007_0_105.mat,1.3010426069826053e-17,0.7026227713548151,1.0,1.0,1.0,8.912543274215817,4.879802148628866,5.571767429481609,0.1748270674715408,4.879802148628866,6.945123824010866,8.874939483189303,0.018731904497506134,0.025013562830271185,2659.665277652418,0.031250001145081814,0.1516341495037693,3585.9375,9.571247068492891,2.4273383375676763
IR,12k_Drive_End_IR007_0_105.mat,3.903127820947816e-18,0.7133208399825542,1.0,1.0000000000000002,1.0,9.06007169882501,4.917180841360189,5.414557526687693,0.01614211572437188,4.917180841360189,6.893364900821416,8.699513504159322,0.020219044655892915,0.023827818191105986,2759.2559033265284,0.03125019498411799,0.17748233140712918,3621.09375,10.718179568246061,2.5125260197933037
IR,12k_Drive_End_IR007_0_105.mat,-1.3010426069826053e-18,0.7233577846577741,1.0000000000000002,1.0000000000000004,1.0000000000000002,9.102271915944208,4.770219654990571,5.12809621717205,-0.05361623393325888,4.77021965499057,6.594550796529268,8.283427364950574,0.01960419112578262,0.0243359446094926,2654.313866465401,0.03125000015572009,0.18124337093475773,3585.9375,10.591919633146674,2.412436993251194
IR,12k_Drive_End_IR007_0_105.mat,2.2551405187698492e-17,0.7186706002445051,1.0,1.0,1.0,8.806667455311517,4.80723464502874,5.554810679672684,0.1848126140962894,4.80723464502874,6.689065398519474,8.343330555300334,0.019666167733626068,0.024286013708802824,2702.533222406078,0.031250097842907214,0.17410762095076177,3585.9375,10.752578287454181,2.494183155994378
IR,12k_Drive_End_IR007_0_105.mat,-1.3010426069826053e-18,0.7127153895689994,1.0,1.0,1.0,8.3158297684858,4.693307492013302,5.561155477245652,0.28842719640681835,4.693307492013302,6.585107548823223,8.230293838967214,0.018990401457753547,0.02481788144615903,2662.6234435279057,0.03125000139203601,0.16607469552570178,3585.9375,9.759047844676777,2.434568134954385
IR,12k_Drive_End_IR007_0_105.mat,1.0625181290357943e-17,0.7220371551461908,0.9999999999999999,0.9999999999999998,0.9999999999999999,7.94676872386623,4.568658580532404,5.028683492838138,0.1980229890495352,4.5686585805324045,6.327456347599435,7.8651498179799955,0.018899182485257487,0.024887415155022224,2685.952691055672,0.03125000050735188,0.17660116548154667,3585.9375,11.166222658231804,2.5371305501313253
IR,12k_Drive_End_IR007_0_105.mat,0.0,0.7169138744723313,0.9999999999999999,0.9999999999999998,0.9999999999999999,8.762538371607114,4.837662962214988,5.222978611145542,0.055959739893205435,4.8376629622149885,6.747899761007754,8.449945873004975,0.01906308984373835,0.02476209276941114,2685.973669070911,0.03125000212338175,0.17561705380102274,3585.9375,11.392133694738554,2.5527805833307045
IR,12k_Drive_End_IR007_0_105.mat,-6.5052130349130266e-18,0.7080779769034113,1.0,1.0,1.0,8.552390824013479,4.723683325566266,5.195513316377316,0.13711998528321526,4.723683325566266,6.671134366053898,8.468636280875756,0.0192850741506844,0.024589605861927183,2694.1061415399377,0.03125000482307674,0.14781006696132934,3585.9375,8.619647938938405,2.2444290203424195
IR,12k_Drive_End_IR007_0_105.mat,4.336808689942018e-19,0.7169007658948151,1.0,1.0,1.0,8.05983691757789,4.310497281614245,5.0819597811377335,0.17739735297377884,4.310497281614245,6.012683326169983,7.5152861564822295,0.01884278287171877,0.024930158485244616,2692.5633045995523,0.03125001229520002,0.19885658763344047,3585.9375,12.972695826632139,2.7554155293987526
IR,12k_Drive_End_IR007_0_105.mat,-1.6046192152785466e-17,0.727768120591055,1.0,1.0,1.0,8.344070827826428,4.460202330499716,5.053677029063159,0.12203724707911758,4.460202330499716,6.128603609178944,7.5572470375525995,0.018719486993802045,0.025022874821918433,2677.8653225572543,0.03125001532262862,0.2215781161008904,3585.9375,17.18306756389725,3.1187211046521544
IR,12k_Drive_End_IR007_0_105.mat,-4.336808689942018e-18,0.7200235421596177,1.0,1.0,1.0,7.724442260903501,4.330548118186114,4.949230733270905,0.1769545232776769,4.330548118186114,6.014453506891168,7.499551791003698,0.01932701249023204,0.024556679256613576,2688.016040287462,0.03125002252654837,0.17767148269523192,3585.9375,12.346457245580389,2.7116897662603936
IR,12k_Drive_End_IR007_0_105.mat,1.5178830414797062e-17,0.7124115186883067,1.0,1.0,1.0,8.75164716423141,4.605525283320521,5.389969037827791,0.23672098412488182,4.605525283320521,6.464697948455721,8.138836005361389,0.019388250670692518,0.024508335943711115,2680.2902570994597,0.03125000471679022,0.17963717069781934,3585.9375,11.315425817968489,2.545920657363199
IR,12k_Drive_End_IR007_0_105.mat,1.734723475976807e-18,0.7216173300426209,1.0,1.0,1.0,8.599770045798639,4.522913064623908,5.350598614569016,0.18041896340038827,4.522913064623908,6.267744518215452,7.8085073994201855,0.019061273394896806,0.024763490814142402,2679.7896234448185,0.031250001931793794,0.2123268211302239,3585.9375,14.587107787126822,2.8231227536229504
IR,12k_Drive_End_IR007_0_105.mat,-3.903127820947816e-18,0.7281599622539281,1.0,1.0000000000000002,1.0,7.8770710107498285,4.302915963548672,4.919699571866467,0.15666821931964117,4.302915963548672,5.909300410076837,7.325140760986509,0.018265986919926598,0.025355802236688003,2662.0124568580977,0.03125000776359843,0.2371286567609257,3585.9375,19.986707300595764,3.382279892897735
IR,12k_Drive_End_IR007_0_105.mat,2.6020852139652106e-18,0.7225166732321795,1.0,1.0000000000000002,1.0,8.049804083685924,4.671639180145614,4.9532641252748695,0.16594561044090667,4.671639180145614,6.465787369649241,8.060800979683746,0.018319129734360638,0.025317437764901023,2671.5702923635363,0.03125001070726173,0.21827704124884165,3585.9375,17.050827201064692,3.200207047428712
IR,12k_Drive_End_IR007_0_105.mat,5.204170427930421e-18,0.7122395872124615,1.0,1.0000000000000002,1.0,8.399720211827418,4.691446454991446,5.330712274204358,0.18535659919847164,4.691446454991446,6.5868937071479925,8.307415480755152,0.01905353219146614,0.024769445115445342,2689.169288787653,0.03125000000477273,0.19268139876927695,3585.9375,12.103915947228783,2.6099346097088567
IR,12k_Drive_End_IR007_0_105.mat,-1.951563910473908e-18,0.7184679241356784,1.0,1.0,1.0,8.985794246959504,4.972038569154454,5.310948857211976,0.12008986835068584,4.972038569154454,6.9203347875771195,8.699593792187812,0.018949890898115787,0.024848829311972832,2688.8161686934395,0.03125000293161669,0.17062619098175846,3585.9375,10.70944874944883,2.5372378041800334
IR,12k_Drive_End_IR007_0_105.mat,5.204170427930421e-18,0.7184210931455874,0.9999999999999999,0.9999999999999999,0.9999999999999999,9.1366933532092,5.058017204759858,5.323525514479217,0.14702741641136402,5.058017204759859,7.040463111423227,8.808336331686423,0.018833516540014205,0.024937150656712734,2682.593354736361,0.03125000525021679,0.19538585928721836,3585.9375,14.266489058614445,2.8311478448193452
IR,12k_Drive_End_IR007_0_105.mat,-1.0842021724855044e-17,0.7179632203150939,1.0,1.0,1.0,8.403399768050646,4.897461159908771,5.138878382833336,0.23326245789725747,4.897461159908771,6.821325969538402,8.556511054954695,0.018444120007875334,0.025226521165863706,2698.6960841811774,0.031250006927946064,0.22283127682305642,3585.9375,17.03260255886391,3.1553117531146007
IR,12k_Drive_End_IR007_0_105.mat,-2.6020852139652106e-18,0.7176761063136572,1.0,1.0,1.0,8.465545645623878,4.8516291170009165,5.233752219073558,0.18323646922835465,4.8516291170009165,6.760193176726067,8.503262975525208,0.01876532362466405,0.024988501488826583,2681.5314604017817,0.031250001238327385,0.2090877394322584,3585.9375,14.139633269158885,2.8327818359177592
IR,12k_Drive_End_IR007_0_105.mat,5.204170427930421e-18,0.7231053787199322,0.9999999999999999,0.9999999999999998,0.9999999999999999,7.965488439019305,4.313078708793531,4.975272555973552,0.13636032024344066,4.313078708793532,5.9646613560373485,7.490386862665165,0.01840235150717714,0.02525703128829508,2674.923331511299,0.03125002672785451,0.20298494608105405,3585.9375,15.067816193574716,3.015416322598767
IR,12k_Drive_End_IR007_0_105.mat,-2.0383000842727483e-17,0.7269258988584298,0.9999999999999999,0.9999999999999999,0.9999999999999999,7.936180571668411,4.297001817686708,4.719927556793083,0.1814982037979475,4.297001817686709,5.911196484311199,7.363195674387862,0.018001665836578015,0.025544132206474602,2636.361763654837,0.031250002609178665,0.2565159174063418,3585.9375,25.826892902609835,3.907068971612199
IR,12k_Drive_End_IR007_0_105.mat,4.336808689942018e-19,0.7188973917090582,1.0,1.0,1.0,7.934121049147851,4.395081331357418,4.909676548829113,0.21547669989272156,4.395081331357418,6.11364206080766,7.642681763243114,0.017697315546703184,0.025755980261594896,2700.373951933779,0.03125004794868718,0.2687126092166572,3585.9375,28.331751834324255,4.1226485022463955
IR,12k_Drive_End_IR007_0_105.mat,-3.469446951953614e-18,0.7198072355562535,1.0,1.0,1.0,7.9254726525375006,4.39610683508033,5.033208793150242,0.19680834074869452,4.39610683508033,6.107339045686449,7.675298953059856,0.018200554925061365,0.02540280897007363,2665.8557538579357,0.031250006450402996,0.24115577312834716,3585.9375,21.0618241086501,3.525814126603567
IR,12k_Drive_End_IR007_0_105.mat,-2.168404344971009e-17,0.7211025925868491,1.0,1.0,1.0,8.833633959615986,4.9541928908906705,5.29265931472988,0.15987199320822057,4.9541928908906705,6.870302425509573,8.608448409057242,0.018110047500341737,0.02546742390387622,2618.7366111417455,0.03125001601222565,0.2133191556364724,3585.9375,18.80479002915374,3.405091918734516
IR,12k_Drive_End_IR007_0_105.mat,-5.204170427930421e-18,0.724045650632314,0.9999999999999999,0.9999999999999999,0.9999999999999999,8.591000645343799,4.8202200068758625,5.204315854763837,0.2084762630558427,4.820220006875863,6.657342672615092,8.286652186563407,0.017712432668662383,0.02574552996919555,2630.4100410342467,0.03125000135098628,0.24846836535270356,3585.9375,25.050164957774896,3.8885473992666135
IR,12k_Drive_End_IR007_0_105.mat,9.540979117872439e-18,0.731375168946574,0.9999999999999999,0.9999999999999998,0.9999999999999999,8.22834080328107,4.4815529073492435,4.68531916694915,0.23239444125232475,4.481552907349244,6.1275704968274844,7.613398441974762,0.017492159055779825,0.025895699551889608,2671.4962434256636,0.031250006139430374,0.2519992228675474,3585.9375,24.941686667342783,3.884570296525839
IR,12k_Drive_End_IR007_0_105.mat,-2.905661822261152e-17,0.7288624107850648,0.9999999999999999,0.9999999999999999,0.9999999999999999,8.742425977278685,5.088948527412027,5.0492777774019,0.1668916846010038,5.088948527412028,6.982042772559325,8.683546630546987,0.017424863424546598,0.02594102826956257,2661.4273845393186,0.031250005008741144,0.2673379869461817,3585.9375,27.985573486870337,4.096265428750154
IR,12k_Drive_End_IR007_0_105.mat,-1.214306433183765e-17,0.7249815890408743,1.0,1.0,1.0,8.50683136686002,4.952331853203102,5.133224084211368,0.1851938453036726,4.952331853203102,6.830976024859979,8.540609472928123,0.017124998153109548,0.026139949200111662,2641.7143672649677,0.03125000009485478,0.2595559049448999,3585.9375,26.774614171980904,4.077877001472056
IR,12k_Drive_End_IR007_0_105.mat,-1.2576745200831851e-17,0.7266417661110245,1.0,1.0000000000000002,1.0,7.82970597167539,4.451399151732478,4.682920639299162,0.19168954853457942,4.451399151732478,6.1259885673188,7.660347246358269,0.017526445720785266,0.025872548453364067,2661.569794277776,0.03125004100917795,0.2682225115581412,3585.9375,29.177315013382596,4.219479342505215
IR,12k_Drive_End_IR007_0_105.mat,-1.6479873021779667e-17,0.721338148834006,0.9999999999999999,0.9999999999999999,0.9999999999999999,7.643701625960597,4.184216329455707,4.807333069611729,0.146873385149754,4.184216329455708,5.800630863928669,7.270322985698703,0.017109808546963902,0.026149929750927364,2674.580563549482,0.03125002999186073,0.27568896738987,3585.9375,30.222638381776388,4.32065701225719
IR,12k_Drive_End_IR007_0_105.mat,8.239936510889834e-18,0.7178367712274849,0.9999999999999999,0.9999999999999998,0.9999999999999999,8.544075030605548,4.965524328343772,5.211197118852855,0.1827798876129063,4.965524328343773,6.917344621191299,8.70936601164044,0.017445109248332938,0.02592746829672135,2667.3123954854805,0.031250047183384574,0.26246109773541665,3585.9375,29.088831892114868,4.288428315026815
IR,12k_Drive_End_IR007_0_105.mat,-1.0842021724855044e-17,0.7147467038690409,0.9999999999999999,0.9999999999999999,0.9999999999999999,8.444358410233031,4.931688260489452,5.2495783187855904,0.263046581911176,4.9316882604894525,6.899910463096109,8.726295260103896,0.017193862993692348,0.026094708076469394,2633.547404767794,0.03125000342787213,0.2549455708946554,3585.9375,25.179741927352033,3.986450245379494
IR,12k_Drive_End_IR007_0_105.mat,-1.3010426069826053e-17,0.715814740962283,1.0,1.0,1.0,7.833484190741993,4.356799361377354,4.975417857251856,0.2454944662137264,4.356799361377354,6.086490137825924,7.6961908006517685,0.016978029335378987,0.026235644075661545,2617.2474550553306,0.031250000002844544,0.27530090148118963,3585.9375,30.001997419702437,4.291875870254899
IR,12k_Drive_End_IR007_0_105.mat,1.734723475976807e-18,0.723723405599761,1.0,1.0000000000000002,1.0,7.9036704978389345,4.194608388611006,5.03486750729131,0.18528111570523242,4.194608388611006,5.795872229853984,7.209016807636471,0.01770345712669749,0.025751734214900186,2669.2103056643023,0.03125002734897487,0.23382084948653595,3585.9375,22.426478195017335,3.7664090479917784
IR,12k_Drive_End_IR007_0_105.mat,7.806255641895632e-18,0.7226244599390688,1.0,1.0,1.0,8.9463109532898,5.142352144306883,5.620025453160707,0.1719892298051945,5.142352144306883,7.1162165542258045,8.802193547336147,0.017705955765469125,0.025749988515437024,2677.348192665641,0.03125000444982189,0.23278502390098813,3585.9375,21.13719642617819,3.6191115487493035
IR,12k_Drive_End_IR007_0_105.mat,-7.806255641895632e-18,0.7208585147908135,0.9999999999999999,0.9999999999999998,0.9999999999999999,8.463924783031016,5.077704866904664,5.33991676091689,0.22638220429580055,5.077704866904665,7.043968771567007,8.793265709306926,0.01785765273184578,0.025645014085504268,2674.5431500629434,0.03125000013659058,0.23221882140984218,3585.9375,20.611212445661998,3.5189676289437344
IR,12k_Drive_End_IR007_0_105.mat,-2.5153490401663703e-17,0.720444480599436,1.0,1.0,1.0,7.5915856102401555,4.302070736632758,4.770650109628906,0.19693624818939431,4.302070736632758,5.9714118887457905,7.518665646797698,0.01787308734629463,0.025634260567385866,2644.1517897991903,0.03125000105799856,0.22343230950651824,3585.9375,20.979338248649277,3.6272108009924726
IR,12k_Drive_End_IR007_0_105.mat,-8.673617379884035e-18,0.7230700957811567,1.0,1.0,1.0,7.147392983035296,3.7760242314102648,4.658108696197606,0.16225568047844757,3.7760242314102648,5.222210479235627,6.559943691741006,0.018417611992668056,0.025245883932923992,2671.4671444253595,0.031250009393072826,0.20806458998524333,2882.8125,17.196745141008254,3.181602623773388
IR,12k_Drive_End_IR007_0_105.mat,-3.903127820947816e-18,0.7137567632990585,0.9999999999999999,0.9999999999999999,0.9999999999999999,8.458124379703467,4.562105448084233,5.374535043846671,0.3065179649878948,4.562105448084234,6.39168086757974,8.05980758533296,0.018805806886374954,0.0249580862132169,2706.2521862397666,0.03125003104116851,0.18613058853090605,3585.9375,13.523062799755012,2.8648604243554625
IR,12k_Drive_End_IR007_0_105.mat,-2.6020852139652106e-17,0.713300391600914,0.9999999999999999,0.9999999999999999,1.0,8.53790231330239,4.601277232505071,5.458059662639164,0.31198976522289,4.601277232505071,6.4506865363946835,8.186123091988424,0.019031735838185987,0.024786243726662622,2714.171800576786,0.031250037553449676,0.1922309507339274,3585.9375,13.993994930840733,2.8462822438577637
IR,12k_Drive_End_IR007_0_105.mat,-1.3010426069826053e-18,0.7245165999221723,0.9999999999999999,0.9999999999999999,0.9999999999999999,9.004478412562678,4.95084046108284,5.161108499961434,0.1103932641661038,4.950840461082841,6.8333016270637,8.545714829954061,0.01869001073416899,0.025044926507647405,2711.535231904236,0.031250037520246465,0.2084644026566174,3585.9375,15.736180115469331,3.063819453011225
IR,12k_Drive_End_IR007_0_105.mat,4.7704895589362195e-18,0.7204842450008422,0.9999999999999999,0.9999999999999999,0.9999999999999999,9.159387340874524,5.036062290754162,5.6284229676257755,0.08179410859089123,5.036062290754163,6.9898298619260935,8.67635872993969,0.01830367423748519,0.025328601046816102,2654.2192878437804,0.03125000034529204,0.21191090007596522,3585.9375,16.3236921142728,3.1171430484347606
IR,12k_Drive_End_IR007_0_105.mat,4.9873299934333204e-18,0.7144579992492353,1.0,1.0,1.0,8.346443530798293,4.498422118826717,5.543392880165177,0.22316689770035114,4.498422118826717,6.296272312093554,7.866301177797396,0.01863169208143883,0.025088312368547666,2685.71068305551,0.03125001387710687,0.19518276289111225,3585.9375,14.212793209990995,2.905041776611232
IR,12k_Drive_End_IR007_0_105.mat,1.3877787807814457e-17,0.7235649646104818,1.0,1.0000000000000002,1.0,8.034576731026297,4.467477024735417,5.026151821426081,0.23906076995892253,4.467477024735417,6.174258350306393,7.694791188774983,0.018511788065025403,0.025176905702181743,2679.8372231215867,0.03125000604961491,0.2226319079806181,3585.9375,17.93261107713375,3.2225836136160453
IR,12k_Drive_End_IR007_0_105.mat,-1.9949319973733282e-17,0.7303127900624606,0.9999999999999999,0.9999999999999999,0.9999999999999999,10.03933472120195,5.853698263748323,5.326110873890417,0.19714033414184517,5.853698263748324,8.01533033982286,9.942996315094698,0.01724301243479396,0.02606225557830763,2691.701176853088,0.0312500022984877,0.23118742525436453,3585.9375,20.2397936468102,3.5423996927621353
IR,12k_Drive_End_IR007_0_105.mat,7.806255641895632e-18,0.7252362632307441,0.9999999999999999,0.9999999999999999,0.9999999999999999,9.965964089902467,5.811271332419644,5.396913195419136,0.18831403661179896,5.811271332419645,8.012935407465562,10.000187540643616,0.017454974345982123,0.02592077266874529,2656.310197887772,0.03125000136261864,0.2539209506609474,3585.9375,25.809042865688152,3.9727394324761427
IR,12k_Drive_End_IR007_0_105.mat,4.119968255444917e-18,0.7227627607698686,1.0,1.0,1.0,8.519209380119516,4.994699966860951,4.98712776762879,0.20279730731760195,4.994699966860951,6.9105662853198515,8.696687897526168,0.018130958120326453,0.025452521934935145,2664.4456938132794,0.03125000024335018,0.22808903578855472,3585.9375,18.31434829953585,3.292626781538367
IR,12k_Drive_End_IR007_0_105.mat,-1.9949319973733282e-17,0.713530544468046,1.0,1.0,1.0,8.44727296874864,4.932230931312179,5.37355476307432,0.2022920613622632,4.932230931312179,6.912431387207501,8.68918747082635,0.019250999743716243,0.024616295743883583,2707.289609479474,0.03125000811652541,0.1622634526041988,3585.9375,9.274940214234867,2.3345340558191605
IR,12k_Drive_End_IR007_0_105.mat,1.5178830414797062e-17,0.715341885183033,1.0,1.0,1.0,9.389027834700066,5.491162582434988,5.781464738114991,0.19033321259953506,5.491162582434988,7.676277170642645,9.548924307938647,0.018760400049993558,0.024992220911232526,2673.248992257667,0.03125001945778029,0.16717685970946375,2613.28125,11.793075318698614,2.6880978499133517
IR,12k_Drive_End_IR007_0_105.mat,2.168404344971009e-19,0.7154143674742748,1.0,1.0,1.0,9.378374149488508,5.483309480812472,5.91550666495748,0.24389394242379264,5.483309480812472,7.664522450354121,9.580605355600799,0.018478938697961265,0.02520107741774612,2665.6387996753447,0.03125004765465557,0.23615293576082774,3585.9375,21.61103256796572,3.5538836074522444
IR,12k_Drive_End_IR007_0_105.mat,-5.637851296924623e-18,0.7182831935947018,1.0,1.0,1.0,8.420539931379018,4.785248828771569,5.469578516398602,0.1969816000064098,4.785248828771569,6.66206431035012,8.332903002844743,0.018195065611703382,0.025406761734361388,2649.8126295250663,0.031250023271044154,0.23034180602384036,3585.9375,21.653906247213115,3.6284907712946364
IR,12k_Drive_End_IR007_0_105.mat,-2.5153490401663703e-17,0.7253757065909261,0.9999999999999999,0.9999999999999999,0.9999999999999999,7.939740600217715,4.2850414550094715,5.059685203526242,0.16270657723549853,4.285041455009472,5.90734072850059,7.344968139825137,0.01819865758096565,0.02540419786236576,2672.6856242342324,0.03125003050845659,0.22731111825016725,3585.9375,19.447832934300887,3.4214258222567935
IR,12k_Drive_End_IR007_0_105.mat,8.456776945386935e-18,0.7162121895432996,0.9999999999999999,0.9999999999999999,0.9999999999999999,9.40012617648922,5.429615781040904,5.6322104642590105,0.19927509690564743,5.429615781040905,7.581015598887191,9.48151612053973,0.01794897984870387,0.02558118584928288,2645.253513997168,0.03125000715303483,0.22238061585592658,3585.9375,20.599813474358704,3.544402257914413
IR,12k_Drive_End_IR007_0_105.mat,-1.8431436932253575e-17,0.7105721849967432,1.0,1.0,1.0,9.03739056105772,5.22013733136503,5.9078671246503065,0.20518279370978465,5.22013733136503,7.346385689708576,9.185346036669678,0.017749404453035675,0.02572005587760357,2668.7278279631655,0.03125000212455181,0.2347165783713258,3585.9375,20.927697004840315,3.582430547591375
IR,12k_Drive_End_IR007_0_105.mat,2.168404344971009e-17,0.7152733784608712,1.0,1.0,1.0,8.303694310479505,4.628770415117092,5.247451752117062,0.17530215012964181,4.628770415117092,6.471330479371821,8.110301958906282,0.0180613710151359,0.02550195316430203,2690.892702254826,0.031250003810250095,0.2393262533632234,3585.9375,20.4885744654849,3.4672420280235716
IR,12k_Drive_End_IR007_0_105.mat,-2.3852447794681098e-18,0.7274022703090811,1.0,1.0,1.0,7.653720340108695,4.229890023207663,4.896048527709457,0.1417509209071892,4.229890023207663,5.815062993150044,7.220284841344247,0.018094899692646237,0.025478180458165012,2676.5473507805846,0.03125000918953066,0.2189377142100607,3585.9375,18.621758974482812,3.3414468425718495
IR,12k_Drive_End_IR007_0_105.mat,9.974659986866641e-18,0.712779768192416,1.0,1.0,1.0,9.795652758098642,5.778448029753385,5.767008697251893,0.28140789766044083,5.778448029753385,8.10691925839495,10.172997888556253,0.018426895316305474,0.02523910079916575,2669.763172541896,0.031250002882376345,0.19945273676756856,3585.9375,16.133969349621793,3.1286525464538486
IR,12k_Drive_End_IR007_0_105.mat,-2.8189256484623115e-18,0.7022274105380023,1.0,1.0000000000000002,1.0,9.989191665918,5.893549826781225,5.992180268531647,0.3116691626518363,5.893549826781225,8.392651352452846,10.664291683511326,0.017947169771203694,0.02558245386189069,2681.1790678709567,0.03125000557427428,0.2249490754529564,3585.9375,19.04256749263389,3.3633864985873956
IR,12k_Drive_End_IR007_0_105.mat,1.734723475976807e-18,0.718043163079146,0.9999999999999999,0.9999999999999999,0.9999999999999999,8.933649839497118,4.949145438133953,5.325452713775598,0.14574384056855041,4.949145438133954,6.89254586995968,8.61757206439219,0.0186987758845977,0.025038355145265586,2682.94149844747,0.031250015167402084,0.20663853389006576,3585.9375,16.2702649946913,3.1327914739667215
IR,12k_Drive_End_IR007_0_105.mat,1.734723475976807e-17,0.7190001427629127,0.9999999999999999,0.9999999999999998,0.9999999999999999,9.009852690985308,4.990540934509554,5.550644309255971,0.15126177943925445,4.990540934509555,6.940945679554844,8.62358929575547,0.01904495400606856,0.024776132272226505,2721.995256492664,0.03125007205534302,0.18198118315182632,3585.9375,12.942978650619029,2.798554956361109
IR,12k_Drive_End_IR007_0_105.mat,-2.168404344971009e-18,0.711775884756473,1.0,1.0000000000000002,1.0,9.424917728233337,5.49377694097702,6.187743572674628,0.24001027833873217,5.49377694097702,7.718408362284795,9.597448328400695,0.01874210526475504,0.02500592244776153,2672.608173699303,0.031250002675497844,0.21157546663803606,3585.9375,15.138169750151592,2.965458022223693
IR,12k_Drive_End_IR007_0_105.mat,-4.553649124439119e-18,0.7032792190422813,1.0,1.0,1.0,9.109093577168888,5.310176796101753,6.319917416945964,0.2265590629400353,5.310176796101753,7.5505953429607935,9.45663348708656,0.018742073880392417,0.02500596525251148,2707.5034803750805,0.03125001810476114,0.19516360059846274,3585.9375,12.170622601857284,2.6865296909575385
IR,12k_Drive_End_IR007_0_105.mat,-1.6263032587282567e-18,0.7098102182858825,1.0,1.0,1.0,8.89128742568273,4.984487491124697,5.852571243150045,0.17485435817686754,4.984487491124697,7.022281960326963,8.795507831143661,0.018539960782146765,0.02515616506461003,2712.9390749042,0.0312500045849828,0.20022613076737308,3585.9375,13.315296348015748,2.8052244241892375
IR,12k_Drive_End_IR007_0_105.mat,8.890457814381136e-18,0.7183196194011383,1.0,1.0,1.0,8.893236247066193,4.8411702774477,5.58194382808718,0.19958671301150624,4.8411702774477,6.73957684948627,8.396093833941453,0.018418278773597318,0.025245387800406954,2677.493498401686,0.03125000157079807,0.19619347233867146,3585.9375,14.272446955087453,2.9133000662462494
IR,12k_Drive_End_IR007_0_105.mat,1.3877787807814457e-17,0.7114263974959487,1.0,1.0000000000000002,1.0,8.118728925299049,4.544998319066233,5.320451010799634,0.2481802723225262,4.544998319066233,6.38857137584934,8.043889181940981,0.01887773437216416,0.024903692099196535,2687.401477867223,0.03125000376316093,0.15067772043872102,3585.9375,9.940752760938048,2.5034032089457026
IR,12k_Drive_End_IR007_0_105.mat,7.806255641895632e-18,0.7106471308063431,1.0,1.0,1.0,8.24018784224973,4.434935016581171,5.428048323950999,0.21893013688223817,4.434935016581171,6.240699250483185,7.850496013083419,0.019487721134748136,0.024429314539938757,2685.8364359873117,0.03125000294267142,0.1699522232930158,3585.9375,9.102139171263682,2.27723751199962
IR,12k_Drive_End_IR007_0_105.mat,-9.107298248878237e-18,0.719543083158019,0.9999999999999999,0.9999999999999998,0.9999999999999999,8.87577698578647,4.84368568523531,5.656676200873403,0.20251916112926338,4.843685685235311,6.731613156472505,8.343279980667914,0.018953268000763416,0.024846256914066757,2675.9522299378204,0.03125000560877665,0.17082619871257376,3585.9375,12.004126698534973,2.6767573926436525
IR,12k_Drive_End_IR007_0_105.mat,-1.734723475976807e-18,0.7165285038771387,1.0,1.0000000000000002,1.0,8.358625188326872,4.709450210528449,5.349146469910526,0.26295350344576446,4.709450210528449,6.572592974383565,8.218547008393621,0.018896014615931076,0.02488983089644004,2664.1156240412756,0.03125000880670055,0.1920334920646494,3585.9375,13.094491250474583,2.7881940713071374
IR,12k_Drive_End_IR007_0_105.mat,-1.1275702593849246e-17,0.7202520480668091,0.9999999999999999,0.9999999999999998,0.9999999999999999,7.962526703847743,4.383056515526791,4.939009002441178,0.20045679842341757,4.383056515526792,6.085448180662761,7.613055715975579,0.01848735208282989,0.025194847455495304,2690.820868655989,0.03125000040544309,0.1741558469697192,3585.9375,11.978902908740837,2.712720577931928
IR,12k_Drive_End_IR007_0_105.mat,3.903127820947816e-18,0.7156903622146429,1.0,1.0000000000000002,1.0,8.679647069330732,4.848089103513697,5.327454753062279,0.11945862695979488,4.848089103513697,6.774003618704181,8.46485521905908,0.019592903476313026,0.02434515911287261,2747.8678490350158,0.03125009822165689,0.1718477312683892,3585.9375,9.747896573328308,2.4173875341108104
IR,12k_Drive_End_IR007_0_105.mat,-6.071532165918825e-18,0.702908515651424,1.0,1.0,1.0,8.920428810552313,4.979323342996962,5.969875037187093,0.21094911570669161,4.979323342996962,7.083885359366218,8.927959913191913,0.019027708734327006,0.02478928801567565,2668.6656440839142,0.03125000000004007,0.1712857272095233,3585.9375,11.303559764103854,2.6162366030247886
IR,12k_Drive_End_IR007_0_105.mat,-6.938893903907228e-18,0.7027651051665698,1.0,1.0,1.0,8.554245297880392,4.816082112602913,5.777305993681986,0.2943325461403822,4.816082112602913,6.853046739509645,8.642520226156712,0.018189447611559755,0.025410772827395706,2677.4429151255076,0.03125001408158385,0.2416713766202515,3585.9375,22.28263745159263,3.6134950700408055
IR,12k_Drive_End_IR007_0_105.mat,3.903127820947816e-18,0.7088303906087683,1.0,1.0,1.0,8.409839706117175,4.790159881384414,5.4341405225785095,0.20355759813542498,4.790159881384414,6.757836493537555,8.510661487183018,0.018853320372778735,0.024922180830391206,2672.789197150775,0.031250004582741304,0.21370904830485388,3585.9375,14.619881852326388,2.882388721592052
IR,12k_Drive_End_IR007_0_105.mat,-9.107298248878237e-18,0.7161110152757382,0.9999999999999999,0.9999999999999998,0.9999999999999999,8.757054059652027,5.073450016872294,5.371356217924499,0.09481945193122626,5.073450016872295,7.084725564399767,8.895526220273094,0.019007903828083806,0.024804478306111676,2649.5225699634752,0.031250000831616755,0.18278678632439505,3609.375,11.188327524381874,2.552210013960273
IR,12k_Drive_End_IR007_0_105.mat,-1.9081958235744878e-17,0.7223250037838538,1.0,1.0,1.0,8.75941947885931,5.074647006908189,5.244827231224165,0.19205374801764832,5.074647006908189,7.025434507077801,8.757803259375098,0.019456669594743986,0.024454051831520135,2648.433421279916,0.03125000228316325,0.13557449629339435,2859.375,8.158739394298747,2.1838245947769517
IR,12k_Drive_End_IR007_0_105.mat,-9.974659986866641e-18,0.7297637655601588,0.9999999999999999,0.9999999999999998,0.9999999999999999,8.68470214353082,5.261190130406974,5.187140180464475,0.24584673966700268,5.261190130406975,7.209442806972667,8.915439764073092,0.019365938686308534,0.024525994869268274,2684.5488581500053,0.03125002408845848,0.16679724166470525,3585.9375,9.821027493250106,2.420757100209636
IR,12k_Drive_End_IR007_0_105.mat,-9.540979117872439e-18,0.7155082051068596,0.9999999999999999,0.9999999999999999,0.9999999999999999,9.651596903290365,5.005344725968715,5.650576562780414,0.11698464437693394,5.005344725968716,6.9955098910727065,8.778056539210223,0.019151726389828205,0.024693606705801202,2706.835345492228,0.03125000537362565,0.1476864622666161,3585.9375,8.832201788242719,2.3318198031187696
IR,12k_Drive_End_IR007_0_105.mat,9.324138683375338e-18,0.7124326627904493,0.9999999999999999,0.9999999999999999,0.9999999999999999,8.928369977183582,4.706503150292965,5.69961233360489,0.09342195384289327,4.706503150292966,6.606242801752772,8.272485953750154,0.01898952677508882,0.02481854927640077,2673.7328079762956,0.031250000245231176,0.21390190794592762,3609.375,13.435616586782837,2.681796860366744
IR,12k_Drive_End_IR007_0_105.mat,-1.5612511283791264e-17,0.708247380602065,1.0,1.0,1.0,8.60223705769155,4.733942030782147,5.713399377258975,0.2434680552545065,4.733942030782147,6.684023351781309,8.379240046040799,0.01957632091617873,0.024358370462225987,2661.7762632999033,0.03125000083501216,0.15323608210773795,3621.09375,8.254472956978095,2.2032811167757163
IR,12k_Drive_End_IR007_0_105.mat,-1.734723475976807e-18,0.7081874410330821,1.0,1.0,1.0,8.623247312067399,4.759695086663595,5.692303642033084,0.26980398755481605,4.759695086663595,6.7209538194016805,8.463107487799983,0.019622621778428925,0.024321088015021197,2664.971551845432,0.031250001723098844,0.1668095119049996,3609.375,9.422044200846996,2.3123328026543573
IR,12k_Drive_End_IR007_0_105.mat,-1.431146867680866e-17,0.7191596392002353,0.9999999999999999,0.9999999999999998,0.9999999999999999,8.191518729922109,4.153466275308454,5.504080756530809,0.13243842934634809,4.153466275308455,5.775444072372374,7.178481802879788,0.019732802293336613,0.024231824818660267,2692.560668474879,0.031250037126220355,0.18722768329772183,3609.375,10.525545323018678,2.4047909324672707
IR,12k_Drive_End_IR007_0_105.mat,-6.071532165918825e-18,0.7155854788020161,0.9999999999999999,0.9999999999999998,0.9999999999999999,8.661545545948961,4.561484501273821,5.4609487516346205,0.0975467618134073,4.561484501273822,6.374478851793281,7.952556226943548,0.01959100680011995,0.024346559690993235,2669.5532800848373,0.03125000025967108,0.16041104737680056,3609.375,9.245222513127832,2.306321727496073
IR,12k_Drive_End_IR007_0_105.mat,1.8648277366750676e-17,0.7159766581415474,1.0,1.0,1.0,8.102225232084908,4.378982482969531,5.165536947888708,0.183959282668051,4.378982482969531,6.116096709543585,7.679651867392421,0.019090943862869636,0.024740622380898945,2662.5974667015153,0.03125000053391163,0.16040845132856055,3621.09375,9.362119197525677,2.3816738941361715
IR,12k_Drive_End_IR007_0_105.mat,-6.7220534694101275e-18,0.7107754793609271,0.9999999999999999,0.9999999999999998,0.9999999999999999,8.598273881846367,4.939274423801344,5.598960192904162,0.25916620058665274,4.939274423801345,6.9491345259157615,8.736626383837471,0.01967737814573974,0.024276807295718784,2644.8287926122293,0.031250001330622376,0.13662357033099154,3609.375,8.181641983100297,2.1821859762194813
IR,12k_Drive_End_IR007_0_105.mat,-9.974659986866641e-18,0.717405626623437,1.0,1.0,1.0,9.096800285777793,5.169082607748344,5.875606948819387,0.18804108639141814,5.169082607748344,7.205244029207443,8.940832192440626,0.01964725430981502,0.024301199030504143,2669.2194260641154,0.031250006019754945,0.12956914176486542,2882.8125,7.6017642513131936,2.130171134099775
IR,12k_Drive_End_IR007_0_105.mat,-4.336808689942018e-18,0.7120917576513273,1.0,1.0,1.0,9.606212517083444,5.294684703648511,6.01778347006643,0.17256983068973153,5.294684703648511,7.435396698189324,9.302936392999653,0.018922910108761667,0.024869390883368925,2673.9523934646654,0.031250010078303456,0.18589951254106563,3585.9375,12.952407992347476,2.7886980949606617
IR,12k_Drive_End_IR007_0_105.mat,-1.1058862159352145e-17,0.7075996864643385,1.0,1.0,1.0,9.550096570822593,5.262915169706257,6.039160258605491,0.2225336387400319,5.262915169706257,7.437701387352857,9.394363684821728,0.018607277523587692,0.025106409896661176,2669.6210819933062,0.03125000151582361,0.2054491967382946,3585.9375,14.044629998737832,2.853962984982703
IR,12k_Drive_End_IR007_0_105.mat,1.713039432527097e-17,0.7141808071781464,1.0,1.0,1.0,8.77288822586721,4.81686589639372,5.400177172574651,0.12089913484957406,4.81686589639372,6.744602834436285,8.498661024156155,0.01966751265530426,0.024284887415495556,2685.5842670436878,0.03125006897320144,0.19308836292115153,3585.9375,14.945540569424097,2.907411178161564
IR,12k_Drive_End_IR007_0_105.mat,-1.734723475976807e-18,0.7062515641146261,1.0,1.0,1.0,8.450102031278188,4.538541275630868,5.561664957340083,0.15681947431684246,4.538541275630868,6.426238901602281,8.111342373103431,0.019204725534650358,0.024652412389719748,2680.5001187673415,0.03125000671190423,0.16722528462878788,3585.9375,10.730822369682427,2.4957200345635444
IR,12k_Drive_End_IR007_0_105.mat,3.0357660829594124e-18,0.7030536995963212,1.0000000000000002,1.0000000000000004,1.0000000000000002,8.583967564712477,4.647595770276876,5.953903637938062,0.24850524431859802,4.647595770276875,6.610584330820574,8.36487815783547,0.01916719586299893,0.024681663646515705,2729.453438018795,0.03125005468171693,0.19202647271925674,3585.9375,13.171662861724057,2.76362044468118
IR,12k_Drive_End_IR007_0_105.mat,1.0408340855860843e-17,0.7047890766453844,0.9999999999999999,0.9999999999999998,0.9999999999999999,8.830445921663301,5.053140920032909,5.791086793261465,0.1816103387923588,5.05314092003291,7.169720824965913,9.109281308566514,0.01917822578550263,0.024673036475024456,2693.7458120212455,0.03125000917084034,0.1975082113415302,3585.9375,12.917041881230858,2.716329812886229
IR,12k_Drive_End_IR007_0_105.mat,-7.806255641895632e-18,0.7189420701398593,0.9999999999999999,0.9999999999999998,0.9999999999999999,8.694847865950809,4.977503720116804,5.1089626015326415,0.1219215350588773,4.977503720116805,6.923372448003364,8.700456297317505,0.018476720752765807,0.025202650359814893,2662.835184976208,0.03125000471895587,0.21394565070378999,3585.9375,18.249041804299456,3.29526648631748
IR,12k_Drive_End_IR007_0_105.mat,-2.8189256484623115e-18,0.7154506873933253,0.9999999999999999,0.9999999999999999,0.9999999999999999,8.212664146734685,4.499465072752698,5.42279737547812,0.23639746725667402,4.499465072752699,6.2889939894335125,7.909476856094553,0.018830828593108397,0.024939257781819525,2709.0063699166026,0.03125006694730548,0.19877967063512494,3585.9375,15.259659456288551,3.0200246334716505
IR,12k_Drive_End_IR007_0_105.mat,1.8214596497756474e-17,0.7114191134591513,1.0,1.0,1.0,8.123714740833242,4.477149517948467,5.706554958457215,0.28226635899107944,4.477149517948467,6.293265718120938,7.903894955136488,0.0185634754014724,0.025138825638407022,2702.0690320167914,0.03125001077534696,0.22992650412824508,3585.9375,17.88550777167922,3.1852466608193577
IR,12k_Drive_End_IR007_0_105.mat,-2.1250362580715887e-17,0.7143526604647457,0.9999999999999999,0.9999999999999999,0.9999999999999999,7.89765687349642,4.348886431431973,5.478418598741757,0.16110349626059567,4.348886431431974,6.087870420476437,7.6077412155287965,0.018203688559257157,0.025400557719933964,2682.6690863192316,0.03125000175433798,0.24670659776928766,3585.9375,21.208661520736314,3.457963075752701
IR,12k_Drive_End_IR007_0_105.mat,-5.204170427930421e-18,0.7031368918793912,1.0,1.0,1.0,9.614228054066285,5.546769564616648,6.118590602519415,0.07951766102937644,5.546769564616648,7.88860551718581,9.971324006809127,0.018641440769164522,0.025081062110267255,2651.9152087415496,0.03125000784846866,0.22198271676609624,3585.9375,19.700203800133945,3.3696713695023592
IR,12k_Drive_End_IR007_0_105.mat,-9.107298248878237e-18,0.6990631673253604,0.9999999999999999,0.9999999999999998,0.9999999999999999,9.324364063823996,5.371220643393506,6.259510615584747,0.20200346654931695,5.371220643393507,7.683455364904976,9.72704233000118,0.01915784815430579,0.02468889575881448,2710.282849631746,0.031250035515068546,0.15197134208152932,2613.28125,9.452764735989502,2.4067743661191128
IR,12k_Drive_End_IR007_0_105.mat,6.7220534694101275e-18,0.7009675532109998,0.9999999999999999,0.9999999999999998,0.9999999999999999,8.619240725612315,4.637429637601677,6.12676576531147,0.28351081322382266,4.637429637601678,6.615755060784895,8.327473742653087,0.01922064936863799,0.024639991453892635,2684.1394611354904,0.031250000656000414,0.14012319131415643,3585.9375,9.001264139913296,2.3297676167438035
IR,12k_Drive_End_IR007_0_105.mat,-6.505213034913027e-19,0.7180297852038073,1.0,1.0,1.0,8.587832629910727,4.885272412790069,5.400751721048735,0.17688599645330796,4.885272412790069,6.8037183323856425,8.484476940076147,0.019503337286020033,0.024416909697220237,2693.090269116223,0.03125005031123097,0.16512842908463987,3585.9375,11.275201927103895,2.5632400158365707
IR,12k_Drive_End_IR007_0_105.mat,2.2985086056692694e-17,0.7213013957912122,1.0,1.0,1.0,9.032325931951988,5.158649563271589,5.346448722300263,0.12256474893748931,5.158649563271589,7.151864107531563,8.891915812846156,0.019611087077817543,0.02433046358552642,2643.3532748856037,0.031250059114509995,0.1703289421507868,3585.9375,11.907542523569653,2.630925483610941
IR,12k_Drive_End_IR007_0_105.mat,1.691355389077387e-17,0.707161978740998,0.9999999999999999,0.9999999999999998,0.9999999999999999,8.859495194093805,4.869527215696935,5.83771349069188,0.11046498421622704,4.869527215696936,6.88601390075643,8.63998347139315,0.0189021328960286,0.02488519156472183,2680.0788030653594,0.03125001419570924,0.15107881625251693,3585.9375,9.904392603594115,2.450199014774497
IR,12k_Drive_End_IR007_0_105.mat,-4.553649124439119e-18,0.7144778341807279,0.9999999999999999,0.9999999999999998,0.9999999999999999,8.66749752313477,4.690895742650653,5.528939305903109,0.13814430325635527,4.690895742650654,6.565488134463366,8.183301277615636,0.019085452171182654,0.024744922704982575,2715.85643013984,0.031250050948023474,0.1817027588133051,3585.9375,11.520193219138518,2.6226563161782668
IR,12k_Drive_End_IR007_0_105.mat,1.0842021724855044e-17,0.7366651548189919,1.0,1.0000000000000002,1.0,8.613758851866919,4.952395102063227,4.7774434684468154,0.14673671935159466,4.952395102063227,6.722722080264669,8.257878278323348,0.018974999005389466,0.0248296606143587,2666.3723580160745,0.03125000213566019,0.19789473067888091,3585.9375,13.62629512739498,2.785928054144185
IR,12k_Drive_End_IR007_0_105.mat,-2.211772431870429e-17,0.7232055513206038,1.0,1.0000000000000002,1.0,7.588832462362911,3.9859579678025656,4.922896379494601,0.14315115320093763,3.9859579678025656,5.511514617834498,6.859412042768609,0.019387528219129212,0.02450890170177704,2641.073483448275,0.031250000209198416,0.14095611036681238,2882.8125,8.644434580639249,2.280128109866677
IR,12k_Drive_End_IR007_0_105.mat,9.974659986866641e-18,0.7105072948729343,1.0,1.0,1.0,8.040177496395309,4.52081402587259,5.288592259000673,0.2223251939411583,4.52081402587259,6.362797480750825,8.005925465653396,0.019150723961375522,0.02469437736306625,2655.820905050863,0.03125000002550914,0.13271313361790393,2613.28125,7.502585633835242,2.1396499217065426
IR,12k_Drive_End_IR007_0_105.mat,1.214306433183765e-17,0.7221845010329573,1.0,1.0,1.0,8.52837414204025,4.407825831965338,4.842883523963195,0.1905094003690873,4.407825831965338,6.1034622394425835,7.6271371492891795,0.019406770048112018,0.024493668099525828,2696.500444890092,0.03125000001072043,0.14048175926490622,3609.375,8.232490855832213,2.2200203286615103
IR,12k_Drive_End_IR007_0_105.mat,4.336808689942018e-19,0.7218605308782777,1.0,1.0,1.0,8.578935351595515,4.317665068243224,5.008788581170709,0.1673511920036035,4.317665068243224,5.981300934946507,7.479924355314629,0.018959126103833244,0.02484178049471915,2693.812710154846,0.031250000332301756,0.17024266997384685,3609.375,11.710877016656399,2.6077036698509066
IR,12k_Drive_End_IR007_0_105.mat,-1.1275702593849246e-17,0.7159785982631931,0.9999999999999999,0.9999999999999999,0.9999999999999999,8.496309474307303,4.9169612054873895,5.705332834322783,0.24813949562903367,4.91696120548739,6.8674695269032595,8.556124060692763,0.01957984141556745,0.02435555408348172,2693.237544041624,0.03125001127315274,0.14783099716121403,3609.375,9.335994551300127,2.343869602615925
IR,12k_Drive_End_IR007_0_105.mat,-6.071532165918825e-18,0.7094397161484091,1.0,1.0,1.0,8.784115884560514,4.786478137449871,5.806004202506745,0.21001387888795936,4.786478137449871,6.746842654138323,8.425855452413316,0.01936733943079083,0.024524870172638265,2674.1683017005853,0.0312500094977942,0.14065737737921186,3609.375,7.901686188618859,2.177727157569889
IR,12k_Drive_End_IR007_0_105.mat,1.1926223897340549e-17,0.7163556347374156,1.0,1.0,1.0,9.11275601629848,4.748853130194218,5.776671363156927,0.09856224649311886,4.748853130194218,6.62918374605225,8.265451307746092,0.01939857054421091,0.024500182945508906,2664.659763110887,0.03125001605635,0.12476986248668868,3609.375,7.764675648974468,2.1929828886769966
IR,12k_Drive_End_IR007_0_105.mat,7.15573433840433e-18,0.7200116477084877,1.0,1.0,1.0,9.392439661705284,4.900294986012798,5.655606201926919,0.15432336035393562,4.900294986012798,6.805855157494325,8.442320643437457,0.019006795733589172,0.02480532637620527,2660.8723026751986,0.031250000011015175,0.19118163460834095,3585.9375,12.030278914973824,2.617475991161653
IR,12k_Drive_End_IR007_0_105.mat,-6.938893903907228e-18,0.7166175165522155,1.0,1.0,1.0,8.251241876079103,4.6152202271852,5.382040946572554,0.2023358744922376,4.6152202271852,6.440283862149939,8.00019778275462,0.018853100241721793,0.024922341676151715,2705.350966832751,0.03125000005355614,0.16382961255147915,3585.9375,9.976139879689484,2.4561708934111506
IR,12k_Drive_End_IR007_0_105.mat,2.6020852139652106e-18,0.7127830126921926,0.9999999999999999,0.9999999999999999,0.9999999999999999,8.124276031051405,4.4621253346695955,5.417599667719169,0.2019206819134442,4.462125334669596,6.260145451300921,7.861351997083096,0.01941680542218207,0.024485737031640475,2654.134583856443,0.03125001841256304,0.1459610279575784,3609.375,8.23151680425494,2.2310850017195554
IR,12k_Drive_End_IR014_0_169.mat,1.734723475976807e-18,0.5775535409039653,0.9999999999999999,0.9999999999999998,0.9999999999999999,14.40266208873773,7.4391206996317285,18.483336790447094,-0.2089298686894067,7.439120699631729,12.880400123576932,17.42731370803733,0.01909204140646739,0.02473981363177583,2873.2154523736363,0.03125003077760511,0.13658469882772703,3445.3125,7.093518647420036,2.073794944589337
IR,12k_Drive_End_IR014_0_169.mat,-3.0357660829594124e-18,0.58071635530351,0.9999999999999999,0.9999999999999999,0.9999999999999999,15.258839250980325,7.792872642464317,18.94823978101169,0.4311253742459538,7.792872642464318,13.419413059911825,18.07471403792508,0.020738197797853703,0.023377172659338096,2757.509414317215,0.03125004079113192,0.14554499427082065,3445.3125,7.734770886621646,2.099721558270677
IR,12k_Drive_End_IR014_0_169.mat,-4.7704895589362195e-18,0.5866411234876954,1.0,1.0,1.0,15.898278946076083,8.12714459401578,18.848469766019235,0.08879132029879823,8.12714459401578,13.853690559056494,18.53098804640155,0.019166770108449728,0.024681973836634917,2893.1796740584477,0.03125003854177611,0.13716764963313557,3539.0625,7.500274636918528,2.115881995133401
IR,12k_Drive_End_IR014_0_169.mat,4.336808689942018e-19,0.583366373030925,0.9999999999999999,0.9999999999999999,0.9999999999999999,14.710182076706655,8.086695985333725,18.50712359861076,-0.2555286141712277,8.086695985333726,13.862122260010757,18.58643943653292,0.01888235543959269,0.024900195376431646,2927.982588749436,0.031250009227703976,0.17273704055389802,3574.21875,9.397741852658822,2.335374175343101
IR,12k_Drive_End_IR014_0_169.mat,-1.929879867024198e-17,0.5912548659396522,0.9999999999999999,0.9999999999999998,0.9999999999999999,15.215273832182719,8.363753799166377,20.04914513299595,-0.31965177632975356,8.363753799166378,14.14576738556608,18.605128594891163,0.018904278418215237,0.024883545915906816,2908.423579321439,0.03125000159779902,0.1364100395892994,2753.90625,6.900904746129818,2.055101843317053
IR,12k_Drive_End_IR014_0_169.mat,1.2576745200831851e-17,0.5607687575776406,1.0,1.0,1.0,19.552903041901857,10.108988629425015,35.296701329473436,-0.16874329162240873,10.108988629425015,18.02701825453496,23.733778302891743,0.01913858916241361,0.024703788644866578,2838.0190124974674,0.031250004296606015,0.13341411553229948,2800.78125,6.633649126759944,1.9922084828965114
IR,12k_Drive_End_IR014_0_169.mat,6.938893903907228e-18,0.5612116913039176,1.0,1.0,1.0,19.241074646677028,9.94998155430621,33.121346646142754,-0.09663268288311982,9.94998155430621,17.729462355262864,23.576436509311385,0.019028988890782323,0.02478830784165716,2871.0837261187635,0.0312500019817324,0.14553297762505554,3539.0625,7.373331201451834,2.0882331238046117
IR,12k_Drive_End_IR014_0_169.mat,7.806255641895632e-18,0.597579484160395,1.0,1.0,1.0,13.616666909689293,7.411933325620326,15.358665086947287,-0.2416547904385802,7.411933325620326,12.403259352241928,16.5165630023977,0.018832301261678154,0.024938071432243972,2927.022969259487,0.031250007641123984,0.15963607887354583,3574.21875,8.359690676866915,2.2164128231977984
IR,12k_Drive_End_IR014_0_169.mat,6.505213034913027e-19,0.587877218897619,1.0,1.0,1.0,13.227541590502637,7.199280761424367,14.913197578411651,-0.2990258752771425,7.199280761424367,12.24623191714144,16.422026670922353,0.0187373957097533,0.02500944872386926,2907.959472777938,0.03125000037529163,0.13470908939586604,2753.90625,7.355333861348902,2.1026061324818093
IR,12k_Drive_End_IR014_0_169.mat,2.3852447794681098e-18,0.5593857298833699,1.0,1.0,1.0,15.675328626317649,8.162839629386156,21.11633538982196,-0.08001989865558673,8.162839629386156,14.592506017427512,19.84982280275419,0.018986106732602127,0.024821167249096686,2868.8006004227686,0.031250001479510195,0.1431415222851065,3714.84375,6.437369526082347,1.9352281285783186
IR,12k_Drive_End_IR014_0_169.mat,4.9873299934333204e-18,0.5462770958222429,1.0,1.0,1.0,14.65684826532624,7.633394360658042,20.02546477292443,0.04045642425098003,7.633394360658042,13.9734841878524,19.43316409235392,0.01880528945544652,0.024958438371163034,2907.2444196081406,0.03125000091888433,0.134258340827208,2800.78125,6.918527427283559,2.061742416238525
IR,12k_Drive_End_IR014_0_169.mat,-4.336808689942018e-19,0.6081871811938595,1.0,1.0,1.0,14.289254432102267,7.343266323043762,14.701242062324063,0.22245771562797317,7.343266323043762,12.074023508073738,16.087890181529573,0.019189994183013113,0.02466397138237053,2930.9512421209847,0.031250077777414724,0.15064795538464526,3691.40625,7.74532810430534,2.1639973930835876
IR,12k_Drive_End_IR014_0_169.mat,-8.673617379884035e-19,0.6086834121293183,1.0,1.0,1.0,13.556148858010582,7.128519713754347,15.086682833116928,0.08270696121111074,7.128519713754347,11.711375029618601,15.408248754518558,0.019171825305048323,0.024677999727351296,2888.816170114298,0.03125000089712705,0.13901399477580645,3679.6875,7.104308844764513,2.0481316922912773
IR,12k_Drive_End_IR014_0_169.mat,-2.3852447794681098e-18,0.5671226479870961,0.9999999999999999,0.9999999999999999,0.9999999999999999,15.441062218999978,7.979451355287678,21.04012291787054,0.021656480876495278,7.9794513552876785,14.070062946012404,18.90892786283959,0.019150596182217136,0.0246945172327876,2929.1799271257332,0.03125003224790005,0.13359989327114005,3714.84375,7.054915584779136,2.084662430386424
IR,12k_Drive_End_IR014_0_169.mat,-8.782037597132586e-18,0.550712420503527,1.0,1.0,1.0,14.464596192968118,7.42264079592947,20.869795830788853,-0.00640677244860411,7.42264079592947,13.478252023338799,18.634145222334094,0.018618735981337627,0.025097925381465058,2929.5427204153816,0.03125001100793957,0.13838149308981385,3539.0625,7.371444938078106,2.142031520917943
IR,12k_Drive_End_IR014_0_169.mat,-7.15573433840433e-18,0.5941672435224682,1.0,1.0,1.0,16.587906273042677,8.362565919589942,20.51671574347651,-0.04426844524449138,8.362565919589942,14.074431081076106,18.623406645561232,0.018995434386995264,0.024814033402009054,2891.2255273123983,0.03125000449962628,0.12924453974369354,3574.21875,6.296226201777745,1.9323479435911282
IR,12k_Drive_End_IR014_0_169.mat,2.3852447794681098e-18,0.6071177661837194,1.0,1.0,1.0,16.808943780062226,8.582714698234382,20.81068362179738,0.2404751745533968,8.582714698234382,14.136820195831946,18.341999303442922,0.019169601421245665,0.02467973962185773,2874.589549337788,0.03125001066323207,0.15216812113085537,3679.6875,8.195997212042705,2.196009500107916
IR,12k_Drive_End_IR014_0_169.mat,5.421010862427522e-18,0.5579456751307753,1.0,1.0,1.0,15.185583046669832,7.648062200830827,23.21672486984151,0.0987907090477401,7.648062200830827,13.707539177605812,18.43595737160923,0.018483409444359528,0.025197739539776963,2898.8668289175403,0.03125000004163645,0.15890026431862156,3714.84375,8.341057793791457,2.284791026492069
IR,12k_Drive_End_IR014_0_169.mat,-1.951563910473908e-18,0.558856946904072,1.0,1.0,1.0,13.610304219332946,7.1158460471534735,18.364194487374867,-0.06821339426054594,7.1158460471534735,12.732857820902979,17.466575477345803,0.01867101428907169,0.025059046927969758,2913.6381604314856,0.03125000172033451,0.12767523761845692,3433.59375,7.1676904709642635,2.1322718908462504
IR,12k_Drive_End_IR014_0_169.mat,-2.168404344971009e-19,0.5877219039273788,0.9999999999999999,0.9999999999999999,0.9999999999999999,14.489305698521672,7.513312648903061,17.42445372446425,-0.04449098378580553,7.513312648903062,12.783788725069256,17.16605204471313,0.019453069823923086,0.02445691264917208,2876.012608041198,0.031250000030458566,0.12099259242311214,3281.25,5.425305735050213,1.7545250094756013
IR,12k_Drive_End_IR014_0_169.mat,8.023096076392733e-18,0.5618986768352764,0.9999999999999999,0.9999999999999999,0.9999999999999999,19.654508635908893,10.333504658844168,36.643732573054066,-0.06057090760168827,10.33350465884417,18.390334565378396,24.249157151303418,0.01962712769522603,0.024317449691299,2852.606294232695,0.031250000016857064,0.13886408212339374,3679.6875,6.3060474414731225,1.8832304355847371
IR,12k_Drive_End_IR014_0_169.mat,-4.336808689942018e-19,0.5436148593563204,1.0,1.0,1.0,16.328587120366908,8.583636199613904,22.73288794205275,0.007660726867206577,8.583636199613904,15.7899219491122,21.848627895743572,0.018671512725754544,0.02505867354940123,2898.6910009932176,0.03125000012037559,0.14740460645221862,3714.84375,8.03699338732873,2.2444261308708646
IR,12k_Drive_End_IR014_0_169.mat,4.336808689942018e-19,0.5697961647421699,1.0,1.0,1.0,14.372765866548754,7.559038725966564,17.708663905522243,0.03982249445320685,7.559038725966564,13.266215523558314,18.14398828650251,0.01880774968764575,0.02495663663230587,2961.336279255835,0.031250042564932454,0.13680784305332674,3492.1875,7.588580050030107,2.2239606748408263
IR,12k_Drive_End_IR014_0_169.mat,-8.673617379884035e-18,0.5922295481557234,1.0,1.0,1.0,17.774886394772103,9.350089014412426,28.729207948769428,-0.03106412610323943,9.350089014412426,15.787947500305867,20.636433519405276,0.019513783709308445,0.02440849946123462,2867.9569514663935,0.031250001609644154,0.12996507590696932,3609.375,6.519894905475021,1.949849807942264
IR,12k_Drive_End_IR014_0_169.mat,5.421010862427522e-18,0.5774401449602358,1.0,1.0,1.0,15.866389776970077,8.57641139071059,23.63056392298026,0.21820487258704913,8.57641139071059,14.852468200494073,19.680982009367096,0.02036564881789809,0.02370238516305178,2787.5248109490026,0.03125000342706558,0.1158697068074491,2753.90625,5.611733447071515,1.7720022837508849
IR,12k_Drive_End_IR014_0_169.mat,5.854691731421724e-18,0.5599995917548221,1.0,1.0,1.0,13.388628620552666,7.238852079998021,17.36790563329459,0.09744382734873096,7.238852079998021,12.926530994985656,17.699507281567023,0.018647547507117383,0.025076512490665906,2882.219827387226,0.031250000107595564,0.14704360103588876,3714.84375,8.013341548233337,2.239881640060995
IR,12k_Drive_End_IR014_0_169.mat,-8.348356728138384e-18,0.5932407963778294,0.9999999999999999,0.9999999999999999,0.9999999999999999,12.270303653084945,6.609519450559162,14.818089036776975,-0.09052838981593135,6.609519450559163,11.141377145528645,14.857385615066484,0.01892409355187459,0.024868491829104254,2928.8703451862298,0.031250011241827205,0.13724044139659744,3574.21875,7.302197340220293,2.1677975657874073
IR,12k_Drive_End_IR014_0_169.mat,5.204170427930421e-18,0.6316454658875568,1.0,1.0,1.0,14.024698969908057,7.950913508448509,14.91550624277168,-0.1113248745385791,7.950913508448509,12.587620647725668,16.189536769361037,0.01939915717192444,0.024499698777979573,2839.7185921454748,0.031250000627084176,0.1337548920075847,3574.21875,7.570804011710022,2.099662614674984
IR,12k_Drive_End_IR014_0_169.mat,6.5052130349130266e-18,0.556425627225442,1.0,1.0,1.0,20.35830751334844,10.61387364893891,37.82318512422266,-0.14461556747730014,10.61387364893891,19.075098503036024,25.36457032019886,0.01941539706583107,0.02448683055013085,2839.0219546131393,0.03125000021783526,0.13265992949446545,2753.90625,6.437546168000991,1.9464667269833502
IR,12k_Drive_End_IR014_0_169.mat,-8.673617379884035e-19,0.531679973010154,1.0,1.0,1.0,18.295811910014486,9.53888465565976,28.577658192666448,-0.1113836130605348,9.53888465565976,17.941026820428288,24.858007016575268,0.01839528544853731,0.025262145668373894,2890.2604931480605,0.03125000048805296,0.14536888567755085,3714.84375,8.331881306338776,2.2818137910437937
IR,12k_Drive_End_IR014_0_169.mat,-6.071532165918825e-18,0.5690671930401664,0.9999999999999999,0.9999999999999998,0.9999999999999999,13.529360304206055,6.766533976080021,17.184579894231895,0.03440917711620221,6.766533976080022,11.890571199388082,16.191981019066468,0.019267821934891658,0.02460312053426147,2874.604368229865,0.03125000003420945,0.12581651816658626,2742.1875,6.099800996578249,1.9198716805291345
IR,12k_Drive_End_IR014_0_169.mat,-2.8189256484623115e-18,0.6031961801499814,0.9999999999999999,0.9999999999999999,0.9999999999999999,14.513838725216981,7.455476320195759,17.718716692969586,0.032754691074388755,7.45547632019576,12.35995280729728,16.24038520888913,0.019115730037100778,0.024721475953113237,2845.6142717094313,0.03125000013042677,0.15572514896354797,3574.21875,8.223846438812657,2.2188742566493076
IR,12k_Drive_End_IR014_0_169.mat,-1.5178830414797062e-18,0.5777815562008255,1.0,1.0000000000000002,1.0,15.113576291372917,7.9673822866308255,20.90572191658042,0.06507704646618644,7.9673822866308255,13.78960993324183,18.298411875730586,0.019248555382524096,0.024618216670321817,2899.8575596713094,0.03125001562145223,0.13213116145657008,3515.625,6.8635130145035825,2.0358067836888933
IR,12k_Drive_End_IR014_0_169.mat,6.396792817664476e-18,0.5459949019320147,0.9999999999999999,0.9999999999999998,0.9999999999999999,14.35110587870171,7.441728185058304,22.528736492959975,0.039707329004287764,7.441728185058305,13.629666062312284,18.48270820294348,0.01864487044641105,0.025078503178088414,2885.832912848078,0.031250000249869486,0.13144241105733726,3714.84375,7.807322196047737,2.224048247832921
IR,12k_Drive_End_IR014_0_169.mat,-5.204170427930421e-18,0.5875374508386757,1.0,1.0,1.0,16.310205713442542,8.455165194022111,23.6304525726769,0.0578971184441526,8.455165194022111,14.390853182129671,18.867394480294973,0.01942367608070808,0.02448027052773352,2839.2516829130063,0.03125000540158817,0.13231772378920975,3574.21875,6.130806344390321,1.9180252883869904
IR,12k_Drive_End_IR014_0_169.mat,2.6020852139652106e-18,0.6129256546102894,1.0,1.0,1.0,13.778145865342704,7.141409496288457,15.79393607348118,-0.05788488663362698,7.141409496288457,11.651347015045586,15.177360303576574,0.019859646071926782,0.024128026222590533,2916.7205778896096,0.03125007506391326,0.14800001138198857,3574.21875,8.51398975358607,2.225889704738306
IR,12k_Drive_End_IR014_0_169.mat,-9.540979117872439e-18,0.5936147331742286,1.0,1.0,1.0,16.5414055286842,8.980087032034694,22.114161520790837,-0.20489141001959335,8.980087032034694,15.127803489673491,19.75118730954497,0.018681731056749522,0.025051056849749273,2906.0252834156972,0.031250000393057434,0.15175077341938276,3515.625,8.181096734897507,2.2528060141721595
IR,12k_Drive_End_IR014_0_169.mat,-3.2526065174565133e-18,0.5573975428713897,0.9999999999999999,0.9999999999999999,0.9999999999999999,16.742300500978075,9.089582369901233,27.594517575159063,-0.10148479504782483,9.089582369901235,16.30718055030699,21.80008067389118,0.019323446935511152,0.024559511408981816,2908.391951976788,0.03125004323384887,0.1272785697487017,2753.90625,6.891311640499866,2.0512504535059457
IR,12k_Drive_End_IR014_0_169.mat,1.8214596497756474e-17,0.5952578980368983,1.0,1.0,1.0,17.24895861038955,8.803177307755805,25.95166173217838,-0.025374326001109497,8.803177307755805,14.788845871323694,19.196990855087034,0.019313453647950972,0.024567320850685248,2834.6933243084127,0.03125000392947279,0.12101614746954761,3574.21875,6.360695412075763,1.9530309737633447
IR,12k_Drive_End_IR014_0_169.mat,7.15573433840433e-18,0.5812946957975854,1.0,1.0000000000000002,1.0,15.032627050451426,7.561955529619872,21.048763898639447,-0.010757695701848105,7.561955529619872,13.00881563910407,17.299831054407434,0.018639997442984647,0.025082131562833804,2899.6891495034597,0.031250005254556006,0.15210731728723792,3574.21875,8.459087321256833,2.268746841083858
IR,12k_Drive_End_IR014_0_169.mat,4.7704895589362195e-18,0.5540353854523499,1.0,1.0,1.0,14.875741268030172,7.483550219668224,21.779212990013917,-0.024000405644115493,7.483550219668224,13.507350642519297,18.46653945528572,0.018564006782783287,0.02513841986437114,2886.964282153037,0.03125000001773813,0.13281982743667164,2753.90625,7.902348822267369,2.241107312357292
IR,12k_Drive_End_IR014_0_169.mat,-3.0357660829594124e-18,0.5687741821784162,0.9999999999999999,0.9999999999999998,0.9999999999999999,15.070462168959843,8.595833242911967,21.66839056759736,-0.19190110964389703,8.595833242911969,15.112910382095329,20.269573881988354,0.019530132552021393,0.02439541971091162,2854.974010105829,0.03125000128593695,0.13984998604909346,3515.625,6.710582613154813,1.966016156027017
IR,12k_Drive_End_IR014_0_169.mat,6.5052130349130266e-18,0.5955913053347812,1.0,1.0,1.0,15.711497651837893,8.959728616963602,21.375001736216984,-0.16518888718227534,8.959728616963602,15.043417418471797,19.700151372872686,0.019455370377077442,0.0244550846593281,2835.3845341857104,0.03125000163526664,0.13774750934087251,3562.5,6.911240399925807,2.029040647261564
IR,12k_Drive_End_IR014_0_169.mat,1.1709383462843448e-17,0.5955217120231059,1.0,1.0,1.0,17.41303501103959,9.218832303130103,24.709175470941837,-0.04453895001140014,9.218832303130103,15.480262292724632,20.203377313165365,0.018971013190242678,0.024832705146062777,2875.720354210389,0.03125000138137044,0.1446232267109229,3445.3125,7.857766712606049,2.1885743375762154
IR,12k_Drive_End_IR014_0_169.mat,4.336808689942018e-18,0.5630668883167207,1.0,1.0,1.0,16.170159709179,8.559928267301363,22.30094911709636,-0.09788888939435092,8.559928267301363,15.202329323415073,20.567082109052354,0.018556539018988023,0.025143935096972537,2903.3999082927726,0.03125000180038383,0.13254834793813647,3445.3125,7.783934790875389,2.2432455238583997
IR,12k_Drive_End_IR014_0_169.mat,1.0191500421363742e-17,0.5784798728998042,1.0,1.0,1.0,16.859777820179797,9.020588477703592,24.209094916139303,-0.5507016852438364,9.020588477703592,15.593608179460388,20.690638707554445,0.019492603899965287,0.024425423258444233,2868.5956889717213,0.03125000653048077,0.13098102554026517,2695.3125,6.739721061985489,2.0030095795715437
IR,12k_Drive_End_IR014_0_169.mat,-1.3877787807814457e-17,0.5960994559313747,0.9999999999999999,0.9999999999999999,0.9999999999999999,15.843606556017903,8.470780045939593,19.673131210340493,-0.8002435096736638,8.470780045939595,14.210346883649533,18.69761640072113,0.02064055149546347,0.023463442773136858,2838.106939873621,0.03125004820484518,0.13492367938194927,3398.4375,8.41478465637188,2.2093020115925572
IR,12k_Drive_End_IR014_0_169.mat,0.0,0.5944741887536856,1.0,1.0,1.0,14.334974922006165,7.50643199749036,17.356307492587543,0.030856238579266837,7.50643199749036,12.62701079289512,16.73751195630152,0.019291698243098426,0.024584413467914033,2853.8231092108244,0.03125000810662486,0.14721464709912288,3574.21875,7.421081965981614,2.0682729514148934
IR,12k_Drive_End_IR014_0_169.mat,7.806255641895632e-18,0.5614558450708298,1.0,1.0,1.0,15.276696723080995,7.67425005413654,22.603914330749163,0.4551367171159566,7.67425005413654,13.668483677765265,18.319652202825353,0.020113179993233744,0.02391706209008602,2850.948404175923,0.031250053895333495,0.15144586648791963,3445.3125,7.733263745020618,2.137107046262929
IR,12k_Drive_End_IR014_0_169.mat,-1.723881454251952e-17,0.582791060731644,1.0,1.0000000000000002,1.0,15.985658448155757,8.306030247770032,22.901528193262735,-0.0673007150539335,8.306030247770032,14.252157947211005,18.62942340847068,0.019377905387742228,0.024516514424818284,2851.2164343442537,0.03125000314813764,0.13607737186239888,3515.625,7.016646607875681,2.0385383282165117
IR,12k_Drive_End_IR014_0_169.mat,2.3852447794681098e-18,0.5611091150244527,1.0,1.0,1.0,15.093169199177506,7.7057655101731495,19.735942251973764,-0.2465793193612167,7.7057655101731495,13.733096297744758,18.515990245323703,0.018550537605822176,0.025148360872643206,2892.5130163337203,0.03125000000073143,0.1301109297129584,2777.34375,6.702656536930273,2.037769000637607
IR,12k_Drive_End_IR014_0_169.mat,-1.0191500421363742e-17,0.5665627390629993,1.0,1.0,1.0,16.449615101465668,8.397744763236783,22.90623992647012,-0.22674428206706831,8.397744763236783,14.822268010644787,19.841622289507843,0.019103776010378923,0.024730716312389663,2884.6729733843936,0.03125000139485798,0.1279497107581125,3574.21875,6.443331781679121,1.966650715540653
IR,12k_Drive_End_IR014_0_169.mat,-5.637851296924623e-18,0.6092116596413201,1.0,1.0,1.0,15.920502853155046,8.161033049044795,20.013675887262515,0.10999730253451935,8.161033049044795,13.396055245970983,17.314812146226952,0.019715458064257424,0.02424589065489419,2813.3391161881746,0.03125000000532126,0.13069398349782535,3714.84375,7.1793906555867135,2.0458992754766054
IR,12k_Drive_End_IR014_0_169.mat,2.168404344971009e-19,0.5959966738538567,1.0,1.0,1.0,14.260571134635189,7.308469023119396,17.496990322382718,0.12504149565794143,7.308469023119396,12.262600352886354,16.134016729113668,0.019304073234003995,0.02457468868855801,2832.6505519426455,0.031250001081013265,0.13139319770424093,2601.5625,6.7210784525822245,2.0084127843890043
IR,12k_Drive_End_IR014_0_169.mat,2.8189256484623115e-18,0.5669742029775643,0.9999999999999999,0.9999999999999999,0.9999999999999999,14.95382196503795,7.724557323195387,19.434326319878473,-0.3128929203654889,7.724557323195388,13.624177753817584,18.599510130503795,0.018680197573460407,0.025052199913018113,2901.455718651591,0.03125000002984545,0.13343026863592947,2777.34375,7.349245438108248,2.142509245869128
IR,12k_Drive_End_IR014_0_169.mat,-1.1709383462843448e-17,0.5679359929964394,1.0,1.0,1.0,16.278461492265055,8.40862629061535,23.739935851320155,-0.4651204559135652,8.40862629061535,14.80558794354854,19.94413531175958,0.019021863187988517,0.024793774088758425,2877.88552593177,0.031250000203311055,0.13406883694872013,3457.03125,7.639339845672923,2.1636491086472387
IR,12k_Drive_End_IR014_0_169.mat,-3.0357660829594124e-18,0.5910788176193325,0.9999999999999999,0.9999999999999998,0.9999999999999999,16.24788310162608,8.396617484070283,22.583480103655827,0.13039265477304782,8.396617484070285,14.205580091482632,18.649776738478497,0.020005328365849024,0.024007293055026614,2812.6381995557563,0.03125001252568345,0.11472814485766432,3609.375,5.552682812075818,1.7558229439888324
IR,12k_Drive_End_IR014_0_169.mat,1.474514954580286e-17,0.5636132019195061,0.9999999999999999,0.9999999999999999,0.9999999999999999,14.050818592062301,7.264133908596472,18.491870407401024,-0.13116699202501914,7.264133908596473,12.888509147509142,17.562433382503787,0.020534444175320507,0.02355669239175943,2934.5181877516557,0.03125029846304401,0.13212157463484883,3539.0625,6.46916772812191,1.9281185873130766
IR,12k_Drive_End_IR014_0_169.mat,2.6020852139652106e-18,0.5769264570562276,1.0,1.0,1.0,14.332058934459036,7.587361532946828,19.87887807635719,-0.4662903642843544,7.587361532946828,13.151349604699025,17.629445246600667,0.01914008710058835,0.024702680084825276,2893.783618620937,0.031250045401428325,0.14130601226235157,2753.90625,7.543528551999405,2.1669781240867168
IR,12k_Drive_End_IR014_0_169.mat,-7.806255641895632e-18,0.6070252639953425,1.0,1.0,1.0,15.95480352965819,8.44626398681961,22.111181980676086,-0.42238529514924306,8.44626398681961,13.91418856478503,17.985346782128662,0.02071485093952012,0.023398408125545982,2913.6315945156957,0.03125044883287524,0.13025805540614857,3714.84375,8.249439115899298,2.2369119033101077
IR,12k_Drive_End_IR014_0_169.mat,-2.168404344971009e-18,0.5954517136757699,1.0,1.0000000000000002,1.0,15.959076292910787,8.48378867971378,20.226972353280384,-0.12245882426593385,8.48378867971378,14.2476517992411,18.755978951769674,0.019725951233176997,0.024237378780240845,2808.620029879954,0.03125001891504302,0.13209399178953926,2742.1875,6.652320539590393,1.9709399728753403
IR,12k_Drive_End_IR014_0_169.mat,2.168404344971009e-19,0.5678780856911855,1.0,1.0,1.0,15.144427398696156,7.676499302898732,20.097894007775565,-0.17393876728394017,7.676499302898732,13.517865007161493,18.271741033600957,0.01898088615237031,0.024825159544678326,2854.5443401930693,0.03125000136876759,0.136736451393241,3539.0625,7.17308445531528,2.0783029600296548
IR,12k_Drive_End_IR014_0_169.mat,1.0408340855860843e-17,0.5892393988841923,0.9999999999999998,0.9999999999999997,0.9999999999999998,15.229438906502265,8.485049393268676,21.230765102944847,-0.2765181948856488,8.485049393268678,14.400003477934963,18.829688686275343,0.018901767241853114,0.024885453034625794,2869.7501156881713,0.031250001241660094,0.13432645897680429,2753.90625,7.157383100942842,2.0942969195704193
IR,12k_Drive_End_IR014_0_169.mat,-6.938893903907228e-18,0.6193789361409887,0.9999999999999999,0.9999999999999998,0.9999999999999999,14.298963690904209,7.490256397258073,18.47709206831776,-0.24929620693284274,7.490256397258074,12.093172628578174,15.427164733951045,0.019280421457690315,0.02459324895656869,2827.126463126293,0.031250000733214905,0.14821273876302593,3679.6875,8.794344323155514,2.2718960790151095
IR,12k_Drive_End_IR014_0_169.mat,4.336808689942018e-19,0.5669011645304713,1.0,1.0000000000000002,1.0,18.12885750557315,9.270867181109967,27.3128003860745,-0.27713837807856356,9.270867181109967,16.353586411819148,21.816801428714946,0.01927822506323907,0.02459497718299737,2861.904011121563,0.031250005827536426,0.13421963938477446,2742.1875,6.5180381098572795,1.9822618500027318
IR,12k_Drive_End_IR014_0_169.mat,-7.37257477290143e-18,0.5396231965677467,1.0,1.0,1.0,16.664897005062414,8.524516478152908,25.220684565565364,-0.19682850194466625,8.524516478152908,15.797164637051887,21.802459799951688,0.018707519420323775,0.02503180538685469,2860.455126238481,0.03125000102059452,0.140982617397987,3539.0625,7.607702770520606,2.1637313580661988
IR,12k_Drive_End_IR014_0_169.mat,5.637851296924623e-18,0.5921613012045489,1.0,1.0000000000000002,1.0,16.51640020145428,8.38710043995008,19.965272996881964,-0.01289719562207138,8.38710043995008,14.163540276761422,18.763493023803047,0.019193567362792104,0.02466109271950775,2841.089433069152,0.03125000035568314,0.1366390157411735,3550.78125,6.684799109957001,1.9904865138784276
IR,12k_Drive_End_IR014_0_169.mat,4.336808689942018e-18,0.6022772744698212,1.0,1.0,1.0,17.430712673381173,8.71610267560665,22.65860651545639,0.16116484303780304,8.71610267560665,14.471910273020598,18.875801552352307,0.019094938840062733,0.024737539642921486,2828.7196812286197,0.03125000091025356,0.14881074454279067,3550.78125,9.12659822992369,2.3000247648521164
IR,12k_Drive_End_IR014_0_169.mat,-6.938893903907228e-18,0.5728315187846218,1.0,1.0,1.0,16.02607821758525,8.195124779323907,23.715377699118385,0.08800800913375004,8.195124779323907,14.306344030634916,19.038517736784843,0.01933335176521632,0.024551666458638554,2851.1193132984286,0.031250005061980876,0.1427241521196444,2742.1875,7.001046512531679,2.042419914986869
IR,12k_Drive_End_IR014_0_169.mat,1.734723475976807e-18,0.5702225721253499,1.0,1.0000000000000002,1.0,14.98000366705434,7.6618473697439144,18.821115790504606,0.05137777288512732,7.6618473697439144,13.436590805562918,18.246773793099667,0.018994109563114918,0.024815044421853998,2842.326720405202,0.031250002044067145,0.12845227558144956,2847.65625,7.134332667369258,2.0785002918657884
IR,12k_Drive_End_IR014_0_169.mat,-1.3010426069826053e-18,0.5979179187963203,1.0,1.0,1.0,15.013696978312865,7.920777218517034,18.30183881583079,0.019992891356796657,7.920777218517034,13.247265167203048,17.544026294424235,0.019703223799068005,0.024255855939223338,2794.8133012680173,0.03125001720672351,0.13397085704173367,2718.75,6.309069696947517,1.8995145968068219
IR,12k_Drive_End_IR014_0_169.mat,-8.239936510889834e-18,0.6060909328374043,1.0,1.0,1.0,17.486683398975906,9.333465505966316,22.999028963194064,-0.03127090032359865,9.333465505966316,15.399447509092171,20.121271775347132,0.019694561587226968,0.024262881913434467,2825.898895833177,0.031250011117731485,0.16087536177031458,3679.6875,8.567315549921695,2.172420819926057
IR,12k_Drive_End_IR014_0_169.mat,1.734723475976807e-18,0.5779392660771533,0.9999999999999999,0.9999999999999998,0.9999999999999999,14.036364699775913,7.49412396397902,16.8317252538152,-0.039430170983541096,7.494123963979021,12.96697491216763,17.523131292061866,0.019021473265771326,0.02479409108730741,2908.527979787695,0.03125001436873509,0.13800206689671007,2742.1875,7.365604643744617,2.0796341405689707
IR,12k_Drive_End_IR014_0_169.mat,6.7220534694101275e-18,0.5698757694868877,1.0,1.0000000000000002,1.0,13.526128705444197,6.957809452574731,15.730785066603147,-0.02912367211618718,6.957809452574731,12.20934425557257,16.772224097525502,0.01860503270685302,0.02510807273093631,2891.8067009267056,0.03125000093256092,0.12960813705708352,3539.0625,7.295983280499237,2.1349415255853184
IR,12k_Drive_End_IR014_0_169.mat,1.0408340855860843e-17,0.5817060665598677,0.9999999999999999,0.9999999999999998,0.9999999999999999,16.856255734720285,8.670293331230901,23.736572578218436,-0.026281197893637784,8.670293331230903,14.904938816447046,19.932457496115006,0.019624890616744266,0.024319256996884735,2822.7700199377805,0.031250001481595235,0.10677093723280268,2800.78125,5.282942785941844,1.7448852281329819
IR,12k_Drive_End_IR014_0_169.mat,3.0357660829594124e-18,0.578214294871616,0.9999999999999998,0.9999999999999997,0.9999999999999998,14.444407693483507,7.550498947734356,18.526163261373544,0.06757770125331784,7.550498947734358,13.058305570620377,17.53277516253817,0.018759989302310653,0.024992505120685123,2820.9815733751425,0.03125000017328451,0.1465562709508745,2707.03125,8.059303442206966,2.209502269216617
IR,12k_Drive_End_IR014_0_169.mat,-1.5395670849294163e-17,0.5819341859887375,1.0,1.0,1.0,13.031621827860535,6.811133112968519,14.94500964574321,0.03584186512979398,6.811133112968519,11.704301408923136,15.688723381060772,0.018635946797330286,0.025085141423395147,2892.8259059101056,0.0312500053322341,0.15020695062748274,2742.1875,8.171786264850095,2.2350474664679694
IR,12k_Drive_End_IR014_0_169.mat,-1.1709383462843448e-17,0.5773581477801137,0.9999999999999999,0.9999999999999998,0.9999999999999999,15.703547756738104,8.339318538831748,22.110837578457357,-0.08970360853931006,8.33931853883175,14.443926306220188,19.09094010220799,0.018909319649094904,0.02487971404427995,2898.4339045187453,0.03125000064826859,0.1470770006745952,3562.5,7.712589497209058,2.1652626814547538
IR,12k_Drive_End_IR014_0_169.mat,-6.505213034913027e-19,0.5833519126454831,1.0,1.0000000000000002,1.0,17.84180537296388,9.472141064612485,30.321349805724413,-0.08871602214248026,9.472141064612485,16.23743894428427,21.182395890479626,0.019668488459678838,0.02428401732501143,2856.219629462168,0.03125000697167882,0.12957946568864792,2800.78125,6.0977634224737995,1.8659676853250629
IR,12k_Drive_End_IR014_0_169.mat,4.553649124439119e-18,0.5675702448134973,0.9999999999999999,0.9999999999999998,0.9999999999999999,18.807998101547867,9.631628763936812,30.63102923462833,-0.0042661502909278025,9.631628763936813,16.969932536018955,22.506971310306163,0.019111477584671365,0.024724772461871315,2806.8328599999604,0.03125000718017047,0.13674399290483535,2707.03125,7.139201954048986,2.0639826702102715
IR,12k_Drive_End_IR014_0_169.mat,8.456776945386935e-18,0.5492659323152298,1.0,1.0,1.0,16.539623857468,8.471414114180732,24.59633261131952,-0.046416219208264435,8.471414114180732,15.42315591733968,20.89735045284776,0.018607397655920267,0.025106325687341478,2872.260033009775,0.03125000539271009,0.15212585714241791,2707.03125,8.55454705812033,2.2857781235983783
IR,12k_Drive_End_IR014_0_169.mat,2.3852447794681098e-18,0.5821414758335803,1.0,1.0,1.0,15.70428816132092,8.212416434771944,20.153037990425023,-0.07973506010944634,8.212416434771944,14.107251889263544,18.699507258343605,0.019420156837112214,0.024483095567767354,2901.029169169093,0.03125003136251971,0.1379480306738153,3562.5,7.403731222873434,2.1051555371950705
IR,12k_Drive_End_IR014_0_169.mat,-1.1275702593849246e-17,0.6205477393498866,0.9999999999999998,0.9999999999999997,0.9999999999999998,13.65698124212151,6.950940324514371,15.096189342045935,-0.1897627146731018,6.950940324514373,11.201298278511956,14.563642204830577,0.02067127539495381,0.023436504196417494,2836.261944064748,0.03125014168612228,0.12134980864717744,2800.78125,6.815414613491063,2.00659105820857
IR,12k_Drive_End_IR014_0_169.mat,6.5052130349130266e-18,0.5914268642429429,1.0,1.0,1.0,16.99368541413779,8.801125491327197,22.308705845033742,0.21994157955346866,8.801125491327197,14.881173012986304,19.637706279334353,0.019225078769304592,0.02463657416355602,2831.595078590524,0.031250031043222375,0.13839627079549754,3515.625,6.855300994896025,2.016438183418257
IR,12k_Drive_End_IR014_0_169.mat,-1.496198998029996e-17,0.5650906771578004,0.9999999999999999,0.9999999999999998,0.9999999999999999,15.481129938611499,8.014824622360344,20.76768558737322,0.24362463946998655,8.014824622360345,14.183254026897034,19.23532358456974,0.019624890692815658,0.024319347832719218,2896.7883354372752,0.03125007221933651,0.13992644771766594,2707.03125,7.932533589703571,2.218394719407967
IR,12k_Drive_End_IR014_0_169.mat,-2.2768245622195593e-18,0.5987317562742132,1.0,1.0,1.0,15.939567211144128,8.262532185495896,19.669042439302302,0.026609134123461352,8.262532185495896,13.800056701371522,18.079507038090686,0.019778030335852077,0.024194882963598875,2851.8073108835056,0.031250005529409625,0.1488530277249487,3562.5,7.105121682932217,2.0104165062521644
IR,12k_Drive_End_IR014_0_169.mat,1.734723475976807e-18,0.5517001366972338,1.0,1.0,1.0,16.13421580371149,8.080113587390418,21.412858429893102,-0.025900545542022136,8.080113587390418,14.645843004067777,19.997149495071863,0.018766420145216685,0.024987677110929488,2861.5085560488983,0.03125000051946982,0.14838208710458167,2800.78125,9.32264169007379,2.369380208187116
IR,12k_Drive_End_IR014_0_169.mat,1.7672495411513722e-17,0.562626814646872,1.0,1.0,1.0,17.20776161058977,8.618994562336697,24.286532145800876,-0.03789333248338615,8.618994562336697,15.319203311961475,20.631794895833625,0.018950566283200035,0.024848310560974713,2830.7290559042026,0.03125000000301769,0.1273718370836836,3515.625,6.968284026294076,2.068869884784184
IR,12k_Drive_End_IR014_0_169.mat,-6.7220534694101275e-18,0.6176495071129082,0.9999999999999999,0.9999999999999999,0.9999999999999999,16.699795223336135,8.864863252922474,20.512552049280874,0.2359579798793466,8.864863252922476,14.35257885068133,18.527524866964768,0.019822019369382583,0.024158851180859614,2800.0069523687466,0.0312500006761456,0.17639163779906014,3574.21875,9.080530714582569,2.2068313249573817
IR,12k_Drive_End_IR014_0_169.mat,-1.5395670849294163e-17,0.5972774959066193,1.0,1.0,1.0,16.188319895507497,8.596023348916034,19.648997249763433,0.3628034445838734,8.596023348916034,14.392009422467796,18.910609713371908,0.019833492367200743,0.024149438570266774,2844.282204888435,0.031250004843822,0.13653927838494398,3562.5,6.262355588782328,1.876979209374679
IR,12k_Drive_End_IR014_0_169.mat,6.5052130349130266e-18,0.5597286423237087,1.0,1.0,1.0,16.85879873602623,8.835194915307762,22.363769934920217,0.08087440761580496,8.835194915307762,15.78478256647458,21.454804649430418,0.01865302664292061,0.025072437840701813,2875.893410466536,0.03125000067547779,0.13252547823686128,3644.53125,7.966883944935709,2.2340221868536148
IR,12k_Drive_End_IR014_0_169.mat,-1.734723475976807e-18,0.5622112450714192,1.0,1.0000000000000002,1.0,17.118984207543622,8.971163392572507,23.204085548646102,-6.510061392993663e-05,8.971163392572507,15.956926282100381,21.671021574478814,0.018799763951370473,0.02496260207129378,2871.5691589474427,0.03125000202875208,0.12526043443566418,2753.90625,7.114625253051826,2.1074733513079797
IR,12k_Drive_End_IR014_0_169.mat,1.1275702593849246e-17,0.5886904723504254,1.0,1.0,1.0,18.990192575138877,9.612938914868012,28.761406462876664,0.15902280891114642,9.612938914868012,16.3293604472433,21.538237868251702,0.01934039400699986,0.02454612570647393,2821.927021315362,0.03125001004070265,0.163250542791043,3574.21875,8.105678699319116,2.1724856613048855
IR,12k_Drive_End_IR014_0_169.mat,-6.071532165918825e-18,0.5832256086949328,1.0,1.0000000000000002,1.0,18.69788617660727,9.458205097681027,28.61232758871699,0.28809501553381445,9.458205097681027,16.21706069945279,21.380217142151558,0.02070153982702521,0.02340994711670565,2909.9036334924785,0.03125027000230344,0.11825790353238888,2753.90625,5.500262969821661,1.781138508165315
IR,12k_Drive_End_IR014_0_169.mat,3.903127820947816e-18,0.5683244482583875,0.9999999999999999,0.9999999999999999,0.9999999999999999,15.814794622167437,7.918496543746139,21.517013603580892,0.038571470684569245,7.91849654374614,13.933056316708043,18.66958015866841,0.01888301698395537,0.02489968212212469,2884.3580577737375,0.03125000000318724,0.1403223589554677,3539.0625,7.363708802185253,2.1286864560718977
IR,12k_Drive_End_IR014_0_169.mat,5.204170427930421e-18,0.5756725744538898,0.9999999999999999,0.9999999999999998,0.9999999999999999,15.602628758002396,7.815106799512945,19.94434413635948,-0.13450259288630434,7.815106799512946,13.57561076611427,18.112576765096982,0.020560373651792904,0.02353402500936512,2956.64394519661,0.03125026876432846,0.12312840030086768,2859.375,6.9704867366159995,2.063847607719597
IR,12k_Drive_End_IR014_0_169.mat,-4.336808689942018e-18,0.6027187024094277,1.0,1.0,1.0,14.201293781579523,7.392152237913031,16.476020559370248,0.08056314565807383,7.392152237913031,12.264680369734952,16.224117237633248,0.01943125626348647,0.024474251084257596,2847.298878366725,0.03125000297780092,0.1492165850402533,3574.21875,7.2686673090127245,2.0640641213043587
IR,12k_Drive_End_IR014_0_169.mat,0.0,0.5678010988285944,1.0,1.0,1.0,14.166249415378651,7.148906130077464,17.822774067022745,0.14592581297172674,7.148906130077464,12.590511263232951,17.14474334820069,0.018630322068322096,0.02508933650993295,2880.070929613518,0.03125001931004305,0.14283078431491797,3445.3125,8.020536993169987,2.2520456151866894
IR,12k_Drive_End_IR014_0_169.mat,-8.239936510889834e-18,0.5891538815141513,1.0,1.0,1.0,16.568782379024114,8.362552844852495,22.784512132598643,0.1253552897604098,8.362552844852495,14.1941742340055,18.563372048990946,0.019055915334020717,0.024767613334940347,2856.8993496997973,0.031250001272423666,0.13553986506875662,3539.0625,6.847454641756706,2.010070124582904
IR,12k_Drive_End_IR014_0_169.mat,-2.168404344971009e-18,0.6263970285365403,1.0,1.0,1.0,15.767872407532675,8.28308021845436,18.326854453252658,-0.06365295015086023,8.28308021845436,13.223370867205789,17.022612380339762,0.019406816235585326,0.024493679315129507,2878.2296729595914,0.03125003748468441,0.12274032846005557,2777.34375,6.952515555999205,2.0564222481901067
IR,12k_Drive_End_IR014_0_169.mat,-1.9081958235744878e-17,0.5882656834135654,1.0,1.0,1.0,14.723127552483056,7.418367484911124,20.936537419189015,-0.15962783922105522,7.418367484911124,12.610573239397727,16.757680295680508,0.019421418229040387,0.02448205515638138,2847.4818366506342,0.03125000017131843,0.1235141510048426,2753.90625,6.985775963752272,2.0410543265994754
IR,12k_Drive_End_IR014_0_169.mat,1.235990476633475e-17,0.5480640860786127,1.0,1.0,1.0,15.556032388388044,7.890715055120377,23.75241150059836,-0.13765457620683375,7.890715055120377,14.397431350735426,19.66448368021856,0.018638247164464022,0.025083431913843907,2838.0007254613474,0.0312500050230411,0.14372542505991978,3445.3125,8.38938016886452,2.2800347973494666
IR,12k_Drive_End_IR014_0_169.mat,-1.951563910473908e-18,0.5671662065582599,1.0,1.0,1.0,17.671225413103517,8.965859196565159,26.449574422427784,-0.019361420675072807,8.965859196565159,15.808168915727133,21.014900685524466,0.0192709015756964,0.02460070840974053,2842.5669948084183,0.031250000028820106,0.13158553944083168,3445.3125,6.643533595026621,1.9711519334342855
IR,12k_Drive_End_IR014_0_169.mat,4.9873299934333204e-18,0.6245926377202653,1.0,1.0,1.0,13.050607257990384,6.784044971357946,14.338492352107139,0.23156480165008486,6.784044971357946,10.861551292246096,14.058645417186536,0.01917650547343445,0.024674375033577958,2873.4862395557016,0.031250010327523364,0.14454495743037096,3691.40625,7.904210563143036,2.1629910108602495
IR,12k_Drive_End_IR014_0_169.mat,1.734723475976807e-18,0.6026020161941285,1.0,1.0000000000000002,1.0,11.999746565220008,6.5760954775984395,13.405873522915012,-0.03829392756376444,6.5760954775984395,10.91283351345434,14.61392345085034,0.01904524067051931,0.024775832378924487,2901.345726605901,0.031250008996263755,0.13557609552746158,3527.34375,7.388460194553678,2.1274409790565096
IR,12k_Drive_End_IR014_0_169.mat,-3.0357660829594124e-18,0.562054195919729,1.0,1.0,1.0,16.37816182695817,8.399549024912181,21.130206019211688,-0.03316032101914047,8.399549024912181,14.944375624075548,20.494446798940338,0.018675661818699937,0.025055585442082307,2860.7719331825183,0.03125000329939076,0.142283349168093,3515.625,7.325701192946989,2.1209591486768433
IR,12k_Drive_End_IR014_0_169.mat,-1.734723475976807e-18,0.5688593378791595,1.0,1.0,1.0,18.512752094682337,9.497660734532602,28.279205681799155,0.1320121278279014,9.497660734532602,16.69597403453391,22.351513834772295,0.019435343240693757,0.02447100209008838,2821.013871661703,0.031250000162827044,0.12984687771572137,3609.375,6.534752527116629,1.958501418678934
IR,12k_Drive_End_IR014_0_169.mat,-5.204170427930421e-18,0.6225226915063947,1.0,1.0,1.0,15.975009629845339,8.115764200241381,19.134073971748148,0.06587085870397622,8.115764200241381,13.036896985397702,16.871867738217905,0.01953588264235033,0.02439081516752886,2824.7163189057287,0.03125000120243583,0.13524118697069082,3574.21875,6.61719989070614,1.93372547149388
IR,12k_Drive_End_IR014_0_169.mat,-4.7704895589362195e-18,0.6032081704593415,0.9999999999999999,0.9999999999999999,0.9999999999999999,13.609142328931046,6.916501594484733,16.23955701453668,0.00010278839917047702,6.916501594484734,11.46619348543942,15.056600676668701,0.018834617012559597,0.024936312953592853,2893.737266075427,0.03125000002766915,0.11957599348785515,2625.0,6.627963388891918,2.0201244979483413
IR,12k_Drive_End_IR014_0_169.mat,6.7220534694101275e-18,0.559934691708818,1.0,1.0,1.0,15.325656197671009,7.864299126687655,21.147246568145377,-0.026800592908373493,7.864299126687655,14.04502925633569,19.02701800304426,0.018549486561944724,0.02514913920246936,2913.1216239335813,0.03125000246939109,0.13257873845565807,2707.03125,7.223934099097104,2.11270550894802
IR,12k_Drive_End_IR014_0_169.mat,-1.1058862159352145e-17,0.56712329472026,0.9999999999999999,0.9999999999999999,0.9999999999999999,18.053567983890492,9.265754033226603,29.096028959980927,-0.06858651396086414,9.265754033226605,16.338165121214146,21.800429515730194,0.019742719660123302,0.02422371264868276,2877.7046820711253,0.03125001174502456,0.12941137231282301,3539.0625,6.355753638057268,1.8989280572431468
IR,12k_Drive_End_IR014_0_169.mat,9.540979117872439e-18,0.6170985534517077,1.0,1.0,1.0,14.418873251681543,7.285505398779081,14.504650860242409,-0.07676979973602877,7.285505398779081,11.80606461970782,15.594710543432837,0.01941614898810659,0.024486240584703264,2863.6137431455254,0.031250005112004736,0.14262992354902956,3656.25,6.385782673430259,1.902616488248991
IR,12k_Drive_End_IR014_0_169.mat,2.168404344971009e-19,0.5918738844618143,1.0,1.0,1.0,13.45542888144736,6.799066366522318,15.665339204955309,-0.13537553418136156,6.799066366522318,11.487356588987954,15.432033766474738,0.01857737764382439,0.025128547077006968,2905.1097168036094,0.031250005413161475,0.13581280351640193,3714.84375,7.4146398367268205,2.122686440199907
IR,12k_Drive_End_IR014_0_169.mat,9.107298248878237e-18,0.5657207397821178,1.0,1.0,1.0,14.699922693995557,7.424802509747944,20.63592549532354,-0.22929397383121136,7.424802509747944,13.124501167497481,17.673085639941682,0.01860551051016525,0.02510771973557559,2882.1698851971087,0.03125000178662526,0.1704956391465029,3714.84375,8.647484812541078,2.281674450200914
IR,12k_Drive_End_IR014_0_169.mat,1.734723475976807e-17,0.5956792843590344,1.0,1.0,1.0,16.071801622424356,8.20686040984167,20.700600593261534,-0.3129169455486428,8.20686040984167,13.777313774932521,18.08511469336361,0.019982744598941254,0.024026078512782784,2836.5737789207287,0.03125000048654269,0.15543166254897914,3539.0625,7.017007776144877,1.9529033318401994
IR,12k_Drive_End_IR014_0_169.mat,5.637851296924623e-18,0.6082315254492737,1.0,1.0,1.0,15.9075394425122,8.297160281616552,18.825798065986252,-0.4220065555894034,8.297160281616552,13.641450556986186,17.843433175009334,0.019471952027038927,0.024441893378728832,2830.1709081033146,0.03125000908288594,0.12809506626187167,3281.25,6.223284722497389,1.9137163755079543
IR,12k_Drive_End_IR014_0_169.mat,-9.215718466126788e-18,0.5609474483609879,1.0,1.0,1.0,15.737260224554245,8.141714437376665,21.728502376878954,-0.28214267373039326,8.141714437376665,14.514219578261114,19.594032109523788,0.01837856271523524,0.025274316257682634,2881.459498791509,0.031250002076339066,0.14574584833366455,2730.46875,7.773084716074667,2.191073086599256
IR,12k_Drive_End_IR014_0_169.mat,5.204170427930421e-18,0.5478190081872254,1.0,1.0,1.0,17.12203275684024,8.854411096392576,26.148191015932348,-0.26154064818513345,8.854411096392576,16.163022757630287,21.902182777037567,0.018780104680256593,0.024977395687015982,2887.6849635646677,0.031250002033714495,0.16980594856119977,3714.84375,8.36100410182544,2.217618934006343
IR,12k_Drive_End_IR014_0_169.mat,9.540979117872439e-18,0.6051881750479419,1.0,1.0000000000000002,1.0,15.973053971442848,8.602733325076915,20.848050693108718,-0.45166448647625246,8.602733325076915,14.214972598226035,18.552287636180832,0.019398197887766228,0.024500459255525783,2886.487789794153,0.03125000136039385,0.15029287434129177,3433.59375,7.32402362887051,2.044798320380453
IR,12k_Drive_End_IR014_0_169.mat,7.806255641895632e-18,0.5974610730405105,0.9999999999999998,0.9999999999999996,0.9999999999999998,14.819760744653713,7.766839420940422,19.27333696500372,-0.2899070678748586,7.766839420940424,12.999741357900643,17.240683604621864,0.019303798934785708,0.024574904618402907,2886.816248996601,0.03125000144509171,0.11980023575902263,3281.25,6.038793870787484,1.9019131783965963
IR,12k_Drive_End_IR014_0_169.mat,-1.734723475976807e-18,0.5494321372403679,1.0,1.0,1.0,13.567900364254225,6.800195729014297,19.53401377693658,-0.1251470943368943,6.800195729014297,12.376770975155607,17.052151956922742,0.018374948799516917,0.025276944298396234,2888.6396378109926,0.0312500025031854,0.1336798774057903,2730.46875,7.470195916330643,2.181262392725254
IR,12k_Drive_End_IR014_0_169.mat,1.3877787807814457e-17,0.5561249905535877,0.9999999999999999,0.9999999999999999,0.9999999999999999,15.76933336861715,8.07926072741184,22.753313102247027,-0.05393372607957072,8.079260727411842,14.52777858331711,19.654893491804813,0.01912873444756201,0.024711416024130094,2860.2464454750966,0.03125000101572765,0.14774765493457834,3714.84375,7.029662260375337,2.061600270162375
IR,12k_Drive_End_IR014_0_169.mat,2.4069288229178198e-17,0.5759846804026931,1.0,1.0,1.0,13.602844687189325,7.600997409238038,16.563479823761703,-0.21107727334896875,7.600997409238038,13.1965270394412,17.917186414209507,0.018769877699759307,0.02498507937021848,2886.2502323264316,0.031250000000000625,0.12705032112078618,2742.1875,7.663250279458129,2.2259587265204916
IR,12k_Drive_End_IR014_0_169.mat,-5.637851296924623e-18,0.5967895026938418,1.0,1.0,1.0,13.778113761301281,7.699595142697712,16.414431720059277,-0.291579656240008,7.699595142697712,12.90169332393179,17.14741850147259,0.019226436712381514,0.02463548769651609,2866.200740671451,0.03125000996320493,0.12803190303297549,3398.4375,6.704947146208933,2.0164557321459067
IR,12k_Drive_End_IR014_0_169.mat,-1.4094628242311558e-18,0.5515896670143101,1.0,1.0000000000000002,1.0,20.16593945148183,10.580824807504513,37.82222525363491,-0.39062875863332247,10.580824807504513,19.182420266821296,25.444880027083183,0.019082636429563156,0.024747029977690287,2834.8900870339103,0.03125000009311348,0.13461634708400533,3410.15625,6.84828074101829,2.03999376755257
IR,12k_Drive_End_IR014_0_169.mat,-4.0115480381963664e-18,0.5571368399135259,1.0,1.0,1.0,20.186619782273873,10.590522027411911,37.60081311485586,-0.265884761754212,10.590522027411911,19.0088345783339,25.04011278189227,0.01933128363678508,0.02455331572854487,2867.077525007281,0.03125002144497574,0.16965594835239314,3714.84375,7.725097681126933,2.0579422594796033
IR,12k_Drive_End_IR014_0_169.mat,-3.686287386450715e-18,0.6060642098972583,0.9999999999999999,0.9999999999999999,0.9999999999999999,14.48430441825441,7.501590670912342,15.697694925750117,-0.16569375852630483,7.501590670912343,12.377551005996597,16.271715021783432,0.0192491238561571,0.024617760949216624,2855.7952010737404,0.03125000677411849,0.12585981136373248,3714.84375,6.779733880186904,2.0206811726786382
IR,12k_Drive_End_IR014_0_169.mat,0.0,0.5942870686128274,0.9999999999999999,0.9999999999999998,0.9999999999999999,14.007213640477863,7.255691399075093,14.73600152466226,-0.2290385990858194,7.2556913990750935,12.2090682807741,16.3410146770301,0.018822289398324733,0.02494563101341998,2875.501490498013,0.031250009357630414,0.15196867744887685,3574.21875,7.314118973454069,2.0955760983642717
IR,12k_Drive_End_IR014_0_169.mat,6.5052130349130266e-18,0.5731017562455551,1.0,1.0000000000000002,1.0,17.33531407839172,8.958335810108592,22.419385124612965,-0.06170433434894698,8.958335810108592,15.631318020722032,21.013861328032302,0.019169063512815134,0.024680193812871617,2893.369150100391,0.03125003940156311,0.1362263601811755,3703.125,7.208801022803751,2.111085732620065
IR,12k_Drive_End_IR014_0_169.mat,1.0625181290357943e-17,0.5750430557762081,1.0000000000000002,1.0000000000000004,1.0000000000000002,18.565006249643652,9.596537219340714,27.466764889826287,-0.03868880032130746,9.596537219340712,16.68838032725577,22.088080140236297,0.019567754389332667,0.024365258689540887,2854.6683739073196,0.03125000548559145,0.15776394377320418,3714.84375,7.433126238779515,2.024400938891959
IR,12k_Drive_End_IR014_0_169.mat,-1.0408340855860843e-17,0.5863749222179424,0.9999999999999999,0.9999999999999999,0.9999999999999999,15.31886110891701,7.8532638322377695,19.840477214431676,-0.04614937821913325,7.85326383223777,13.392905348907277,17.75081237358044,0.019594406063855322,0.02434382715641351,2825.1284263229977,0.03125000271386526,0.13134930598755698,3515.625,6.994747921390628,2.018077971565941
IR,12k_Drive_End_IR014_0_169.mat,0.0,0.5715211450655213,1.0,1.0,1.0,13.552221854194869,6.948174124559766,16.14088133265858,-0.032306023432436326,6.948174124559766,12.157335182695999,16.57051482662923,0.018566442162340265,0.025136625542031853,2869.595913095857,0.03125000349132548,0.15423842330987808,3574.21875,9.06344419442527,2.349560808377114
IR,12k_Drive_End_IR014_0_169.mat,-7.806255641895632e-18,0.5808050923387983,1.0,1.0,1.0,15.438904994438928,7.749647903855857,19.21150237389086,-0.19384143103343907,7.749647903855857,13.34294069745396,17.8610803256034,0.01860458881414202,0.025108410129386114,2915.9008863417976,0.031250007746699164,0.14956110241049003,3410.15625,8.650829588372712,2.3347177378123045
IR,12k_Drive_End_IR014_0_169.mat,-8.673617379884035e-18,0.5353851188769609,1.0,1.0,1.0,15.253835730819397,7.909707210048208,26.137632063735715,-0.25740099514161385,7.909707210048208,14.773864515771068,20.18138080136397,0.019061786936728033,0.024763093960836893,2881.156961071367,0.03125000069975122,0.13179339137220303,3714.84375,6.912523255250965,2.0477189908575673
IR,12k_Drive_End_IR014_0_169.mat,1.3010426069826053e-18,0.5902126305362064,1.0,1.0,1.0,17.87321888095149,9.269060416693952,28.711387016313843,-0.20867402148628347,9.269060416693952,15.70461209593742,20.466521220184685,0.019858748410627056,0.02412868326311342,2828.9140754377495,0.03125001191116945,0.11891951035899335,3574.21875,5.511085554784584,1.7707833391308472
IR,12k_Drive_End_IR014_0_169.mat,-6.505213034913027e-19,0.624088364285303,0.9999999999999999,0.9999999999999999,0.9999999999999999,14.221281758193086,7.229556636065781,16.28014607675184,-0.08292194120786243,7.229556636065782,11.584187512204245,14.943669719581141,0.01921972237964513,0.024640714122425886,2867.573274086954,0.03125000033302,0.1264309108304976,3574.21875,6.758976963581972,2.0086353126833814
IR,12k_Drive_End_IR014_0_169.mat,-1.3877787807814457e-17,0.5745676824359652,1.0,1.0,1.0,13.182140165488567,6.726117660978529,18.303016058705865,-0.05201865813522703,6.726117660978529,11.706397464720174,15.657183458780256,0.018711206743542652,0.02502904828941346,2885.473405476738,0.03125000025717419,0.12367015854545577,3562.5,7.406355021304666,2.159870533345502
IR,12k_Drive_End_IR014_0_169.mat,-8.456776945386935e-18,0.544576895292441,1.0000000000000002,1.0000000000000004,1.0000000000000002,16.043936704274582,8.683532523952215,24.168995794333956,-0.31329281430640843,8.683532523952213,15.945466285875213,21.729873803323855,0.01853227157292632,0.02516182601559812,2879.8401980034455,0.03125000124947075,0.14351946890423214,3550.78125,7.710599085540076,2.180844126531635
IR,12k_Drive_End_IR014_0_169.mat,2.168404344971009e-18,0.574972078331266,1.0,1.0,1.0,18.381334576918235,9.946796681378457,31.332013463702843,-0.42527102410892914,9.946796681378457,17.29961689660986,22.67073237484203,0.019321141553938305,0.024561271583971592,2831.624093360167,0.03125000116430289,0.12763964260732746,3515.625,5.623438839891436,1.817205313420413
IR,12k_Drive_End_IR014_0_169.mat,-6.071532165918825e-18,0.6178647139037056,0.9999999999999999,0.9999999999999998,0.9999999999999999,15.713577238516839,7.967714400905111,18.930678973920077,-0.08069396754046164,7.967714400905112,12.89556471118835,16.665895375186984,0.019542259751143307,0.02438570478457827,2786.7804790691575,0.031250000224348144,0.12761210744075302,2800.78125,6.3862989956911544,1.9417784546612273
IR,12k_Drive_End_IR014_0_169.mat,-6.071532165918825e-18,0.5810856624404264,1.0,1.0,1.0,13.938633690128405,7.066154327782236,17.27207916031455,-0.056337902756315145,7.066154327782236,12.160262736660908,16.35489443703365,0.018945844017937145,0.024851933523068734,2839.0508266146358,0.031250017686187515,0.12313280933034108,3410.15625,7.598582893874991,2.1921018077579943
IR,12k_Drive_End_IR014_0_169.mat,-1.3877787807814457e-17,0.5463159278922591,1.0,1.0,1.0,14.166884097874286,7.218541391178147,21.041317526444505,-0.16821519749002545,7.218541391178147,13.213126366327984,18.257107714337167,0.018532083598415464,0.02516196397242087,2882.981088435458,0.03125000085516903,0.13818833902704286,3714.84375,7.4955198799453,2.1666854590258025
IR,12k_Drive_End_IR014_0_169.mat,5.421010862427522e-18,0.5701740074185249,1.0,1.0,1.0,15.469019788129703,7.881061097093333,24.835170142010732,-0.19243964010006767,7.881061097093333,13.822203388006072,18.276197675430836,0.019137895416862956,0.02470433772704129,2863.3463361976387,0.03125001349629308,0.11990950782186212,2789.0625,6.153944745957025,1.9380141157509563
IR,12k_Drive_End_IR014_0_169.mat,8.673617379884035e-18,0.6155109400183008,1.0,1.0,1.0,14.871419887631369,7.847428547947008,19.516179890710532,0.34194793852361544,7.847428547947008,12.749454213947331,16.35407916552964,0.01990573885026497,0.024089916367223508,2788.6685082574572,0.03125000015607634,0.13399491804972538,2800.78125,6.1633125004785265,1.8652566518963176
IR,12k_Drive_End_IR014_0_169.mat,-3.469446951953614e-18,0.5621704856304336,0.9999999999999999,0.9999999999999998,0.9999999999999999,13.437592882923003,6.847680145305776,17.874036129712092,0.19788679383977587,6.847680145305777,12.180789138416964,16.571420465600642,0.018859255069537468,0.024917694841216236,2867.3352876058684,0.03125000828764449,0.1274833828994257,2636.71875,7.42453444905349,2.140511216232713
IR,12k_Drive_End_IR014_0_169.mat,6.938893903907228e-18,0.5662077771034945,1.0,1.0,1.0,14.109861905913123,7.342496886611668,19.31099927378468,-0.01581074511241898,7.342496886611668,12.967848877267484,17.580349446413337,0.01881089403875011,0.024954218091553515,2878.5909164185864,0.03125000376156619,0.13320944445558341,3667.96875,7.5808468286219695,2.1791531946496434
IR,12k_Drive_End_IR014_0_169.mat,-6.7220534694101275e-18,0.6218466030770543,1.0,1.0000000000000002,1.0,15.36414832917496,7.860185236025382,20.192158588508267,-0.04809007485650403,7.860185236025382,12.640071035414838,16.294162831658536,0.019704866461889237,0.02425450775202318,2833.9735284236954,0.031250006537180755,0.12929872335112672,2777.34375,6.838158982687612,2.022147528997045
IR,12k_Drive_End_IR014_0_169.mat,1.734723475976807e-18,0.5838998453407108,1.0,1.0,1.0,17.241494196187197,8.699103515160239,24.393077937309045,0.012835615935341474,8.699103515160239,14.898280218047042,19.67098760122159,0.019546186303631953,0.0243825723890889,2829.865089387605,0.03125001176520498,0.13121961703272092,2753.90625,6.919738970975663,1.999952160202763
IR,12k_Drive_End_IR014_0_169.mat,3.686287386450715e-18,0.5496945923709742,1.0,1.0,1.0,15.384645412020092,7.762057643074454,21.29792766288098,-0.0417647542616387,7.762057643074454,14.120673098846948,19.369072991634162,0.018828248780614874,0.024941121649288474,2838.754862790906,0.0312500000203093,0.13202296904588376,2753.90625,7.315587299013021,2.106614908623579
IR,12k_Drive_End_IR014_0_169.mat,1.8648277366750676e-17,0.5791929142141313,0.9999999999999999,0.9999999999999998,0.9999999999999999,15.439106497315056,8.028896920885233,20.038505271742835,-0.028344534715269983,8.028896920885234,13.86221537564753,18.37091128798299,0.01961689490328868,0.024325710068776235,2845.1082510083,0.03125000377594913,0.1315076650299861,2765.625,6.245654598437383,1.8570039383454222
IR,12k_Drive_End_IR014_0_169.mat,-4.336808689942018e-19,0.6348437387494952,1.0,1.0000000000000002,1.0,13.775858516549363,7.165122345704941,16.174791467108577,0.011669102680794685,7.165122345704941,11.286434611166966,14.470580866334103,0.019667839066375335,0.02428456447155648,2824.923225421703,0.03125002344181558,0.13565618884038075,2777.34375,6.598397630040771,1.955844230406924
IR,12k_Drive_End_IR014_0_169.mat,2.8189256484623115e-18,0.5773393319560218,1.0000000000000002,1.0000000000000004,1.0000000000000002,16.858316876637574,8.440726451295946,24.55592965817958,-0.10049498548116735,8.440726451295944,14.620044026272765,19.532025173389176,0.0192226879071085,0.02463842730939237,2856.3085678073176,0.031250021290461664,0.14386736273015296,3445.3125,7.213636666339299,2.0740061259487046
IR,12k_Drive_End_IR014_0_169.mat,3.686287386450715e-18,0.5430587605248383,1.0,1.0,1.0,14.697531089387379,7.360068883259539,20.650579783060635,-0.003144176936356255,7.360068883259539,13.552988034198018,18.754255388696826,0.01863264116885177,0.0250876065552811,2851.795822477341,0.03125001311359362,0.1538116312404332,3445.3125,8.743381849024983,2.335756969247879
IR,12k_Drive_End_IR014_0_169.mat,-8.673617379884035e-19,0.5686942959378503,1.0,1.0,1.0,15.177789516234407,7.992488305995798,21.062473714664495,0.11816385101511359,7.992488305995798,14.054103167704811,18.725422791276056,0.01970181671666102,0.024256976712492637,2855.5274658449675,0.03125000001867702,0.12755760899253174,2601.5625,5.86091453284051,1.7996581396833045
IR,12k_Drive_End_IR014_0_169.mat,-4.7704895589362195e-18,0.6329269422824526,0.9999999999999998,0.9999999999999997,0.9999999999999998,15.119161930430975,8.049931087574508,17.562550266620615,-0.07076664347191575,8.04993108757451,12.718578638073069,16.288851716112166,0.019853846748219408,0.024132725221468213,2877.0315485623623,0.031250018517061245,0.12499697805047168,2777.34375,6.696703377228424,1.9737522029979033
IR,12k_Drive_End_IR014_0_169.mat,-6.071532165918825e-18,0.5770627233689776,1.0,1.0000000000000002,1.0,17.032787274743797,8.681396050990042,26.292402963694393,-0.2525681054339402,8.681396050990042,15.044111670056882,19.88553540737581,0.019093554052129025,0.024738613057508095,2906.0120103586855,0.0312500045176106,0.12689546084354567,2625.0,7.091847450065948,2.075168309498061
IR,12k_Drive_End_IR014_0_169.mat,-1.0842021724855044e-17,0.5428118726536386,0.9999999999999999,0.9999999999999998,0.9999999999999999,15.437672847333225,7.872000340186689,23.357151549957738,-0.03991575900088315,7.87200034018669,14.502262637887645,19.911651045144964,0.018789286956557363,0.02497048672863643,2839.4106374794287,0.03125000018881383,0.1349882557678363,2765.625,7.075849068122222,2.0973921259806194
IR,12k_Drive_End_IR014_0_169.mat,8.673617379884035e-19,0.5961353437140595,1.0,1.0,1.0,15.19070313536221,8.116537146326442,21.701268947749995,0.2036620626996784,8.116537146326442,13.615259071469508,17.813883009956836,0.019726747758767593,0.024236719589886956,2795.715257429001,0.031250010457867884,0.11877852731262005,2765.625,5.496863644857081,1.7817898124511329
IR,12k_Drive_End_IR014_0_169.mat,-1.8214596497756474e-17,0.5850307842945981,1.0,1.0,1.0,14.560761155231344,7.649391651076574,20.81505349867478,0.010534126284891542,7.649391651076574,13.075195111826194,17.201248998704177,0.018766028141779852,0.02498797417931243,2887.29919881629,0.03125000265286482,0.1454719849491804,3562.5,8.082437149295387,2.210518824630656
IR,12k_Drive_End_IR014_0_169.mat,7.806255641895632e-18,0.584394280214702,1.0,1.0,1.0,14.299568167745626,7.512362306694127,20.01174133950543,0.0005731196946668314,7.512362306694127,12.854955226348457,16.901331564650686,0.018661273395982232,0.02506630862018023,2894.0478901707475,0.03125000724162662,0.13758400931892079,3457.03125,8.102657711902738,2.235354087532211
IR,12k_Drive_End_IR014_0_169.mat,8.673617379884035e-19,0.5778998673139435,1.0,1.0,1.0,17.828023810382454,9.407706146571291,27.413331535364627,0.1384855725388292,9.407706146571291,16.279128407310335,21.45198906614399,0.019553119001855218,0.024377000408159787,2805.0650973607485,0.03125000178560209,0.129012550257858,2742.1875,6.58062813324894,1.9553766996389554
IR,12k_Drive_End_IR014_0_169.mat,-4.9873299934333204e-18,0.5799747696337534,0.9999999999999999,0.9999999999999998,0.9999999999999999,18.385723873422933,9.701070888353879,29.783277383175527,0.18144811036438885,9.70107088835388,16.72671191279576,21.956472923819398,0.019578993163868835,0.024356221917341807,2783.6134570882027,0.031250000310361986,0.12238397214861159,3539.0625,5.815003589674596,1.8563095726896848
IR,12k_Drive_End_IR014_0_169.mat,-2.168404344971009e-18,0.6018989990162535,0.9999999999999999,0.9999999999999999,0.9999999999999999,15.194400783083706,7.83164872612355,18.544857319811012,0.3031795831246886,7.831648726123551,13.01156629089537,17.048411278378094,0.01900800642421166,0.02480440087962917,2858.606337613213,0.031250001779523466,0.14847732253834134,2753.90625,8.287427901771936,2.223386622259571
IR,12k_Drive_End_IR014_0_169.mat,1.4094628242311558e-17,0.580887759555955,1.0000000000000002,1.0000000000000004,1.0000000000000002,13.974542263535124,7.203755470790449,16.692045349457032,0.27080569821198236,7.203755470790448,12.40128639704369,16.653179253453004,0.018242001035394414,0.02537305483629066,2883.060234119593,0.0312500002160119,0.17219232572781926,3679.6875,9.872326029510933,2.4472581493357746
IR,12k_Drive_End_IR014_0_169.mat,-7.806255641895632e-18,0.5586561870100558,1.0,1.0,1.0,17.623522819851644,8.933409078827438,27.873169874422054,-0.08321670176266424,8.933409078827438,15.990889005703675,21.21148424687874,0.019085220294179917,0.024745061344477827,2845.6866936251226,0.03125001911390372,0.1351024368795355,2742.1875,7.729280994614445,2.1919739562018306
IR,12k_Drive_End_IR014_0_169.mat,3.469446951953614e-18,0.5780913707430781,1.0,1.0,1.0,19.452029883263442,9.862389465843249,35.03897668213636,-0.17967490185103208,9.862389465843249,17.060260652509207,22.168252266332676,0.019725900425560796,0.024237395743041113,2822.2375274356273,0.03125000000006283,0.15111170400802618,3539.0625,6.364760510954731,1.8813013921628152
IR,12k_Drive_End_IR014_0_169.mat,-1.0191500421363742e-17,0.6129832260766476,1.0,1.0,1.0,16.019568101375597,8.030974232725102,18.422239374333003,0.2928076995261971,8.030974232725102,13.101458394101158,17.16765410474758,0.019212805692064412,0.024646130041993144,2874.5154907629753,0.031250018057720534,0.14596869535943835,3679.6875,7.478051162147773,2.1175700830503374
IR,12k_Drive_End_IR014_0_169.mat,8.673617379884035e-19,0.5700173032812738,1.0,1.0,1.0,14.516289146928916,7.497032312693291,19.708974961505557,0.11582347412156174,7.497032312693291,13.15228900866172,17.684871354022818,0.018506188539885622,0.025181015420885782,2897.6275757780422,0.03125000083041089,0.15002966659306102,3679.6875,8.682171269247453,2.3173235151294977
IR,12k_Drive_End_IR014_0_169.mat,4.336808689942018e-19,0.5467349798429608,0.9999999999999999,0.9999999999999999,0.9999999999999999,16.570454610186957,8.872223116412238,28.08177093432971,-0.22851439132494486,8.87222311641224,16.227648574745693,21.679308616006914,0.018913236170743,0.02487673655686571,2886.912108340166,0.03125000038672,0.15016394383337367,2742.1875,7.7799595394059216,2.1871171492154913
IR,12k_Drive_End_IR014_0_169.mat,-5.854691731421724e-18,0.5518084518577138,1.0,1.0,1.0,15.273516822782506,8.163010053847742,21.308536116187625,-0.06207213305213552,8.163010053847742,14.793195041442768,20.176311680202996,0.018572449356241326,0.025132188140585945,2891.060453796093,0.031250004093183056,0.14935222250310307,3539.0625,8.782357893049236,2.3237860729270756
IR,12k_Drive_End_IR014_0_169.mat,-6.5052130349130266e-18,0.6035201793040995,0.9999999999999998,0.9999999999999996,0.9999999999999998,15.098838095371914,8.242597628575378,17.8007104756353,0.007869187184453596,8.24259762857538,13.65753443087796,18.071615816316218,0.018972949079249537,0.02483122436542927,2855.076020654365,0.03125000000400135,0.1261611365905851,2753.90625,6.437070317407198,1.98011083037203
IR,12k_Drive_End_IR014_0_169.mat,4.119968255444917e-18,0.5960037965950524,1.0,1.0,1.0,18.671490674983005,9.509185474501471,27.883706280063453,-0.07719736162026067,9.509185474501471,15.954907550634903,20.852816951669983,0.019676140917988548,0.024277818827223182,2852.849299836984,0.03125000813491119,0.14249793595828208,3679.6875,6.819351552618891,1.9605945857293057
IR,12k_Drive_End_IR014_0_169.mat,-1.431146867680866e-17,0.5547892681707733,0.9999999999999999,0.9999999999999998,0.9999999999999999,16.557039661943662,8.430963436210057,25.1895071325193,-0.10880281996745499,8.430963436210059,15.196695249726544,20.341030787836296,0.01899929532503737,0.024811072015891014,2877.6463222092675,0.031250000278811474,0.13595873226423158,2742.1875,7.358071748640333,2.107595345526777
IR,12k_Drive_End_IR014_0_169.mat,3.0357660829594124e-18,0.5430445964395604,1.0,1.0000000000000002,1.0,14.385837623749277,7.371822738343452,18.414951339385645,-0.14129060482704558,7.371822738343452,13.574985897431572,18.85173893187793,0.01872080230697229,0.02502187224397917,2894.3068519799153,0.03125000047377206,0.14279437353284136,2625.0,7.934310524855702,2.2185195407051936
IR,12k_Drive_End_IR014_0_169.mat,4.336808689942018e-19,0.5673832596608825,1.0,1.0,1.0,15.896563024550947,8.14656007454243,19.67901973088859,-0.08059012927366391,8.14656007454243,14.358125545352749,19.489847407602987,0.018865455088465287,0.024912995084406676,2879.3896413182856,0.03125000351632896,0.12086591021255987,3445.3125,6.861620924339919,2.0554123628040024
IR,12k_Drive_End_IR014_0_169.mat,-4.9873299934333204e-18,0.5822006330138254,1.0,1.0,1.0,19.221453122142854,9.83266278001221,29.06475228839944,0.02332667604293872,9.83266278001221,16.88878751146723,22.250713018927062,0.019244418400137374,0.02462143117167626,2846.7286112876,0.031250000200018196,0.14446579687445643,3679.6875,6.952322389482123,2.0276910718121495
IR,12k_Drive_End_IR014_0_169.mat,9.75781955236954e-18,0.5612866259684695,1.0000000000000002,1.0000000000000004,1.0000000000000002,18.13549037826829,9.27784400736549,26.789336932194743,0.041577191897473775,9.277844007365488,16.529601059631656,22.01246383797716,0.019106220906046203,0.024728827127421082,2854.2283442027715,0.031250001094536205,0.1368117545936392,2742.1875,7.2738636231888085,2.0917325152860045
IR,12k_Drive_End_IR014_0_169.mat,-1.8865117801247777e-17,0.5575076213877922,1.0,1.0,1.0,13.800414704530988,7.023492243428072,18.46194477644164,-0.10664265954900166,7.023492243428072,12.598020141759925,17.1492874602238,0.01875662222240786,0.024995035254221983,2893.8803801622294,0.03125000263286268,0.14309711278319712,2625.0,7.810062836540538,2.213982085628313
IR,12k_Drive_End_IR014_0_169.mat,7.15573433840433e-18,0.5677813996027503,1.0,1.0,1.0,14.36572547796034,7.312284701408799,19.081795089438565,-0.16221269135888525,7.312284701408799,12.878697165009028,17.538008617419564,0.019034854918995252,0.02478380121074179,2881.50718790813,0.031250000067852224,0.12826909197778202,3562.5,6.649574306403494,2.0169110207011953
IR,12k_Drive_End_IR014_0_169.mat,1.452830911130576e-17,0.584796100664446,1.0,1.0,1.0,16.44376780933455,8.350456487129975,20.87310326713893,-0.0012654632531321139,8.350456487129975,14.279261571070972,19.093712332535805,0.019383079600888756,0.02451241982978612,2829.468779277093,0.031250000011617304,0.13646267965392614,3515.625,6.14417730734352,1.876152436968846
IR,12k_Drive_End_IR014_0_169.mat,6.071532165918825e-18,0.5649341204803929,0.9999999999999999,0.9999999999999998,0.9999999999999999,14.040153600660648,7.1298181199234625,16.227659968608307,0.01622613399772639,7.129818119923463,12.620618690654773,17.41854685771765,0.018552552415550802,0.025146876884842385,2870.340345153066,0.031250001891090826,0.16087810969750896,2707.03125,8.930044848716465,2.357655156248598
IR,12k_Drive_End_IR014_0_169.mat,-1.1275702593849246e-17,0.5761785400978128,1.0,1.0,1.0,12.795110685204587,6.400816768175268,16.086446938437103,-0.1972673538131067,6.400816768175268,11.109085678700664,15.02257018127305,0.018766714001647387,0.024987465489107893,2920.5544280929707,0.03125000777582281,0.1382966740939902,2625.0,7.58257692322665,2.1415338157294554
IR,12k_Drive_End_IR014_0_169.mat,3.469446951953614e-18,0.6021546795051193,1.0,1.0,1.0,16.187753710169396,8.099076994836942,22.683513831125403,-0.5078022220023487,8.099076994836942,13.450160349983774,17.484633482908944,0.019342571623331216,0.0245444031196441,2858.82661409938,0.03125000482405232,0.13509502408652224,2800.78125,7.779659488198313,2.151671120044144
IR,12k_Drive_End_IR014_0_169.mat,9.974659986866641e-18,0.5623338550661989,1.0,1.0,1.0,17.05377571336357,8.749929953717174,24.99782281389264,-0.18963074194776453,8.749929953717174,15.560026974877971,20.996174852665263,0.019836203255953998,0.02414720662368014,2818.770340430129,0.03125000075741155,0.11738201931738332,3515.625,6.091193784168716,1.8678426977453535
IR,12k_Drive_End_IR014_0_169.mat,-1.1492543028346347e-17,0.5296930639962192,1.0,1.0,1.0,14.664108797143719,7.522556261711838,21.35907065924496,-0.1499087678622253,7.522556261711838,14.201726949110158,20.02613599943265,0.018667221163676986,0.02506187054872121,2861.6218550888625,0.03125000002199183,0.14871328595684266,2707.03125,8.205028465765935,2.2528551741982255
IR,12k_Drive_End_IR014_0_169.mat,-3.686287386450715e-18,0.5561930230986074,1.0,1.0,1.0,15.74332218991743,8.093123884886872,20.856537796677152,-0.15784631521743803,8.093123884886872,14.550926654561868,19.85105457659747,0.019252959470853634,0.024614758939878727,2890.8216627894662,0.03125000489687438,0.140708751150906,3691.40625,7.360371906763806,2.076063755211663
IR,12k_Drive_End_IR014_0_169.mat,-7.15573433840433e-18,0.6044265821958326,1.0,1.0,1.0,12.377180268692655,6.245194076667472,16.04662428504041,-0.10943415176518737,6.245194076667472,10.332427892200224,13.544381896256214,0.019213456089935646,0.024645613341660173,2861.3402768327287,0.03125001043050231,0.15196506831651413,3480.46875,8.702110565805196,2.2908706493117075
IR,12k_Drive_End_IR014_0_169.mat,8.890457814381136e-18,0.5696232264014864,0.9999999999999999,0.9999999999999999,0.9999999999999999,18.017375944846215,9.483050786018868,28.142742306916194,-0.2340689566933404,9.48305078601887,16.647935594070997,21.987722487918035,0.019501415551922703,0.024418383208444253,2861.0860137855716,0.03125000235269119,0.12441069028426043,2824.21875,6.737087176739767,2.0007681135045545
IR,12k_Drive_End_IR014_0_169.mat,-1.5178830414797062e-17,0.529449179549741,1.0,1.0,1.0,16.21854521756778,8.53099227676875,29.747733508220655,-0.3235681738492715,8.53099227676875,16.112957780053137,21.799988106638178,0.018607997895786436,0.02510587453990163,2868.121589455593,0.03125000035364597,0.14405559293052542,2812.5,8.420881585793154,2.3101986601631457
IR,12k_Drive_End_IR014_0_169.mat,4.336808689942018e-18,0.5643626999385422,1.0,1.0,1.0,19.233378345611623,10.11608871325588,32.279411309806164,-0.2770293912097965,10.11608871325588,17.924800335595354,23.622441595109233,0.01963968749113773,0.024307307673504086,2823.9596801312264,0.03125000049734307,0.1300760357773008,2625.0,6.565549780530678,1.9247047074746826
IR,12k_Drive_End_IR014_0_169.mat,1.3444106938820255e-17,0.6112504179989839,1.0,1.0,1.0,14.517706810213856,7.901770172455125,18.325528616213333,-0.4478856950267571,7.901770172455125,12.927222525790175,16.822838450828495,0.0198757534518597,0.024114669465305393,2837.829642718177,0.03125000573920019,0.1389056040239298,3480.46875,7.30216398539096,1.9920950970357738
IR,12k_Drive_End_IR014_0_169.mat,1.3335686721571705e-17,0.5850369107919036,1.0,1.0,1.0,13.927171814918744,7.011647419486585,16.864673369668324,-0.4635091991214154,7.011647419486585,11.984965888725974,16.13965662771993,0.01916264667683795,0.02468513449336775,2896.26467511297,0.03125000628187109,0.13201499496463964,3667.96875,7.541510820016284,2.152294959605375
IR,12k_Drive_End_IR014_0_169.mat,-1.0191500421363742e-17,0.567528122693393,1.0,1.0,1.0,14.28572259066297,7.488439767082872,17.517108790196833,-0.1666524585100059,7.488439767082872,13.194834700955429,17.999238201952902,0.01848408435864058,0.025197245018097295,2891.252011540128,0.03125000049726992,0.14073393966410205,3503.90625,8.476417506713718,2.301209651593361
IR,12k_Drive_End_IR014_0_169.mat,-1.496198998029996e-17,0.5675432191494136,1.0,1.0000000000000002,1.0,17.438117303873653,9.140229000744256,25.46244274883112,-0.07774387167325778,9.140229000744256,16.104903895148052,21.354415752899776,0.019899056385187,0.024095437699455345,2804.6613462967257,0.03125000100718695,0.12438493125798283,2625.0,5.96819694443452,1.8390613879467366
IR,12k_Drive_End_IR014_0_169.mat,-4.9873299934333204e-18,0.5524899465051262,1.0,1.0,1.0,16.680734958202095,8.646272786731668,25.204609220997355,-0.22886515213740447,8.646272786731668,15.649647276706501,21.08868184709957,0.0194089848714254,0.02449191910484747,2868.2602415840724,0.031250004722841444,0.12955105197296013,2800.78125,6.426985906950212,1.9356013709086353
IR,12k_Drive_End_IR014_0_169.mat,8.673617379884035e-18,0.5785588092427374,0.9999999999999999,0.9999999999999999,0.9999999999999999,15.48271319263813,8.025414826863205,20.328881418469834,-0.23758799393900407,8.025414826863207,13.871389906529105,18.502133771477162,0.019041224388778928,0.02477891401110901,2897.063389410244,0.031250004892699836,0.13455310504430576,3667.96875,7.469576587394247,2.1268523046785677
IR,12k_Drive_End_IR014_0_169.mat,5.637851296924623e-18,0.5833952661008192,1.0,1.0,1.0,16.073338297969492,8.392985731885659,21.77683864212481,-0.06929156403307776,8.392985731885659,14.386448124581165,19.026259664798083,0.019013227566924945,0.024800400731385123,2886.2915267189624,0.03125000318318324,0.1405866346897332,3503.90625,7.0109790343889795,2.06811934486004
IR,12k_Drive_End_IR014_0_169.mat,5.421010862427522e-19,0.5639752678028322,1.0,1.0000000000000002,1.0,17.33385248997427,9.052033789236472,27.347780978189622,-0.0061271425584721335,9.052033789236472,16.050409133191092,21.373421776097025,0.019595312990834335,0.024343095534604453,2865.821172541355,0.03125000146265021,0.1444672536327482,3515.625,6.001503874624599,1.8401806077821599
IR,12k_Drive_End_IR014_0_169.mat,2.2985086056692694e-17,0.5788390870779349,0.9999999999999999,0.9999999999999999,0.9999999999999999,16.734703100161724,8.530631897800916,23.214565249837456,-0.006394428345270093,8.530631897800918,14.737484195935703,19.584063802057287,0.019642543643827164,0.024305005247840895,2844.7683562831285,0.03125000481435528,0.12879525411783116,3539.0625,6.450370024000502,1.9216809553255028
IR,12k_Drive_End_IR014_0_169.mat,-5.421010862427522e-18,0.5797985841623344,0.9999999999999999,0.9999999999999999,0.9999999999999999,14.657124476063952,7.470951089369445,17.928500865981512,-0.11074939404316679,7.4709510893694455,12.885424858639697,17.24996136505391,0.019058498379878247,0.024765624158750554,2898.1710987088472,0.03125000000749297,0.13025910504935745,3773.4375,7.277346893048053,2.091157884210346
IR,12k_Drive_End_IR014_0_169.mat,-2.3852447794681098e-18,0.5877591668050435,0.9999999999999999,0.9999999999999998,0.9999999999999999,15.747483461797064,8.770803727630108,20.23294695551021,-0.5220352258237827,8.77080372763011,14.922444808996634,19.75797460023014,0.019071223841799934,0.024755827763989827,2892.3676897469513,0.03125000139366986,0.13439455052539426,3574.21875,6.974298559809856,2.0659514827241496
IR,12k_Drive_End_IR014_0_169.mat,-1.951563910473908e-18,0.5900345065264123,1.0,1.0000000000000002,1.0,17.946851143203954,9.995022006178608,26.646739023523498,-0.6211164883946257,9.995022006178608,16.939724534112806,22.239098698001406,0.02003686119288768,0.023980975813694166,2846.2285394599066,0.03125000811903947,0.1209901295274506,2707.03125,5.694350369531845,1.7918774532430777
IR,12k_Drive_End_IR014_0_169.mat,-1.0842021724855044e-17,0.590290761233447,0.9999999999999999,0.9999999999999998,0.9999999999999999,15.725774267242564,8.254301121260989,20.0629077839368,-0.05118158598236569,8.25430112126099,13.983449620680398,18.475006063627546,0.019160074639793613,0.02468712300111598,2835.8409589792373,0.03125000003639507,0.128867597888029,3714.84375,6.403951154165224,1.9552287228666947
IR,12k_Drive_End_IR014_0_169.mat,6.830473686658678e-18,0.5817979228004467,1.0,1.0,1.0,13.638394654578184,7.156090949421932,16.105790690737617,-0.11127280475008398,7.156090949421932,12.299959606209232,16.55102651411082,0.018561170445069795,0.02514051709680395,2884.1838942430645,0.0312500023709699,0.12769598375787714,2636.71875,7.464086130778406,2.194087625436762
IR,12k_Drive_End_IR014_0_169.mat,1.1275702593849246e-17,0.5807462295172207,1.0,1.0,1.0,14.02443085393005,7.082134604153177,19.715441816104722,-0.29232129676497126,7.082134604153177,12.194886930287291,16.172163051290244,0.019271387175448795,0.024600334151856244,2916.2120380954643,0.03125000486478421,0.15595959922218636,3574.21875,7.881398545696187,2.1317139603172053
IR,12k_Drive_End_IR014_0_169.mat,3.469446951953614e-18,0.5317273359454895,1.0,1.0,1.0,16.053242490256874,8.213675505176354,24.52416826253444,-0.16301728910425595,8.213675505176354,15.44715674730401,21.233621594724628,0.019191790359683582,0.024662505007384268,2926.486725527587,0.031250023527179906,0.13108433712711787,2707.03125,6.332683718572253,1.9265484925754608
IR,12k_Drive_End_IR014_0_169.mat,2.168404344971009e-18,0.5643665617761429,1.0,1.0,1.0,17.95130831012154,9.183746350528798,27.68590029260955,-0.07188289207424897,9.183746350528798,16.272662082647535,21.735200185717698,0.019387402276391713,0.024509001984102045,2868.715311490266,0.03125000072453369,0.13584292994867334,3714.84375,6.444291190832729,1.9473724869142564
IR,12k_Drive_End_IR014_0_169.mat,-9.324138683375338e-18,0.613645832173978,1.0,1.0,1.0,15.255277320847846,7.981386805514183,18.196024793927812,-0.005840647577037172,7.981386805514183,13.006503730724171,17.1468829192923,0.019605309282898387,0.02433507467025054,2856.9240035446705,0.03125002418054698,0.14028724620276742,3445.3125,7.330493398799268,2.080426446735525
IR,12k_Drive_End_IR014_0_169.mat,3.903127820947816e-18,0.584809389239012,1.0,1.0,1.0,14.525854582159841,7.426525545153099,18.450434330541874,0.17643864973961976,7.426525545153099,12.699053198884043,16.98631631294391,0.018941509278213878,0.024855249057004467,2889.1660784071937,0.03125002687074659,0.13334870700620377,3527.34375,7.877542420522127,2.2020100565924476
IR,12k_Drive_End_IR014_0_169.mat,2.6020852139652106e-18,0.5437186585241478,1.0,1.0,1.0,16.134667571094038,8.214607739165348,22.398061138771578,0.024913193185089416,8.214607739165348,15.108195406541338,20.64689115388067,0.018586032365209053,0.025122142146816705,2917.9249779656266,0.03125000200200734,0.1351813314301229,2753.90625,7.333425823578655,2.1106728388416633
IR,12k_Drive_End_IR014_0_169.mat,2.168404344971009e-18,0.5552489999483313,0.9999999999999999,0.9999999999999998,0.9999999999999999,17.879676011600026,9.101434849761677,27.366690197377995,-0.0905608803807458,9.101434849761679,16.39162763122241,22.156309838942445,0.0186910334872216,0.025044132200402937,2916.4814152344093,0.03125001264786462,0.16128676384921933,3457.03125,8.500346763406776,2.272047123332372
IR,12k_Drive_End_IR014_0_169.mat,7.806255641895632e-18,0.6211229170218454,1.0,1.0,1.0,15.686691359304808,7.955519927486001,17.336115599871622,0.04904784062800006,7.955519927486001,12.8082859438371,16.826694654298425,0.019704235522845163,0.02425501450556907,2811.5104139018104,0.031250002019281846,0.1189275817401265,3656.25,6.2845732046954765,1.9020546918564034
IR,12k_Drive_End_IR014_0_169.mat,7.806255641895632e-18,0.5974377340036461,1.0,1.0,1.0,14.540034972647721,7.376713616004747,15.74975767537574,0.11227046331500667,7.376713616004747,12.347250928679587,16.57564409222103,0.018930883054297878,0.024863311958196903,2840.964181884451,0.03125000183593786,0.14024327681430293,3292.96875,6.863343655870749,2.019328005079199
IR,12k_Drive_End_IR014_0_169.mat,-1.235990476633475e-17,0.5670801723596716,1.0,1.0000000000000002,1.0,13.6159016359027,6.917649619217161,16.615756748569257,0.14112821216838614,6.917649619217161,12.19871537816637,16.73236429368429,0.018769894832987966,0.024985069363057406,2901.9431444930615,0.0312500022898914,0.13843459067204317,2753.90625,7.321046896420404,2.078674309594206
IR,12k_Drive_End_IR014_0_169.mat,-1.1926223897340549e-17,0.5582760496886501,1.0,1.0000000000000002,1.0,14.206084516728934,7.2172776024625,18.43502110335133,0.06451347763936281,7.2172776024625,12.927793707947112,17.880934071535762,0.018548137901196075,0.025150131188027156,2900.234410918641,0.0312500002940282,0.14698098798306625,3457.03125,7.891723028203839,2.226028956802221
IR,12k_Drive_End_IR014_0_169.mat,-1.0842021724855044e-17,0.5904902180439175,1.0,1.0,1.0,14.956564924754753,7.9690922612866615,17.350403623772156,0.13538792505984062,7.9690922612866615,13.495722736416207,18.125575013239768,0.019670205780706024,0.024282617370925994,2832.801365721863,0.03125000002940988,0.13526523844554234,3656.25,6.204585722292492,1.8928184151923086
IR,12k_Drive_End_IR014_0_169.mat,1.0842021724855044e-18,0.5616020016100436,1.0,1.0,1.0,14.815392376312921,7.48623001310864,19.068960580705248,0.0988903122804741,7.48623001310864,13.330134137069567,18.258385476946103,0.019160122801716976,0.024687167921232208,2910.2331427054673,0.03125006505190015,0.13217135937622096,3703.125,6.892997221563601,2.0449360836016797
IR,12k_Drive_End_IR014_0_169.mat,-1.1492543028346347e-17,0.568365839628729,0.9999999999999999,0.9999999999999999,0.9999999999999999,17.35430418276519,8.765521974352344,23.97437178619091,0.013827497992866268,8.765521974352346,15.422323727404528,20.740871852744057,0.018917683083377487,0.024873355673761477,2856.9297392001963,0.03125000089146477,0.14393908493076807,3714.84375,7.512652308287946,2.1185211180402743
IR,12k_Drive_End_IR014_0_169.mat,3.469446951953614e-18,0.6243763691007862,1.0,1.0,1.0,12.949767183575915,6.901732222112343,14.014397745636508,0.09150074434541855,6.901732222112343,11.053801142493706,14.455644207278889,0.02087681437748487,0.023254041863324103,2954.9428744170505,0.03125046946100472,0.12749182989332522,2707.03125,7.562354857091616,2.132824344295102
IR,12k_Drive_End_IR014_0_169.mat,-1.1275702593849246e-17,0.5786885783898819,0.9999999999999999,0.9999999999999998,0.9999999999999999,14.973361385931033,7.548142018925865,18.318946461470468,0.012388111961356134,7.548142018925866,13.043530321485676,17.670434652621406,0.019260286373176047,0.024609020321408773,2863.755675791642,0.031250000197700176,0.11946941416661645,3656.25,6.079040116082804,1.9141731072718422
IR,12k_Drive_End_IR014_0_169.mat,-2.190088388420719e-17,0.5555236615681967,0.9999999999999999,0.9999999999999998,0.9999999999999999,15.050727479273116,7.6567724992925035,20.919112287202402,0.023514944122298487,7.656772499292504,13.782981768369826,18.749513360293157,0.01849061139655861,0.025192513156776696,2916.6252998076766,0.031250046863531424,0.13332184601481994,3539.0625,7.716091966588884,2.216565479389088
IR,12k_Drive_End_IR014_0_169.mat,3.2526065174565133e-19,0.5696573458549878,0.9999999999999999,0.9999999999999999,0.9999999999999999,18.748330416516843,9.53679584650387,30.06419622827771,0.09527771539266308,9.536795846503871,16.741284766880824,22.032155213282305,0.019118327620551233,0.024719476021364817,2845.359052323632,0.03125000713244019,0.1522854067529648,3714.84375,7.47991192386007,2.082961292077406
IR,12k_Drive_End_IR014_0_169.mat,2.2985086056692694e-17,0.6388509607632746,1.0,1.0,1.0,13.131539239117572,7.051603507554891,13.006060174062949,0.005400594802622227,7.051603507554891,11.037947722783269,14.219116858891292,0.0200822773957404,0.023942950190084987,2816.9803487154672,0.03125000366726949,0.13659587573631626,2707.03125,6.641352120057635,1.9295328735223285
IR,12k_Drive_End_IR014_0_169.mat,4.336808689942018e-18,0.5997461979453809,0.9999999999999999,0.9999999999999998,0.9999999999999999,14.528308622867293,7.626421629403649,18.054737404366882,-0.3489706466016913,7.62642162940365,12.71608166176018,16.74325046612351,0.019343998345130224,0.024543274025350705,2867.290019128547,0.031250001149757664,0.12628196512397388,3656.25,6.15901160408796,1.9344683020410163
IR,12k_Drive_End_IR014_0_169.mat,2.168404344971009e-18,0.5667704401131192,0.9999999999999999,0.9999999999999998,0.9999999999999999,15.58871688623083,7.940634586617304,21.019232590053658,-0.024685089588068372,7.940634586617305,14.010318860370468,18.89144767538331,0.01851361397363989,0.025175561806370313,2878.274612425922,0.03125000503410081,0.14646331042925848,3539.0625,8.238384856306295,2.243318803962438
IR,12k_Drive_End_IR014_0_169.mat,1.0842021724855044e-17,0.5773970727891081,1.0,1.0000000000000002,1.0,18.625906370999346,9.487615914980552,27.955536195132787,0.30772618401004603,9.487615914980552,16.431700751704128,21.73689298943822,0.019227455153410192,0.024634681438127158,2823.016101526032,0.031250000979750496,0.14099615643225763,3714.84375,6.769231873809477,1.9699163906068935
IR,12k_Drive_End_IR014_0_169.mat,-1.0625181290357943e-17,0.6294726567571423,1.0,1.0,1.0,14.684579030859124,7.543350907094123,16.21352315177355,-0.14366820986144296,7.543350907094123,11.983603777096919,15.446909365399373,0.019866011833541676,0.024122691081340266,2829.660536758484,0.031250002418818965,0.13267565936526127,3574.21875,6.419210699444712,1.9294764501270776
IR,12k_Drive_End_IR014_0_169.mat,9.107298248878237e-18,0.5909635913605364,1.0,1.0,1.0,12.158698997434438,6.127999406804566,14.146085590964717,-0.01100268921697807,6.127999406804566,10.369504139326887,13.931780461083395,0.0189811848477651,0.02482492973436032,2880.773943976529,0.03125000023265527,0.13668974234011244,3574.21875,6.555113322788186,2.0094353856127625
IR,12k_Drive_End_IR014_0_169.mat,6.288372600415926e-18,0.5622521813163427,0.9999999999999999,0.9999999999999999,0.9999999999999999,13.816004352463237,7.302729480193938,17.28901470723327,0.1857900723184855,7.302729480193939,12.988352420611006,17.72267719221601,0.018144761529972873,0.02544268762323978,2866.8202246056903,0.03125000359157327,0.17795423276982214,3539.0625,11.414392807108067,2.645972968652299
IR,12k_Drive_End_IR014_0_169.mat,-1.3444106938820255e-17,0.5757669689550752,0.9999999999999999,0.9999999999999998,0.9999999999999999,17.055120457892563,9.015543503683459,26.326461609657674,0.26305668242389796,9.01554350368346,15.658320101351466,20.646957458859227,0.019906187913918252,0.024089585234328102,2822.689601615829,0.031250030944403616,0.1418855902203777,3714.84375,6.551013198464394,1.904886534353009
IR,12k_Drive_End_IR014_0_169.mat,-6.5052130349130266e-18,0.5991855918472475,1.0,1.0,1.0,15.933644656334565,8.274227788569883,21.119225180521024,0.0014940648405115456,8.274227788569883,13.809123418774163,18.097813129231408,0.02020521891889028,0.02383929590679258,2809.6901677057363,0.031250006414269726,0.13198376078277813,3515.625,5.751161201699443,1.782042080955153
IR,12k_Drive_End_IR014_0_169.mat,1.7997756063259374e-17,0.586778296475712,0.9999999999999999,0.9999999999999998,0.9999999999999999,13.663852654935035,7.096589087655707,15.861681027520923,0.05612490643891211,7.096589087655708,12.094157419043958,16.196829347981826,0.019153547139038482,0.02469223546423111,2870.113051251161,0.03125003776363161,0.1264338829938822,2777.34375,6.7722181143536355,2.034744306534616
IR,12k_Drive_End_IR014_0_169.mat,4.553649124439119e-18,0.5666341657803358,1.0,1.0,1.0,15.650594629146061,8.42214986785153,19.978433528192067,0.18627839621863457,8.42214986785153,14.863469900818693,20.030270182557565,0.018948435805157253,0.024849936106823033,2878.101514541912,0.03125000070360563,0.1371255702812976,3703.125,8.278206237524191,2.2214492240118924
IR,12k_Drive_End_IR014_0_169.mat,5.204170427930421e-18,0.5786654212079532,1.0,1.0000000000000002,1.0,18.021900104281972,9.698459058786437,27.726600412363773,0.23036974864744772,9.698459058786437,16.76004596670229,22.01550478656949,0.019549317294249025,0.02438005148689318,2844.032898639226,0.03125000347479638,0.1431518271183313,3527.34375,6.596821818365513,1.9290327561379794
IR,12k_Drive_End_IR014_0_169.mat,-7.589415207398531e-18,0.594117380184377,1.0,1.0,1.0,17.497205154470464,9.083831803479834,25.344416165980938,-0.05533718029145025,9.083831803479834,15.28962475506234,19.936743961835173,0.019735927490227796,0.02422923214094465,2787.458948243514,0.03125000038462903,0.12233113853581162,2742.1875,6.245612545427384,1.8978932951841325
IR,12k_Drive_End_IR014_0_169.mat,3.0357660829594124e-18,0.5618677009763089,0.9999999999999999,0.9999999999999999,0.9999999999999999,15.48230950345594,8.040692969464533,20.696808389398836,0.005237192950789652,8.040692969464535,14.310651698776985,19.43429142120859,0.018768446730651478,0.024986156908912645,2810.2880202479105,0.031250002076129615,0.14182218817969341,2707.03125,8.172629225113724,2.252394848943974
IR,12k_Drive_End_IR021_0_209.mat,-3.209238430557093e-17,0.7025584673280592,1.0,1.0,1.0,8.415893121465201,4.52438864019292,6.133723155905298,0.2765824729792685,4.52438864019292,6.439874900945803,8.143475398665258,0.014494496031798167,0.027685233496977216,2627.7671316231417,0.031250001103967376,0.22223981519007466,2882.8125,20.818450850460344,3.868639565651263
IR,12k_Drive_End_IR021_0_209.mat,-6.5052130349130266e-18,0.6824354757833804,1.0,1.0,1.0,9.774265678710666,5.515370770101911,7.984767652104937,0.3073024190972893,5.515370770101911,8.081893403578873,10.314190770733836,0.015224249643529236,0.027290744403210776,2576.171893466513,0.03125000011663809,0.202715093674524,2882.8125,15.854377547493867,3.3524314863290567
IR,12k_Drive_End_IR021_0_209.mat,4.336808689942018e-18,0.6660558042007361,1.0000000000000002,1.0000000000000004,1.0000000000000002,12.098604088901503,6.680478115551752,10.053137371841881,0.3292900545538902,6.68047811555175,10.029907514383567,12.902684060406736,0.015388267507189815,0.02719860944558037,2632.014176485444,0.03125001012233512,0.21570137691633506,2882.8125,15.86560094278819,3.286530617999227
IR,12k_Drive_End_IR021_0_209.mat,1.8214596497756474e-17,0.6895019286189666,1.0,1.0,1.0,10.834176192788332,5.983012701727081,7.428548595249487,0.33602039507880355,5.983012701727081,8.677296543188382,11.085848129726104,0.015032602705210858,0.027396799588431737,2693.0631328172867,0.031250020348495874,0.2369622793046224,2882.8125,19.94766662574635,3.6645422674783346
IR,12k_Drive_End_IR021_0_209.mat,-2.168404344971009e-18,0.7044836079108807,1.0,1.0,1.0,8.229428263602554,4.365465656278142,5.7501331478554745,0.33334169443424644,4.365465656278142,6.19668876217541,7.89252104267696,0.014696889858375367,0.027578348178871417,2675.0649229377523,0.03125002175654086,0.26950304920403717,2882.8125,24.94332365353233,4.0270756248422925
IR,12k_Drive_End_IR021_0_209.mat,-1.0408340855860843e-17,0.6991473248321391,0.9999999999999999,0.9999999999999998,0.9999999999999999,9.144684384489786,5.08941617064722,5.913335640156297,0.3277610189419431,5.089416170647221,7.279461695529131,9.318616838330648,0.015377825744481093,0.027204511465819637,2601.141319645538,0.0312500074995437,0.21063325293449744,2882.8125,15.538061766923667,3.2740119349913654
IR,12k_Drive_End_IR021_0_209.mat,6.938893903907228e-18,0.688805850113877,1.0,1.0,1.0,9.184730925699572,5.0845506849294075,5.987518974290216,0.32227445377756325,5.0845506849294075,7.381689171322809,9.529425643058309,0.014662878339307007,0.027596427132029946,2613.9549602602015,0.031250004666347767,0.2279250037449525,2882.8125,20.084850575460223,3.766225303857025
IR,12k_Drive_End_IR021_0_209.mat,-2.1467203015212988e-17,0.6919112004543946,0.9999999999999999,0.9999999999999998,0.9999999999999999,8.747084186538158,4.913339077776452,6.258195144042888,0.3215642908985309,4.9133390777764525,7.101112215772407,9.12035099802734,0.015202412797355905,0.02730291492649616,2663.2527924558967,0.03125000029351516,0.23748905962232075,2882.8125,17.545530899423326,3.3507320140921606
IR,12k_Drive_End_IR021_0_209.mat,-2.7972416050126014e-17,0.6841049961903894,0.9999999999999999,0.9999999999999998,0.9999999999999999,9.859340747600282,5.538842959675081,7.157359426773582,0.333604205046535,5.5388429596750814,8.09648078952722,10.475784122006045,0.01541478382502603,0.027183590197155726,2646.0658951335067,0.0312500101820653,0.23351696331783311,2882.8125,18.447129627768877,3.446519332562282
IR,12k_Drive_End_IR021_0_209.mat,-7.806255641895632e-18,0.6957735499141329,1.0,1.0,1.0,8.658052302474458,5.049374490287148,5.699052411622727,0.30034037932131963,5.049374490287148,7.257209606358712,9.343638559358013,0.015304595440641694,0.027245790439004734,2640.569964169733,0.03125001981195968,0.206329434991724,2882.8125,15.994051500998715,3.311112421083993
IR,12k_Drive_End_IR021_0_209.mat,1.5178830414797062e-17,0.6989970145115211,1.0,1.0,1.0,9.092643707597748,5.053748890052376,6.090020710689878,0.328709003980186,5.053748890052376,7.230000679736921,9.184523408298318,0.014327887926075498,0.027771835257703176,2642.1592964277756,0.03125001129604892,0.20352098200626195,3105.46875,22.0528506529329,4.035321429323809
IR,12k_Drive_End_IR021_0_209.mat,1.474514954580286e-17,0.6823205298306388,1.0,1.0,1.0,9.761549063089925,5.392500080627969,7.872018676353587,0.3404401401121414,5.392500080627969,7.903177238366931,10.089495973462316,0.015548581378480055,0.027107278394956948,2654.4926859893408,0.031250006797837925,0.19908114323551862,2882.8125,13.734927230497645,3.0756927938783805
IR,12k_Drive_End_IR021_0_209.mat,-7.806255641895632e-18,0.6667761211234398,1.0,1.0,1.0,11.172278997872688,6.170617968194282,9.420868770155536,0.33623506553667665,6.170617968194282,9.254407548065029,11.981131588173229,0.015722575812119166,0.02700674658732716,2639.9671150149375,0.03125002002239266,0.2408859208035335,2882.8125,18.315488052027085,3.365186828584437
IR,12k_Drive_End_IR021_0_209.mat,-1.734723475976807e-18,0.6726354747701242,0.9999999999999999,0.9999999999999998,0.9999999999999999,10.040416883616427,5.60060283153993,7.637862478628755,0.33376050410196023,5.6006028315399305,8.326356610099932,10.778585931525159,0.016139062019095245,0.026760118776313783,2755.058419345466,0.03125017247598202,0.1654767075491451,2882.8125,13.857989228185508,3.2208194154600767
IR,12k_Drive_End_IR021_0_209.mat,-6.505213034913027e-19,0.6797740797121452,0.9999999999999999,0.9999999999999998,0.9999999999999999,9.085828225428205,5.070011694984814,6.677024311033368,0.36415769420771993,5.070011694984815,7.458377490844816,9.65706475189927,0.014301365260362657,0.02778549671951795,2646.809848292158,0.03125000602016983,0.20522771030310633,3269.53125,20.828030562180203,3.8937056886051065
IR,12k_Drive_End_IR021_0_209.mat,9.75781955236954e-18,0.6761402570315629,0.9999999999999999,0.9999999999999999,0.9999999999999999,10.301274967161,5.6560153712782215,7.697081946047369,0.3714295169467107,5.656015371278222,8.365151035540535,10.8075115054782,0.015501774231786745,0.027134117779013298,2701.997072475894,0.03125004563162514,0.21312880371517087,2882.8125,15.905453940296981,3.269858527299134
IR,12k_Drive_End_IR021_0_209.mat,-2.862293735361732e-17,0.6910456181130568,1.0,1.0,1.0,11.127305924577803,6.1098856521187725,7.646032306263887,0.326789398651939,6.1098856521187725,8.841508421400887,11.257064358218026,0.015246014046785474,0.027278596472450796,2653.013701700713,0.031250004317145065,0.23975319931836755,2882.8125,18.363191730719358,3.431580522279172
IR,12k_Drive_End_IR021_0_209.mat,-1.431146867680866e-17,0.6889637339804975,0.9999999999999999,0.9999999999999998,0.9999999999999999,8.966481334444518,5.03903126847387,6.231730143000209,0.3234679001289228,5.039031268473871,7.3139281792973305,9.501789581130136,0.01482131633945663,0.027511654215164147,2656.105917031309,0.03125000057102405,0.20078977171097956,2882.8125,17.360999737400956,3.493328195830673
IR,12k_Drive_End_IR021_0_209.mat,-2.2551405187698492e-17,0.6808956804518524,1.0,1.0000000000000002,1.0,9.04814534789216,4.998377770098414,7.076182718716623,0.37716977806166707,4.998377770098414,7.340886296681184,9.520403580050553,0.014656290179442592,0.02759992154599514,2612.606277699008,0.03125000017870579,0.19786432655354122,2882.8125,18.256020495585304,3.624248843532752
IR,12k_Drive_End_IR021_0_209.mat,-1.474514954580286e-17,0.6654880103487382,1.0,1.0,1.0,10.427870360878837,5.70080618136873,9.105576937339482,0.3119703579900857,5.70080618136873,8.566354453750888,11.006841743081013,0.015878063333217646,0.026915602872187132,2620.8275170632637,0.031250001170991325,0.17751013617081887,2882.8125,10.630174532914562,2.7005164754058013
IR,12k_Drive_End_IR021_0_209.mat,1.9949319973733282e-17,0.6633342801531167,0.9999999999999998,0.9999999999999997,0.9999999999999998,9.913924779304963,5.421561292948478,8.294810304741233,0.2793282306603945,5.421561292948479,8.173196313172637,10.626769020542211,0.015382391828248165,0.027201924170620034,2645.177908363771,0.03125000251107059,0.18824047456510812,2882.8125,13.24626725710911,3.050507665721217
IR,12k_Drive_End_IR021_0_209.mat,5.204170427930421e-18,0.6868837301439021,1.0,1.0,1.0,8.464522611367801,4.562711608208805,6.0235037823581,0.3207220252674281,4.562711608208805,6.6426258302157155,8.597786787802185,0.014863261752728535,0.02748901729818848,2676.0242679775733,0.03125000195120359,0.1857028186434372,3269.53125,14.379057011719397,3.1937896358111684
IR,12k_Drive_End_IR021_0_209.mat,9.540979117872439e-18,0.6758205796441235,1.0,1.0000000000000002,1.0,9.802103506137808,5.135869252224338,7.499438908781793,0.38067621372945337,5.135869252224338,7.599456729963456,9.742220620043016,0.014943513783480331,0.027445473554855323,2643.9677454942944,0.03125000196555721,0.19050712231922878,2882.8125,14.38518241498337,3.1879080166214506
IR,12k_Drive_End_IR021_0_209.mat,1.5612511283791264e-17,0.6731791556933611,1.0,1.0,1.0,11.113097865414492,5.827790363641867,8.760338553457665,0.39711630533618103,5.827790363641867,8.65711648133157,11.07675751294388,0.016029017820599768,0.026825980395168186,2624.1317057096,0.03125000218328077,0.1576437665744568,2882.8125,10.237485116939794,2.6972251075541673
IR,12k_Drive_End_IR021_0_209.mat,2.949029909160572e-17,0.6879147463723783,1.0,1.0,1.0,8.38324013195185,4.625584286533419,6.034088694150553,0.31097458695527525,4.625584286533419,6.72406618832608,8.740945875114807,0.015684777585770856,0.027028723177792795,2643.4848135000498,0.031250025992578846,0.21242034485982564,2882.8125,15.749770431961585,3.3007662924861525
IR,12k_Drive_End_IR021_0_209.mat,1.713039432527097e-17,0.6986704511105166,0.9999999999999999,0.9999999999999999,0.9999999999999999,8.334908125412905,4.591191524132546,5.703351754210678,0.3274115942522539,4.5911915241325465,6.57132631963321,8.490677071179423,0.015013189224302042,0.02740742061078972,2644.9501966253047,0.03125000088354303,0.19877310163049616,2941.40625,16.04687268025303,3.3589516995015214
IR,12k_Drive_End_IR021_0_209.mat,-7.37257477290143e-18,0.6855681120562955,1.0,1.0,1.0,9.139772412674503,4.945743654949712,6.792185631680976,0.3932133972422306,4.945743654949712,7.214080655115988,9.325705669242646,0.015778012332660466,0.02697440836478852,2673.573959254376,0.03125003007678487,0.1845695792480172,2941.40625,13.13372353083904,2.998434335988622
IR,12k_Drive_End_IR021_0_209.mat,-7.37257477290143e-18,0.6787175999549748,1.0,1.0000000000000002,1.0,10.049352055574596,5.437277719894926,7.603489929240546,0.32235693334259624,5.437277719894926,8.011104648318575,10.34974342957349,0.015221980237020578,0.027292012466748526,2615.0007369123377,0.03125000202914237,0.21318802637681583,2882.8125,16.40382216062027,3.3617598529488038
IR,12k_Drive_End_IR021_0_209.mat,-3.686287386450715e-18,0.6895878397853143,1.0,1.0,1.0,8.1203878570298,4.552583317465167,6.177092336133791,0.37791358888369847,4.552583317465167,6.601890368140045,8.496372890105864,0.01495877832719285,0.02743716078126898,2651.7632378008802,0.0312500054524683,0.22052532396982522,2882.8125,18.465844366532792,3.5807835987339636
IR,12k_Drive_End_IR021_0_209.mat,-1.0842021724855044e-17,0.7017092207840816,1.0000000000000002,1.0000000000000004,1.0000000000000002,8.27422881845704,4.661444694870671,5.857528345271484,0.3404959253715223,4.66144469487067,6.642986235326974,8.42581639620177,0.014828531736515216,0.027507781951346448,2671.190606871273,0.03125001474149509,0.21702466510946553,2882.8125,18.74016128699069,3.5942517119341693
IR,12k_Drive_End_IR021_0_209.mat,-1.1709383462843448e-17,0.671304266628381,0.9999999999999999,0.9999999999999999,0.9999999999999999,9.789709072591673,5.339030979914362,8.158279703837085,0.34311026059029714,5.339030979914363,7.953220685948552,10.279500979678929,0.01545804745694319,0.027159020073210083,2648.4701458508393,0.0312500176402852,0.17399765845374196,3269.53125,12.352911555257624,2.9938809178331276
IR,12k_Drive_End_IR021_0_209.mat,9.324138683375338e-18,0.665409428450465,1.0,1.0,1.0,9.667353695557008,5.269929594932912,7.676238148766444,0.45116676169013853,5.269929594932912,7.919830061928888,10.408191594828635,0.015367093229947663,0.027210567942549498,2610.4753197854493,0.03125000099350408,0.22494019497866385,2882.8125,17.82859101030591,3.441890099983028
IR,12k_Drive_End_IR021_0_209.mat,1.3010426069826053e-18,0.6726558534958315,0.9999999999999999,0.9999999999999998,0.9999999999999999,12.308618969678966,6.688647418231049,9.383771846005011,0.3824728190396501,6.68864741823105,9.943639653873166,12.854486640068036,0.014846189842488769,0.027498239049498746,2654.7225187066297,0.03125000005860151,0.17955419128527184,2882.8125,15.19082359727474,3.327875027811202
IR,12k_Drive_End_IR021_0_209.mat,-1.3010426069826053e-18,0.6771558845112617,1.0,1.0,1.0,12.26368509279214,6.664027318611482,9.093926469944087,0.2613542622224552,6.664027318611482,9.841201222701113,12.680818576775303,0.015075992705566702,0.027372924219610635,2665.8782802928213,0.031250000582253544,0.1767619357647445,2882.8125,13.921300525791846,3.1292764934604254
IR,12k_Drive_End_IR021_0_209.mat,1.235990476633475e-17,0.6746322932176972,1.0,1.0,1.0,9.496832203509985,5.411368615237705,6.7911010943857155,0.316025970047443,5.411368615237705,8.021211954482453,10.53884139520805,0.015391428623074594,0.02719682655887413,2648.932287041457,0.0312500151989192,0.19578285542809254,2882.8125,13.536303585382587,3.1056153219289
IR,12k_Drive_End_IR021_0_209.mat,1.3010426069826053e-18,0.6853954225251033,1.0,1.0,1.0,9.445216680529743,5.381714090221843,6.631801128604784,0.4004308501299178,5.381714090221843,7.851984290170441,10.15183660679942,0.014919815191469007,0.027458392862424054,2649.709834627348,0.03125002758294478,0.22561948636429024,2882.8125,21.857040266117988,3.915931908522445
IR,12k_Drive_End_IR021_0_209.mat,-1.0842021724855044e-17,0.6920994129601773,1.0,1.0000000000000002,1.0,9.146625021132463,5.01776310987052,6.761746014586546,0.3434776967007603,5.01776310987052,7.25006121361822,9.230907380244549,0.014333306961093145,0.02776903133502678,2654.8178012356134,0.03125000463562558,0.21435617368956414,2882.8125,19.882652130634828,3.7917671561276967
IR,12k_Drive_End_IR021_0_209.mat,1.1492543028346347e-17,0.6769999817411805,1.0,1.0000000000000002,1.0,9.418086131215144,5.1664249394452195,7.496797644238566,0.2468175627805359,5.1664249394452195,7.631351667333371,9.883813597557486,0.014964387224280139,0.027434126888551374,2672.0330173132747,0.0312500272501535,0.21408634087123082,2882.8125,17.70948821128793,3.524967929664627
IR,12k_Drive_End_IR021_0_209.mat,4.336808689942018e-18,0.6924052644059395,1.0,1.0000000000000002,1.0,9.68388435012591,5.385344698336822,6.652087394534265,0.28442278867070153,5.385344698336822,7.777735056588957,10.050436730280545,0.015089974295563672,0.027365224975246006,2643.157810108911,0.03125000579498507,0.15787403798823096,2882.8125,13.197550013129929,3.129494739518875
IR,12k_Drive_End_IR021_0_209.mat,8.456776945386935e-18,0.6998836804050931,0.9999999999999999,0.9999999999999998,0.9999999999999999,8.778058997044926,4.995138618405527,6.419131557668254,0.45755166416124365,4.9951386184055275,7.1370982896962785,9.079090576869746,0.014603134355035425,0.027628082967018946,2624.401006250065,0.03125000002277917,0.25717998750763327,2882.8125,23.417155214436846,3.9550710290458917
IR,12k_Drive_End_IR021_0_209.mat,-1.7780915628762273e-17,0.7071073142937838,0.9999999999999999,0.9999999999999998,0.9999999999999999,8.585391642985893,4.7123600370290655,6.194098373272474,0.32334529894814995,4.712360037029066,6.664278450768801,8.349218562916297,0.014723625500266166,0.027564059470506413,2616.856326581897,0.03125000035785124,0.24541563681987086,2882.8125,21.672253914966664,3.841660306546441
IR,12k_Drive_End_IR021_0_209.mat,-2.6020852139652106e-18,0.6879076449926703,1.0,1.0,1.0,9.450008148727765,4.925904575314861,6.711027534664732,0.15733072430094308,4.925904575314861,7.160706253478759,9.189198091088338,0.015528516774192948,0.027118782849998097,2627.8310937841816,0.031250011463545786,0.19931484119815263,2941.40625,18.60286746380587,3.5422802820500428
IR,12k_Drive_End_IR021_0_209.mat,-1.3010426069826053e-18,0.6493474903577148,0.9999999999999999,0.9999999999999998,0.9999999999999999,10.812966529942987,5.938927833606218,8.851209681939746,0.40451850729296784,5.938927833606219,9.145993357631307,12.172238573391091,0.015021818032103893,0.027402695015150837,2647.974703438147,0.03125000337732805,0.17647398058822572,3269.53125,15.10395085589206,3.3210371961501233
IR,12k_Drive_End_IR021_0_209.mat,-1.3227266504323154e-17,0.6643504635605804,1.0,1.0,1.0,10.862713647895662,5.970563200337244,8.734411916628671,0.4443813463858151,5.970563200337244,8.987068614866413,11.70383204374078,0.014821402515134172,0.02751164250433658,2650.4605704879873,0.031250031132817206,0.2099252968977937,2941.40625,21.71468336184445,3.971383037545982
IR,12k_Drive_End_IR021_0_209.mat,-5.854691731421724e-18,0.6847671532465529,1.0,1.0,1.0,10.776167125323322,5.7401094521900315,8.175648934215978,0.23121283658805017,5.7401094521900315,8.382571250644208,10.69243567796417,0.014912473261005976,0.02746235015187552,2621.7728737232374,0.031250000553990964,0.1976547849594462,2882.8125,16.87704872236344,3.488530823857575
IR,12k_Drive_End_IR021_0_209.mat,-2.168404344971009e-18,0.6749735146985786,1.0,1.0,1.0,10.995939314346394,5.856022279897491,8.164155624895045,0.2319212937473779,5.856022279897491,8.675928984432229,11.220131008180251,0.01586158945743906,0.026925359556686203,2659.1009217893074,0.03125004011794505,0.18492334829539225,2882.8125,13.726677630741856,3.1109926677800908
IR,12k_Drive_End_IR021_0_209.mat,-1.496198998029996e-17,0.6638168948741416,1.0000000000000002,1.0000000000000004,1.0,11.12154977245942,6.1353592758800195,8.793807250347895,0.42015118387388023,6.1353592758800195,9.242547641158291,12.113808276580402,0.015164784516977434,0.02732383948307351,2671.096997264041,0.03125000629668937,0.20842805739379558,2882.8125,15.637277963299583,3.29032663040465
IR,12k_Drive_End_IR021_0_209.mat,1.3010426069826053e-18,0.6706954371001799,1.0,1.0000000000000002,1.0,10.954631551438855,6.044846707242946,9.008903484009798,0.4301937409994492,6.044846707242946,9.012804281744419,11.647314156236543,0.015126026421324148,0.027345318725679725,2679.2397231923446,0.03125001010412007,0.23529381778030542,2882.8125,18.253693745648235,3.483187602828323
IR,12k_Drive_End_IR021_0_209.mat,2.0383000842727483e-17,0.6760687073649169,0.9999999999999999,0.9999999999999999,0.9999999999999999,10.102270545960758,5.398210858459281,8.062731702394778,0.25120465272141873,5.398210858459282,7.984707470783035,10.269089230395513,0.015371074502021109,0.027208327142922057,2635.7936848612985,0.03125000795620623,0.15252613802537543,3210.9375,11.878405017758418,2.988176489548157
IR,12k_Drive_End_IR021_0_209.mat,1.3227266504323154e-17,0.6876960897978662,1.0,1.0,1.0,8.933693810888652,4.851281155915698,6.22582565053237,0.24108430969685424,4.851281155915698,7.054396888226644,9.085986508311008,0.015078166252845462,0.027371728509147927,2641.1189499781976,0.03125000190603113,0.2064225979182914,2882.8125,17.09256199426016,3.4442994736194295
IR,12k_Drive_End_IR021_0_209.mat,-2.233456475320139e-17,0.708463461634496,1.0,1.0,1.0,9.06310932588131,5.0527338573511384,5.597361063669084,0.3125803514047022,5.0527338573511384,7.131961111577972,9.086648747327587,0.014307921491312024,0.02778211443735178,2652.211911892328,0.03125000000018654,0.21553693698413232,3269.53125,20.516284454896695,3.8460106397871807
IR,12k_Drive_End_IR021_0_209.mat,4.336808689942018e-19,0.6872668482797906,1.0,1.0000000000000002,1.0,9.603171702933585,5.353822064347709,6.732841070501362,0.3393298197997545,5.353822064347709,7.7900193756590665,10.030208478165804,0.014685180958664161,0.027584571940460507,2648.0997033065146,0.03125001038283273,0.19917623071750035,2882.8125,18.870714908875602,3.688468412085342
IR,12k_Drive_End_IR021_0_209.mat,-5.204170427930421e-18,0.6777191570983213,1.0,1.0,1.0,9.172792904441105,4.843515586072956,6.737968292723852,0.19472200976684378,4.843515586072956,7.1467886592001335,9.291301925186875,0.015385913722991897,0.027199958983845057,2643.421080933473,0.031250025757016645,0.21247284611030762,2882.8125,17.20923573964429,3.457964625617772
IR,12k_Drive_End_IR021_0_209.mat,6.938893903907228e-18,0.6751742306978551,0.9999999999999999,0.9999999999999999,0.9999999999999999,10.726896831159,5.79328132562761,7.646742054092548,0.3144572295445275,5.793281325627611,8.58042422566945,11.201977855678653,0.01468866811198441,0.027582706250623045,2692.319791428314,0.0312500024801949,0.20491818601812462,2882.8125,18.612932234496554,3.6051353799538943
IR,12k_Drive_End_IR021_0_209.mat,1.9081958235744878e-17,0.7053244944323307,1.0,1.0,1.0,10.620483603887772,5.737708407250817,6.898373716239059,0.2930029798479787,5.737708407250817,8.134849211310492,10.284412452684165,0.014577174515033025,0.027641789146843745,2657.6037329873466,0.03125000038528475,0.19869652907888616,2882.8125,18.49981588491977,3.640891046427375
IR,12k_Drive_End_IR021_0_209.mat,-4.9873299934333204e-18,0.7161923870793168,1.0,1.0,1.0,8.45783513879941,4.756971892483792,5.3130999794262905,0.2181725504706681,4.756971892483792,6.642030798292984,8.391993873321928,0.015536349124113119,0.027114304126851348,2644.2731297495975,0.03125001811823024,0.17392109112322535,2882.8125,13.24697038979431,3.0758819212112742
IR,12k_Drive_End_IR021_0_209.mat,4.336808689942018e-18,0.6940037723099651,0.9999999999999999,0.9999999999999999,0.9999999999999999,9.224824177659084,4.955949683337759,6.20935808856315,0.24484312940778657,4.95594968333776,7.141099056049897,9.175190052149533,0.015245353376123958,0.027278960789544095,2595.5933763778676,0.03125000002112605,0.19326321859571788,3105.46875,16.56466173579647,3.3874186525738446
IR,12k_Drive_End_IR021_0_209.mat,3.469446951953614e-18,0.679785095634428,1.0,1.0,1.0,11.567867770465444,6.3582014304578145,8.315784543175088,0.33220549539267796,6.3582014304578145,9.353252184094812,12.114377745990105,0.014594816876058497,0.027632478330470438,2655.949341045357,0.0312500006132736,0.2017787988219515,2882.8125,18.249465972842017,3.5998247665645575
IR,12k_Drive_End_IR021_0_209.mat,-1.5829351718288365e-17,0.6900254715187415,1.0,1.0,1.0,11.278576864093369,6.200245784893606,7.698844662222827,0.2653433208956776,6.200245784893606,8.985531753265436,11.47631688068321,0.014399760367660507,0.027734641446330584,2665.771458396236,0.03125001495683745,0.21472462258086378,2882.8125,19.201646057811733,3.7116180778905443
IR,12k_Drive_End_IR021_0_209.mat,9.974659986866641e-18,0.6943652219841117,1.0,1.0,1.0,8.639561438952459,4.323066608749396,5.726133338221186,0.13589088351571174,4.323066608749396,6.225926172391617,7.966424800169123,0.015052974317126122,0.02738558906286841,2628.505669337391,0.0312500003857977,0.20317137586253434,2882.8125,17.567373201158045,3.5080917021296973
IR,12k_Drive_End_IR021_0_209.mat,-1.7564075194265172e-17,0.6852481557247732,1.0,1.0,1.0,9.11096137630189,4.935893534100855,6.4017261586948475,0.37070551125173373,4.935893534100855,7.203074525432703,9.300683644239983,0.015406353091711955,0.027188362047197916,2637.3524535958254,0.031250003942335985,0.2235163812793301,2882.8125,19.696508063504847,3.6153996014252203
IR,12k_Drive_End_IR021_0_209.mat,-6.938893903907228e-18,0.688689310750112,0.9999999999999999,0.9999999999999999,0.9999999999999999,10.335672543482826,5.525092300961583,7.435837744860581,0.34198197341025394,5.5250923009615835,8.022619510303883,10.234844936477076,0.014678373619333558,0.027588183920042125,2670.442876227044,0.03125000070583708,0.21927815399078415,2882.8125,19.029536322234822,3.6157143825496427
IR,12k_Drive_End_IR021_0_209.mat,-4.7704895589362195e-18,0.6903515812447627,0.9999999999999999,0.9999999999999998,0.9999999999999999,10.90007628790413,5.826653029578397,7.700461140222659,0.15019371818485333,5.826653029578398,8.44012411628354,10.76305686316699,0.014558751191950917,0.027651497394815098,2616.9580458549985,0.031250000711113564,0.21127992514992444,2882.8125,18.85687625156795,3.671496447917045
IR,12k_Drive_End_IR021_0_209.mat,3.0791341698588326e-17,0.6721252918376416,1.0,1.0,1.0,11.25613113332243,6.1546075244303,8.427905974886375,0.18443054282160184,6.1546075244303,9.156934873858317,11.916265957536917,0.015397892167681235,0.027193153215990928,2585.061807977822,0.03125000264057424,0.23073767448873017,2882.8125,19.058916656543218,3.6083810257567097
IR,12k_Drive_End_IR021_0_209.mat,-7.806255641895632e-18,0.6647640764907768,1.0,1.0,1.0,10.094202019233276,5.512937329140276,7.79393740283208,0.4036666584723032,5.512937329140276,8.293073473889446,10.925535932704689,0.015648242845228144,0.02704986691918719,2645.6727425427393,0.03125000487182316,0.19047233204768124,2882.8125,14.671379548801282,3.1703990003448395
IR,12k_Drive_End_IR021_0_209.mat,-8.673617379884035e-18,0.69501211392902,1.0,1.0,1.0,10.89441357845818,5.87610609897756,7.728016698510207,0.3093623069381469,5.87610609897756,8.45468155333142,10.708384620133984,0.01516042623706276,0.027326253309123458,2667.238459936206,0.03125000229766074,0.1836641929171042,3105.46875,15.161296869653285,3.25508590256116
IR,12k_Drive_End_IR021_0_209.mat,1.0408340855860843e-17,0.6832554397410376,1.0,1.0,1.0,12.569460784372236,6.780327603225937,9.703226729615674,0.2402542493628564,6.780327603225937,9.923561831861546,12.69509922699051,0.015168042976212947,0.02732202364153831,2613.170998094086,0.03125000005755234,0.19185594615782867,2882.8125,16.54279761037857,3.4359837656167143
IR,12k_Drive_End_IR021_0_209.mat,-1.9949319973733282e-17,0.668938346988448,1.0,1.0,1.0,11.664513277808648,6.395723536002372,8.648878783606465,0.338416026996391,6.395723536002372,9.561005980290767,12.581981469226013,0.015487097607833306,0.0271424450489748,2589.600081127799,0.031250000248818764,0.22681567872688216,2882.8125,18.372924778475788,3.551491744878909
IR,12k_Drive_End_IR021_0_209.mat,1.214306433183765e-17,0.6762005753637018,0.9999999999999999,0.9999999999999998,0.9999999999999999,10.042623130640468,5.509048660301564,7.183133099096926,0.3722481810262041,5.5090486603015645,8.147062958854274,10.671937867462319,0.014933612916432441,0.027450869618931572,2650.1404214077497,0.0312500086011735,0.22437373196786006,2882.8125,18.36716637205734,3.585342833271986
IR,12k_Drive_End_IR021_0_209.mat,-4.336808689942018e-18,0.683200436301802,1.0,1.0,1.0,9.265928953011692,4.933801494193282,6.501598756457175,0.27048783244602637,4.933801494193282,7.221601790684144,9.338297132240143,0.014692243721064877,0.027580800844861406,2652.0713073860284,0.03125000161284921,0.21142016725616744,2882.8125,20.935381121311035,3.8440749553640856
IR,12k_Drive_End_IR021_0_209.mat,3.469446951953614e-18,0.6799093448721585,0.9999999999999999,0.9999999999999999,0.9999999999999999,10.529838599555983,5.609033128835195,7.505503432171224,0.21624625702122505,5.609033128835196,8.249677947712053,10.689149616572688,0.014816985885108113,0.027513989373878767,2657.6371581769718,0.03125000291176637,0.20211362927743717,2941.40625,17.260876585456966,3.5183982165473315
IR,12k_Drive_End_IR021_0_209.mat,-5.421010862427522e-18,0.681534821600641,1.0,1.0,1.0,9.34647206474497,5.012818049819962,6.953344592918041,0.3735772275744326,5.012818049819962,7.355189919785673,9.575818719773842,0.015468278558491519,0.027153192876028825,2676.9443832858074,0.03125001639881027,0.21723393481409992,2882.8125,15.705056931903426,3.240379565346329
IR,12k_Drive_End_IR021_0_209.mat,-1.6696713456276768e-17,0.6962880308650268,1.0,1.0,1.0,8.541300945183306,4.582530804109511,6.205429976483762,0.3528653004163408,4.582530804109511,6.581372364560751,8.389507695540352,0.015017673075455538,0.02740496649596065,2642.7643564420937,0.03125000309193565,0.2394097448331936,2882.8125,18.811749441858712,3.5461449248228565
IR,12k_Drive_End_IR021_0_209.mat,2.1467203015212988e-17,0.6812494178349942,1.0,1.0,1.0,12.679255546572282,6.725790128794396,9.893607983014459,0.27475392840557183,6.725790128794396,9.872727891891504,12.614575955956635,0.01495663287743568,0.027438327827686904,2646.6258567257023,0.031250003216159956,0.19868498015451938,2882.8125,16.05909157610988,3.3633281830061854
IR,12k_Drive_End_IR021_0_209.mat,6.5052130349130266e-18,0.6697120851818387,1.0,1.0,1.0,13.55773966225743,7.190110067908203,11.7757680820836,0.2854682897870887,7.190110067908203,10.736121128762312,13.851673121623007,0.014962543359437355,0.02743510154028198,2643.2765591850048,0.03125000000493801,0.21503900562646652,2882.8125,18.022126769458534,3.51198020902004
IR,12k_Drive_End_IR021_0_209.mat,-1.0408340855860843e-17,0.6875473475813678,0.9999999999999999,0.9999999999999999,0.9999999999999999,11.094519739958312,6.019459923925279,7.70913940484963,0.3201988015504128,6.01945992392528,8.754975122950214,11.235917886722747,0.01488182099925587,0.027478973766198175,2624.646307969845,0.031250001527956775,0.23203734414120378,2882.8125,20.873471202163646,3.810073933190461
IR,12k_Drive_End_IR021_0_209.mat,5.637851296924623e-18,0.695128668677301,1.0,1.0,1.0,10.617358924389087,5.762232828687957,6.83414516299761,0.32295393246841125,5.762232828687957,8.289447822159891,10.591319638188406,0.014967405185247059,0.02743247834865091,2646.2504462917377,0.03125002538124668,0.20822381468826512,2882.8125,19.178810227008615,3.724451012333575
IR,12k_Drive_End_IR021_0_209.mat,-1.3444106938820255e-17,0.6677381557759234,0.9999999999999999,0.9999999999999999,0.9999999999999999,13.308920977032617,6.976831736930306,10.856200391887397,0.2992811347617226,6.976831736930307,10.448454497591358,13.514307677567265,0.015047077093123222,0.027388846643457213,2632.920649771983,0.031250015192079685,0.1917917056879584,2882.8125,17.770256316230533,3.5688569910391044
IR,12k_Drive_End_IR021_0_209.mat,3.903127820947816e-18,0.6643781202397328,0.9999999999999999,0.9999999999999999,0.9999999999999999,14.017803523330397,7.343820925319031,12.83838701887897,0.31914303543259964,7.343820925319032,11.05367666633739,14.255245836570198,0.015093100918838717,0.027363499529168885,2628.876320166264,0.03125000482926484,0.23192223109175783,2882.8125,19.31890767141768,3.5910857785878174
IR,12k_Drive_End_IR021_0_209.mat,2.5153490401663703e-17,0.6987569893523355,0.9999999999999999,0.9999999999999998,0.9999999999999999,10.672976808094592,5.697937223586165,7.697621780344168,0.28097591958789814,5.697937223586166,8.154390310811023,10.310461746424942,0.015054382713902543,0.027384823962121975,2659.947130319299,0.0312500083573278,0.22805682104494773,2882.8125,17.989798095123252,3.4693584993829196
IR,12k_Drive_End_IR021_0_209.mat,2.7972416050126014e-17,0.6990247589977693,0.9999999999999999,0.9999999999999998,0.9999999999999999,9.92183242071754,5.2984886272811185,6.715170644227047,0.22323940639073278,5.298488627281119,7.579829697130981,9.585704019054578,0.014614642605906055,0.027622000139508714,2659.8184654359075,0.03125000272328603,0.22409079185356787,2882.8125,20.366020622338425,3.7654837387628834
IR,12k_Drive_End_IR021_0_209.mat,-5.637851296924623e-18,0.6714377788034336,1.0,1.0,1.0,12.225930095518713,6.400772097658195,9.444232010885003,0.2663578541080366,6.400772097658195,9.532934100111232,12.3508824389604,0.014829038533762853,0.02750749980082136,2646.880660892351,0.03125000686604741,0.21944400919226809,2882.8125,18.21228749530586,3.55600296277688
IR,12k_Drive_End_IR021_0_209.mat,1.9081958235744878e-17,0.6555096061249821,1.0,1.0,1.0,12.501424618855863,6.545331166119468,11.779932066241727,0.441503407357021,6.545331166119468,9.985103353117772,13.010864119417926,0.014861403307836852,0.027490028896888938,2671.7503564652475,0.03125000795247856,0.21714542877934245,2882.8125,18.47487033331973,3.581188633597348
IR,12k_Drive_End_IR021_0_209.mat,-1.691355389077387e-17,0.6986756781221216,1.0,1.0000000000000002,1.0,10.538881051968943,5.707099832627842,7.243870543387081,0.2195058720262815,5.707099832627842,8.168453563414722,10.307221056344376,0.01506815063372601,0.027377246162492277,2637.8670828950917,0.03125000433539739,0.21289931967418846,2882.8125,17.991822799340397,3.5382237196822315
IR,12k_Drive_End_IR021_0_209.mat,-6.071532165918825e-18,0.6868724769968351,1.0,1.0,1.0,11.626681895179969,6.467255235772132,8.641453484126394,0.14298423263205678,6.467255235772132,9.415510815120244,11.921286558960443,0.014928760592056192,0.02745350232894994,2628.4228536363466,0.0312500029270493,0.19959926729824398,2882.8125,16.839938104855612,3.472130550057727
IR,12k_Drive_End_IR021_0_209.mat,-1.3444106938820255e-17,0.6453478182415322,0.9999999999999999,0.9999999999999999,0.9999999999999999,12.971474652685695,6.801695292686806,13.108537175196643,0.3862553823803039,6.801695292686807,10.539580518332453,13.77367580124749,0.014975694834246734,0.02742792598857125,2652.455288286889,0.03125000095684841,0.21184157529483003,2882.8125,15.651561343400711,3.2851073056690767
IR,12k_Drive_End_IR021_0_209.mat,-4.553649124439119e-18,0.6492608838187992,1.0,1.0,1.0,12.322329174813978,6.46377720569715,11.678634588914946,0.45512507380890327,6.46377720569715,9.955593147208775,13.065986433694535,0.014563763019621928,0.02764886942860247,2685.4402043457903,0.03125001078354398,0.21568216376013732,2882.8125,19.2216982717607,3.6837512862254744
IR,12k_Drive_End_IR021_0_209.mat,-9.974659986866641e-18,0.677127109606978,1.0,1.0000000000000002,1.0,11.028775226715425,6.02491930278509,8.283777352187553,0.2800404158538398,6.02491930278509,8.897767076970391,11.437403571537404,0.0146377689780457,0.027609750633048918,2627.5071386638333,0.03125000177078047,0.22925577455211443,2882.8125,19.092212333462157,3.658223591143614
IR,12k_Drive_End_IR021_0_209.mat,-1.1709383462843448e-17,0.6782389847041563,1.0,1.0,1.0,10.158297601038164,5.6217573832089816,6.897162168984721,0.15374135306004097,5.6217573832089816,8.288755895771986,10.783165901242782,0.014913042608908572,0.027462062028531544,2622.686250161974,0.03125001905141878,0.24113593361371094,2882.8125,20.449169605349546,3.7284060885464894
IR,12k_Drive_End_IR021_0_209.mat,-3.686287386450715e-18,0.6692603274958978,0.9999999999999999,0.9999999999999998,0.9999999999999999,9.965729833739744,5.393244515989876,8.031171079481052,0.3105014913777038,5.393244515989877,8.058515191195063,10.514870870885137,0.014598011069342378,0.027630790896471327,2641.176097263895,0.03125000052392264,0.2445020559175806,2882.8125,19.771295034711002,3.6242350484784325
IR,12k_Drive_End_IR021_0_209.mat,6.071532165918825e-18,0.693277840090272,1.0,1.0000000000000002,1.0,9.488526127333316,5.134099730067807,6.704354711624514,0.2937989380918892,5.134099730067807,7.405544261156961,9.425793047236018,0.014279469616104472,0.027796757448926287,2691.740305973061,0.03125000763506611,0.22707894058158326,2882.8125,19.918892307493238,3.750367050962918
IR,12k_Drive_End_IR021_0_209.mat,-9.324138683375338e-18,0.6974151656621352,1.0,1.0,1.0,8.245726227347465,4.658550381353281,5.671203899752173,0.15160432643064659,4.658550381353281,6.679737709647297,8.529437570109213,0.014429004942541786,0.027719425876030098,2658.4855120109387,0.03125000407245769,0.21481109538617685,2882.8125,19.18122756147956,3.6997656288702383
IR,12k_Drive_End_IR021_0_209.mat,-1.0408340855860843e-17,0.6922063201843062,0.9999999999999999,0.9999999999999998,0.9999999999999999,10.243001803241158,5.799985712233473,6.466341597634744,0.15390427360856476,5.7999857122334735,8.37898404436581,10.753467162697131,0.014712262064533646,0.027570125993429773,2613.012672668582,0.031250000037585726,0.24906688221940895,2882.8125,22.047704111385084,3.86517155832386
IR,12k_Drive_End_IR021_0_209.mat,3.9898639947466563e-17,0.6729418782143242,0.9999999999999999,0.9999999999999998,0.9999999999999999,9.76387166972298,5.528681147319056,7.529239844191333,0.38111744908630996,5.528681147319057,8.215688941799273,10.725346707805343,0.01476887072302056,0.027539847432524883,2628.804510164573,0.031250003824640424,0.21044314622388638,2882.8125,17.355098354043605,3.5025396540298375
IR,12k_Drive_End_IR021_0_209.mat,-3.903127820947816e-18,0.6709177908897981,0.9999999999999999,0.9999999999999999,0.9999999999999999,9.837517193193872,5.432640856032859,8.352949107804019,0.3318314592458351,5.43264085603286,8.09732716854605,10.419689828985488,0.01456488871663366,0.027648266677396678,2643.928394464559,0.031250002137477785,0.22336769103679244,2882.8125,19.20974278852527,3.650054160801834
IR,12k_Drive_End_IR021_0_209.mat,-1.951563910473908e-17,0.6928523717994127,1.0,1.0,1.0,10.994722146202948,6.074590478657863,8.158315345112335,0.15479443847548197,6.074590478657863,8.767510549009875,11.044841380728297,0.0149671225596711,0.027432603636670414,2624.8712054046014,0.031250000000046046,0.20175689514079662,2882.8125,17.766785591797312,3.523959110731626
IR,12k_Drive_End_IR021_0_209.mat,1.1275702593849246e-17,0.6610866254944077,1.0,1.0,1.0,11.510806871324252,6.169781054877034,9.017377907309289,0.33029790017465754,6.169781054877034,9.332787590828708,12.168069116681218,0.015349889609005914,0.027220329831412746,2679.2414827680045,0.031250047474197,0.23077470698055763,2882.8125,21.75816217952185,3.900491335489152
IR,12k_Drive_End_IR021_0_209.mat,9.540979117872439e-18,0.6750985199098833,1.0,1.0000000000000002,1.0,11.141881644522993,5.973805438940411,8.306729482793518,0.3569778303320594,5.973805438940411,8.848790602796514,11.40970067826443,0.014255842123157596,0.02780887964658824,2643.1374429007533,0.031250005149420765,0.23872187555551616,2882.8125,21.685736041604347,3.8952179975978414
IR,12k_Drive_End_IR021_0_209.mat,4.336808689942018e-19,0.7081500976180326,1.0,1.0,1.0,8.289047833082233,4.665220879552447,5.700576595218658,0.20284052986263612,4.665220879552447,6.587898378104594,8.320493395199444,0.015754488065979306,0.026988194173511157,2662.596694305743,0.03125006430342545,0.22619600803555373,2882.8125,20.45198430053631,3.755930624078642
IR,12k_Drive_End_IR021_0_209.mat,-1.235990476633475e-17,0.7025936498144751,1.0,1.0,1.0,8.63141349950464,4.58754938773531,6.02009982370336,0.16615731099031555,4.58754938773531,6.529448976583669,8.247698919866282,0.015367553932158957,0.027210314453580433,2632.0524324639105,0.031250006824327936,0.18036361020641123,2882.8125,14.593134747809504,3.2149800701789975
IR,12k_Drive_End_IR021_0_209.mat,-2.3852447794681098e-18,0.6908537046457481,1.0,1.0000000000000002,1.0,10.759252653116217,5.992628535303255,7.20992699131995,0.23331464426549936,5.992628535303255,8.674236665454547,11.095894512016708,0.01452216103792221,0.027670731718883516,2646.5119831326315,0.03125000088111634,0.20678008827443092,2882.8125,19.04935752773482,3.693043241575452
IR,12k_Drive_End_IR021_0_209.mat,-9.974659986866641e-18,0.6833211467992555,0.9999999999999999,0.9999999999999999,0.9999999999999999,10.644830816992025,5.929675371137881,7.6276793228553,0.3014445609946983,5.929675371137882,8.677728472056035,11.184518916889816,0.01422970922440319,0.027822255103899542,2645.208626718052,0.031250000058840474,0.220925780491192,2882.8125,20.713853420663202,3.879943505750639
IR,12k_Drive_End_IR021_0_209.mat,-1.734723475976807e-18,0.6775224073387488,0.9999999999999999,0.9999999999999998,0.9999999999999999,11.19843701842542,5.9934983585684956,8.53189570960099,0.29380431450658917,5.993498358568496,8.846199466834543,11.34788908833296,0.014959031777434965,0.027437018128424834,2649.4545315751443,0.03125000152796512,0.21730681364670748,2882.8125,16.317335605861825,3.360885329597807
IR,12k_Drive_End_IR021_0_209.mat,-1.734723475976807e-18,0.6818447764573936,1.0,1.0000000000000002,1.0,10.71549454393984,5.733728043861423,7.509141755346999,0.25923168021178195,5.733728043861423,8.409139795206316,10.785349306007616,0.01473995773259126,0.027555333531472277,2676.085202230816,0.03125000415982784,0.22894469391631758,2882.8125,17.071715189524788,3.3855153965090152
IR,12k_Drive_End_IR021_0_209.mat,-1.3444106938820255e-17,0.6963666735731308,1.0,1.0,1.0,9.9803451722842,5.490662113495172,6.367789287212531,0.26654423659123094,5.490662113495172,7.884728436704195,10.044476795174884,0.014350946990357542,0.027759921966752765,2668.657801394096,0.03125000715392326,0.2335353773009247,2882.8125,20.686494793638317,3.8173367924881156
IR,12k_Drive_End_IR021_0_209.mat,-2.7755575615628914e-17,0.684041594969155,1.0,1.0000000000000002,1.0,10.712666869352255,5.892279861468135,7.875624188650976,0.31077601292446033,5.892279861468135,8.61392041771061,11.052854657138575,0.01467564042250592,0.027589637389138305,2646.643378423679,0.03125000020919725,0.21817672730482238,2882.8125,18.20740206346735,3.597512786842682
IR,12k_Drive_End_IR021_0_209.mat,-2.5587171270657905e-17,0.6853820697520374,1.0,1.0,1.0,10.803935437354792,6.049087794325477,8.89469536784315,0.2692953575420074,6.049087794325477,8.82586233473245,11.262948689225075,0.015307638444720717,0.027244061499441585,2609.4634262514874,0.031250002907834216,0.21171804255173185,2882.8125,16.53142981456342,3.3723793465740926
IR,12k_Drive_End_IR021_0_209.mat,1.0408340855860843e-17,0.6532551702646563,1.0,1.0,1.0,11.33119343326655,6.307374535325119,9.840377804305602,0.32855586102102063,6.307374535325119,9.655299831411641,12.619015029456795,0.015812326775849452,0.02695427398662735,2684.958287740302,0.03125000102739873,0.21317788580760416,2882.8125,16.543280619766882,3.344236925259055
IR,12k_Drive_End_IR021_0_209.mat,2.3418766925686896e-17,0.67582943149107,1.0,1.0,1.0,10.614884469357627,5.902306478329499,7.587119888436351,0.27394105790351775,5.902306478329499,8.733426221624219,11.323716727454586,0.015343941211613813,0.0272236503946426,2685.8755894836636,0.031250018763437325,0.2100875408894648,2882.8125,15.929061169104095,3.293411254906849
IR,12k_Drive_End_IR021_0_209.mat,-3.903127820947816e-18,0.6908737544718593,1.0000000000000002,1.0000000000000004,1.0000000000000002,9.695001918102633,5.531106522572638,6.510408393327007,0.24789544910116504,5.531106522572637,8.005958377737059,10.266206490010108,0.015553051702254076,0.02710470808933676,2614.2786721129087,0.03125000188577828,0.21205240617940047,2882.8125,20.40691695666305,3.755378808845583
IR,12k_Drive_End_IR021_0_209.mat,-7.37257477290143e-18,0.6624652955062584,1.0,1.0,1.0,11.02182249194885,5.808167872674271,9.221738261830478,0.29287368278648235,5.808167872674271,8.767505123775045,11.448146605353653,0.015402977569340384,0.027190324934983474,2667.240844458763,0.031250047809108825,0.24809187969206384,2882.8125,21.847006716542154,3.7713136874731332
IR,12k_Drive_End_IR021_0_209.mat,-8.673617379884035e-19,0.6636654657241478,1.0,1.0,1.0,9.592583199669786,5.1781521940178825,8.111029957470107,0.27373879967985526,5.1781521940178825,7.8023529344981455,10.197039774463676,0.014444673230683895,0.02771126306921045,2704.562091989665,0.03125000297011543,0.23850018758859473,2882.8125,20.632491404197047,3.7357567462360364
IR,12k_Drive_End_IR021_0_209.mat,-5.854691731421724e-18,0.6906090273092296,0.9999999999999999,0.9999999999999998,0.9999999999999999,9.509404583046406,5.131241047543904,6.675890674290376,0.1864846844305596,5.131241047543905,7.430023131230112,9.478442907349825,0.014079262228091537,0.027898694802204728,2686.1623703349214,0.03125000474486252,0.22451887547066104,2941.40625,23.652992462661704,4.097547258169285
IR,12k_Drive_End_IR021_0_209.mat,8.239936510889834e-18,0.6996078017418137,1.0,1.0,1.0,8.0074979870394,4.300523735675354,5.475143837403328,0.18328500389537988,4.300523735675354,6.147049425361379,7.8696203559064335,0.015052624685081662,0.027385787492988572,2637.368570816593,0.03125000586433639,0.20762396486589552,3269.53125,19.0050376888248,3.628919895894491
IR,12k_Drive_End_IR021_0_209.mat,-3.903127820947816e-18,0.6880428888013302,0.9999999999999998,0.9999999999999997,0.9999999999999998,11.067883712946927,5.96326396343912,7.717822596645815,0.37933640796357343,5.963263963439121,8.666994544232532,11.114913057197624,0.015360389658376754,0.027214352113564082,2621.398656283251,0.03125000050269147,0.2410770588171015,2882.8125,19.21261830984803,3.5034163047552203
IR,12k_Drive_End_IR021_0_209.mat,-3.686287386450715e-18,0.6819985642442297,0.9999999999999999,0.9999999999999999,0.9999999999999999,10.065724772192452,5.546129672561468,8.665408990736847,0.34990969853304865,5.546129672561469,8.132172065065156,10.277265713414941,0.014622372394587572,0.027617905973249646,2704.3368152852813,0.03125000007669208,0.23077286296263216,2882.8125,16.980370094035223,3.376471137643542
IR,12k_Drive_End_IR021_0_209.mat,5.204170427930421e-18,0.682824536608418,0.9999999999999999,0.9999999999999998,0.9999999999999999,10.375855473523753,5.717351331080281,8.128671017706704,0.2529621320058144,5.717351331080282,8.373090046644052,10.586576305160461,0.014835206694135763,0.027504167293682845,2690.489153443053,0.03125000121882596,0.19796006059050597,2812.5,17.504869553115146,3.447523564513182
IR,12k_Drive_End_IR021_0_209.mat,-1.431146867680866e-17,0.6813635476393596,0.9999999999999999,0.9999999999999998,0.9999999999999999,10.218934865738959,5.696344364894358,7.302354327422858,0.2255657450317707,5.696344364894359,8.360212965060745,10.776862706903822,0.015386446819006612,0.02719965411421176,2654.699667719557,0.031250022874341636,0.19252237021691743,2882.8125,18.235274770849554,3.532131967679383
IR,12k_Drive_End_IR021_0_209.mat,-2.0383000842727483e-17,0.6692632576192082,1.0,1.0000000000000002,1.0,10.323490982302559,5.667720509999459,8.916133313844075,0.4180122801702526,5.667720509999459,8.46859654325179,10.938694267283216,0.015701596116365672,0.027018963675540974,2653.9814031566784,0.031250032299210063,0.2259608510246332,2882.8125,20.741439007331945,3.78064254778275
IR,12k_Drive_End_IR021_0_209.mat,-1.6046192152785466e-17,0.6954989431674693,0.9999999999999999,0.9999999999999998,0.9999999999999999,10.545551121601168,5.758730213200431,8.43818455644737,0.36259936693205985,5.758730213200432,8.279998510096638,10.389146256422634,0.014858060293371705,0.02749182895332965,2671.4744445586903,0.0312500018380896,0.20802518290647276,2882.8125,16.65265998059141,3.4738011650379126
IR,12k_Drive_End_IR021_0_209.mat,-1.7780915628762273e-17,0.7039506631603089,0.9999999999999999,0.9999999999999998,0.9999999999999999,11.466916617056384,6.269662084109172,7.336171307657748,0.21682608413313648,6.269662084109173,8.906394172515181,11.304035359348873,0.015894593719358835,0.026905854359363008,2636.6022784397323,0.031250009732970235,0.18442598883526165,2882.8125,14.913351928098724,3.232311532883463
IR,12k_Drive_End_IR021_0_209.mat,1.431146867680866e-17,0.7026517398624283,1.0,1.0,1.0,8.028629132312805,4.3577548375943875,5.093945280869194,0.18511131718211038,4.3577548375943875,6.201870130496779,7.983963353507005,0.015256627296172505,0.02727265725428562,2604.845379177692,0.031250000162624865,0.19240091360992723,2882.8125,17.294586380962365,3.498401109105255
IR,12k_Drive_End_IR021_0_209.mat,-5.637851296924623e-18,0.6923942683554343,1.0,1.0,1.0,10.103671057053269,5.648808611557517,6.872201727700091,0.33515175396418406,5.648808611557517,8.158369977519445,10.409506978514248,0.014948112275163489,0.027442984281742848,2714.10453362936,0.03125001515005838,0.20652176421907037,2882.8125,16.4250185151366,3.3967231264847717
IR,12k_Drive_End_IR021_0_209.mat,5.204170427930421e-18,0.7077407211250759,0.9999999999999999,0.9999999999999998,0.9999999999999999,10.42137036397644,5.827077966253145,6.972381551975123,0.26893718596967753,5.827077966253146,8.233351271621054,10.263349173003796,0.014935696493858973,0.02744972929460571,2697.279557026439,0.031250002689660786,0.1994484661854728,2882.8125,15.630038138699083,3.3374982461245497
IR,12k_Drive_End_IR021_0_209.mat,2.3418766925686896e-17,0.715016962006767,1.0,1.0,1.0,7.99532910714556,4.49155217711116,5.3963250357718,0.24607643949715163,4.49155217711116,6.281742134487505,7.909984260607525,0.015045801289021917,0.027389533814190743,2642.0794721439465,0.031250003183798745,0.20556910445455268,2941.40625,18.256054128666474,3.6324633015326735
IR,12k_Drive_End_IR021_0_209.mat,1.734723475976807e-18,0.6926047305242905,0.9999999999999999,0.9999999999999999,0.9999999999999999,8.942992805635775,4.774662622808508,5.989188928452865,0.3689468165079892,4.774662622808509,6.89377708869266,8.892561996604346,0.015107087935268514,0.02735578264236038,2641.0039689066543,0.03125000719775919,0.21238116010448707,2882.8125,18.201316605718393,3.559474140785315
IR,12k_Drive_End_IR021_0_209.mat,7.589415207398531e-18,0.6890375217190123,1.0,1.0,1.0,10.896789535651937,6.054434840820229,7.847455581018728,0.3485456909883195,6.054434840820229,8.786799920148923,11.15512361019045,0.015130573901876177,0.02734279183628162,2645.823670910417,0.03125000051203784,0.22022591326696012,2882.8125,16.924311921431705,3.3957268392729225
IR,12k_Drive_End_IR021_0_209.mat,4.336808689942018e-18,0.6882130819632379,1.0,1.0,1.0,11.326851670335406,6.296415615895231,8.846384242327986,0.2753169377142839,6.296415615895231,9.148933347697632,11.569138223004053,0.015222005563601142,0.02729201082005174,2685.416789300714,0.03125001292767934,0.22036047464512015,2882.8125,15.66490648661694,3.256182550885019
IR,12k_Drive_End_IR021_0_209.mat,-8.673617379884035e-19,0.7051725586274791,1.0,1.0,1.0,9.933050425418067,5.301821331054976,6.330903221510745,0.26322438488140987,5.301821331054976,7.518473692984081,9.502823873465294,0.01520535853384818,0.02730127930180585,2648.4111764876725,0.03125000447452899,0.20827141326221957,2882.8125,14.710082954817274,3.2080039605957684
IR,12k_Drive_End_IR021_0_209.mat,2.5153490401663703e-17,0.7078118325175304,1.0,1.0,1.0,7.726125970674307,4.329676024655163,5.217165382080799,0.30950377666838513,4.329676024655163,6.116987348537903,7.802579266648503,0.015243202089448233,0.027280215044593537,2683.2120603874523,0.03125004548507132,0.20813897652619756,2882.8125,17.972642151291662,3.569996100366969
IR,12k_Drive_End_IR021_0_209.mat,6.5052130349130266e-18,0.7008819180012313,1.0,1.0,1.0,9.677381963635323,5.4215584275263575,6.460714426124451,0.3394440492547927,5.4215584275263575,7.735337848331868,9.86615725253711,0.015063290874323332,0.02737991605510027,2647.651965017212,0.031250000562380954,0.1993324111602848,2882.8125,15.02944647631627,3.2890027735876957
IR,12k_Drive_End_IR021_0_209.mat,-1.3010426069826053e-18,0.694242369625855,0.9999999999999999,0.9999999999999999,0.9999999999999999,10.898825030385208,6.103916173819864,7.383147226206326,0.3035362273560626,6.103916173819865,8.792197712031637,11.237912943666895,0.016193560641402337,0.02672704792477934,2675.0947097116605,0.03125006395225819,0.1755844322426736,2941.40625,12.388311539797527,2.9456950184498405
IR,12k_Drive_End_IR021_0_209.mat,-2.6020852139652106e-18,0.6997075909680629,0.9999999999999999,0.9999999999999999,0.9999999999999999,9.630583889643756,5.343857253124447,6.395006291566222,0.2851674345687497,5.3438572531244475,7.63727208637409,9.72131290007865,0.015102187151118966,0.027358492310483942,2611.995674955132,0.03125001053200194,0.20966636457327273,2882.8125,17.692010313629485,3.582815054998393
IR,12k_Drive_End_IR021_0_209.mat,-9.974659986866641e-18,0.7173255443570474,1.0,1.0,1.0,8.355495174783155,4.635972197796421,5.368286254597837,0.3140508099167865,4.635972197796421,6.46285669632988,8.085522608981977,0.014849862835653475,0.027496255647614414,2637.4030410780683,0.031250000014027036,0.23597243174100663,2882.8125,18.4527394753545,3.5167839265166654
IR,12k_Drive_End_IR021_0_209.mat,9.75781955236954e-18,0.7015641697912349,1.0,1.0,1.0,11.123577995650919,6.302660781342553,7.5070537210303785,0.3519652012898047,6.302660781342553,8.983726724838359,11.267160121510567,0.014894667154992302,0.02747201469066868,2670.9056583937954,0.03125000321315699,0.23218933071876546,2882.8125,18.532626897825168,3.5427160166178755
IR,12k_Drive_End_IR021_0_209.mat,-1.3010426069826053e-17,0.6680499885895501,0.9999999999999999,0.9999999999999998,0.9999999999999999,11.952222396016168,6.771708108780107,9.910022419460008,0.3479757932563139,6.771708108780108,10.13652903890796,13.008359125170252,0.015069641782020742,0.027376420504029872,2624.446753623714,0.03125000004883028,0.23767325997904415,2882.8125,19.404629142598857,3.5907973150156005
IR,12k_Drive_End_IR021_0_209.mat,-9.107298248878237e-18,0.6803991795670403,1.0,1.0,1.0,8.616327155491712,4.6733031700070695,6.32502284741072,0.3009782132231166,4.6733031700070695,6.868472670676707,8.86571799674981,0.014876734161529464,0.02748174309624642,2670.4231208366145,0.031250014766731,0.23073547409470035,2882.8125,19.013604624850622,3.6361503638915678
IR,12k_Drive_End_IR021_0_209.mat,-9.64939933512099e-18,0.7154407662710633,1.0,1.0,1.0,7.5897588153692706,4.097568076162648,5.004710564311907,0.2286400376942972,4.097568076162648,5.727333791055146,7.200327978794976,0.014741371956876765,0.02755457422140428,2635.9502765603957,0.031250001723101876,0.23193988836252258,2882.8125,18.789714484866536,3.581208908128565
IR,12k_Drive_End_IR021_0_209.mat,8.673617379884035e-19,0.7035842750306844,1.0,1.0,1.0,10.777755305443822,6.116319039383626,7.053959805334561,0.2598589379502511,6.116319039383626,8.693086608731958,10.970702549508484,0.015317007012311966,0.02723881267680543,2674.376169793949,0.03125001791771183,0.2047043981939657,2882.8125,14.332944992208109,3.1785821836070354
IR,12k_Drive_End_IR021_0_209.mat,-9.107298248878237e-18,0.6704345091832642,0.9999999999999999,0.9999999999999999,0.9999999999999999,10.774438419389014,6.115415607075886,8.443869690427919,0.3915433092266874,6.115415607075887,9.121570449178995,11.796354519495665,0.01601101903977773,0.026836791620280784,2705.0848000221417,0.03125005784254644,0.21860052223235937,2882.8125,16.796959886361464,3.3630694472772458
IR,12k_Drive_End_IR021_0_209.mat,1.431146867680866e-17,0.6827439512829344,1.0,1.0000000000000002,1.0,8.898072221775443,4.845344588690013,6.895865301945282,0.34457264109187946,4.845344588690013,7.096869301566414,9.092189024448988,0.014761977390494714,0.02754355601730061,2679.3281257408726,0.031250015272886726,0.21367767361127624,2882.8125,17.32763773108831,3.524322019464993
IR,12k_Drive_End_IR021_0_209.mat,-1.8431436932253575e-17,0.7006843087722945,1.0,1.0,1.0,9.222902936197267,5.022584094880868,6.367322727822008,0.24799958833992275,5.022584094880868,7.16811270353863,9.061726200404298,0.015921624779362605,0.02688995418492013,2725.9399721768286,0.03125008434679683,0.21824154007768382,2882.8125,16.886861901462584,3.3798760795648053
IR,12k_Drive_End_IR021_0_209.mat,-1.929879867024198e-17,0.6607716988391046,0.9999999999999999,0.9999999999999998,0.9999999999999999,11.391639264793266,6.472472397927166,8.500151616050925,0.27304189391231565,6.4724723979271666,9.795323270198333,12.878036788926307,0.015307786819171654,0.02724398569813175,2645.157607807046,0.031250009504337956,0.20235028371761954,2882.8125,15.122864638389474,3.254551365818657
IR,12k_Drive_End_IR021_0_209.mat,-1.0842021724855044e-19,0.6898462865785845,1.0,1.0,1.0,10.543874638400059,5.990454386981407,6.819739809897418,0.37121185438552634,5.990454386981407,8.683752458380448,11.198986534636388,0.015087152020119227,0.02736678559577603,2662.3952864991725,0.03125000975877227,0.2500327409396232,2882.8125,19.560914413851073,3.5157579076325494
IR,12k_Drive_End_IR021_0_209.mat,1.6479873021779667e-17,0.7185478960249445,1.0,1.0,1.0,10.721924966777802,5.95369012446966,6.574286650280827,0.3531383546632763,5.95369012446966,8.285724803323308,10.315211030728308,0.014585555683217635,0.02763736729926676,2683.395863634065,0.03125000009316515,0.22874126141070883,2882.8125,18.019343317286296,3.541028803844187
IR,12k_Drive_End_IR021_0_209.mat,9.75781955236954e-18,0.6834767950094869,0.9999999999999999,0.9999999999999999,0.9999999999999999,11.527949068091917,6.401886408167029,7.959475276911657,0.2874658728522136,6.40188640816703,9.366647785135367,12.019591809204208,0.015008396678116603,0.027410056666125338,2662.9673670030747,0.03125001083660458,0.20528280320800937,2882.8125,17.293612942119488,3.4774879485936516
IR,12k_Drive_End_IR021_0_209.mat,5.204170427930421e-18,0.6927793088751004,1.0,1.0000000000000002,1.0,8.414051835185512,4.214064869847589,5.25572316038879,0.20165154390758333,4.214064869847589,6.082838814412878,7.8912602520118025,0.01519425132799395,0.027307457430145433,2588.29135522944,0.03125000007547921,0.21480823471317703,2941.40625,18.54228722944859,3.5093413310371497
IR,12k_Drive_End_IR021_0_209.mat,1.214306433183765e-17,0.6824587825640662,1.0,1.0,1.0,8.620602420606078,4.78075627088471,6.299852780492797,0.3192633094025801,4.78075627088471,7.005194149488307,9.115291338123626,0.015285694060296017,0.027256395809852858,2668.2336659733746,0.03125001688716877,0.20730926049709456,2941.40625,17.147124371335703,3.4254861013103977
IR,12k_Drive_End_IR021_0_209.mat,-1.2576745200831851e-17,0.704381298679317,1.0,1.0,1.0,8.786749157169428,4.873774391714508,6.314228388674357,0.28951751082489713,4.873774391714508,6.919227413976796,8.777474652888321,0.01474675407423367,0.027551694465731937,2668.626295510967,0.031250001978543475,0.21118513017509907,2882.8125,19.438383633851885,3.715181268258014
IR,12k_Drive_End_IR021_0_209.mat,-2.7755575615628914e-17,0.7109735742425662,1.0,1.0000000000000002,1.0,8.88024541241496,4.834258543611726,6.0529776111414355,0.21493047402884924,4.834258543611726,6.799491174846955,8.569816496572434,0.015611835088495639,0.027070932244577905,2668.7144141490517,0.031250036278713526,0.20239846891085886,2882.8125,17.177842198562523,3.486920897715791
IR,12k_Drive_End_IR021_0_209.mat,-7.37257477290143e-18,0.66560148239698,1.0,1.0000000000000002,1.0,9.056399170992172,4.9505324519254295,7.019729926682024,0.2936579870772792,4.9505324519254295,7.4376824313813925,9.766645611076745,0.01594064974849633,0.026878737081325824,2753.502557971434,0.03125013314357678,0.23001961815244987,2882.8125,20.66019630912287,3.754704748390014
IR,12k_Drive_End_IR021_0_209.mat,-2.7755575615628914e-17,0.6703427325899413,1.0,1.0000000000000002,1.0,8.702059339872626,4.787446245268962,6.960660958994519,0.3664279932828005,4.787446245268962,7.141788838035356,9.32385094963611,0.014916766580308428,0.027460017762925823,2670.848023189907,0.03125000001202573,0.23521151272129961,2882.8125,20.43447421137833,3.7341806522539396
IR,12k_Drive_End_IR021_0_209.mat,-9.324138683375338e-18,0.7040014757245721,1.0,1.0,1.0,10.309802916570426,5.713184925912013,6.710791446418113,0.37769442706068646,5.713184925912013,8.115302485739667,10.205783791299542,0.01641575550776629,0.026591298116958102,2765.214357617149,0.03125018663041388,0.2009224171417858,2882.8125,15.522306953835864,3.299294178183498
IR,12k_Drive_End_IR021_0_209.mat,3.469446951953614e-18,0.720284902605159,1.0,1.0,1.0,9.045074881828484,5.048237258068379,5.445377246229835,0.21106422244108167,5.048237258068379,7.008667320125254,8.734629215121961,0.015356352822019302,0.027216630702371073,2601.6150883812898,0.03125000094053739,0.1935199890901911,3105.46875,18.270877559023194,3.547960699062218
IR,12k_Drive_End_IR021_0_209.mat,3.0357660829594124e-18,0.6898749048410137,1.0,1.0000000000000002,1.0,11.586953763010307,6.567650251581177,8.120787461509655,0.31489538203974127,6.567650251581177,9.520059659359164,12.151975133499537,0.014314395494749228,0.02777878178606434,2651.1102183491153,0.03125000217436596,0.21871513383865734,2882.8125,20.639234953772917,3.850961268991238
IR,12k_Drive_End_IR021_0_209.mat,-2.6020852139652106e-18,0.6961237660785476,1.0,1.0,1.0,10.611804622065215,6.01446657102849,7.415176751627126,0.3234027543737954,6.01446657102849,8.639938562807009,11.004924012210227,0.014398819698917292,0.02773511355187852,2698.4110194201203,0.031250000519320385,0.23845450991575218,2882.8125,20.25123477926868,3.7280814571893632
IR,12k_Drive_End_IR021_0_209.mat,1.6696713456276768e-17,0.6949199455681971,0.9999999999999999,0.9999999999999998,0.9999999999999999,10.938968244370482,6.177517285986983,6.987263944213906,0.3371951891755555,6.177517285986984,8.889538032954247,11.328985216452326,0.015064179320520541,0.027379432406815823,2665.5279665386656,0.03125000508032271,0.2016777840927699,2882.8125,14.00641911484941,3.154839634395283
IR,12k_Drive_End_IR021_0_209.mat,4.9873299934333204e-18,0.6976732290241786,1.0,1.0,1.0,9.947333520913965,5.381165026557412,6.695010566474815,0.34181384895623,5.381165026557412,7.7130163559291764,9.757060224863066,0.015276958814630096,0.027261282435942995,2649.505367247649,0.031250007850817545,0.22329380610908578,2882.8125,17.10327278247512,3.423538665855297
IR,12k_Drive_End_IR021_0_209.mat,-3.0357660829594124e-17,0.6932063185720938,1.0,1.0000000000000002,1.0,8.525316440427856,4.744369274958026,6.36946975270742,0.2722511249905727,4.744369274958026,6.844094099907731,8.718538280431634,0.014628754493089691,0.02761452946731185,2680.415970918435,0.03125000313152186,0.2498175463231296,2882.8125,22.211028126891588,3.8390558246429776
IR,12k_Drive_End_IR021_0_209.mat,-3.469446951953614e-18,0.6941443096975289,1.0,1.0000000000000002,1.0,8.602481807574728,4.78782496854058,6.413817425217827,0.2825835346550808,4.78782496854058,6.897448991012919,8.813960240712003,0.015073540142561388,0.027374289366103286,2698.4927299169235,0.031250013291654215,0.20970108013526786,2882.8125,16.207740380014506,3.3651992379143945
IR,12k_Drive_End_IR021_0_209.mat,1.6479873021779667e-17,0.6817250552736827,1.0,1.0,1.0,10.18339195601231,5.754337096820969,8.18462854767378,0.38794908645134485,5.754337096820969,8.440847306852842,10.826383757880722,0.015628673917286683,0.027061228429766424,2682.4958487005724,0.03125004852061634,0.18305345094174705,3105.46875,15.645569660562867,3.3262070833432356
IR,12k_Drive_End_IR021_0_209.mat,7.37257477290143e-18,0.6613098688222188,1.0,1.0,1.0,13.261144200248765,7.392952903406249,11.067776692785174,0.3080251903550016,7.392952903406249,11.17925688387649,14.35265717372349,0.01677031829150831,0.02636899412442776,2690.4267439377277,0.03125007882762224,0.19879548779368805,2882.8125,18.74897088846741,3.6262543038816157
IR,12k_Drive_End_IR021_0_209.mat,-6.938893903907228e-18,0.6861476190728201,0.9999999999999999,0.9999999999999999,0.9999999999999999,11.671159949079406,6.501507604818964,8.90723042726998,0.32817834599055407,6.501507604818965,9.475377344607482,11.92898387249321,0.014591302720235861,0.027634335343830967,2660.7243435144173,0.03125000167950184,0.23851442067734718,2882.8125,19.975958698973784,3.687035613584779
IR,12k_Drive_End_IR021_0_209.mat,-1.1709383462843448e-17,0.6843120458179222,1.0,1.0,1.0,10.788834724803158,6.2816149916825035,8.383115030481619,0.36129465803278304,6.2816149916825035,9.179459911705075,11.700350647912543,0.01633811799095907,0.02663890610111007,2669.4114858002454,0.03125004668396929,0.2211797774815206,2882.8125,16.62974986974324,3.367303702083276
IR,12k_Drive_End_IR021_0_209.mat,-1.951563910473908e-17,0.6718273660228443,1.0,1.0000000000000002,1.0,11.519649518381124,6.428371320057247,8.70606024568324,0.3385660147994518,6.428371320057247,9.568486854164052,12.417279437529873,0.015070663204680652,0.027375859928208093,2621.56473021432,0.03125000153980452,0.18929932878654848,2882.8125,15.574257283603474,3.3126034343005966
IR,12k_Drive_End_IR021_0_209.mat,-6.938893903907228e-18,0.6650083098273802,1.0,1.0000000000000002,1.0,9.176147500917184,5.236510961152928,7.272251060188916,0.39962186214872647,5.236510961152928,7.874354175381955,10.358069774364399,0.0142775106722649,0.02779776402903778,2688.720955450838,0.03125000793617027,0.23139320431361451,2882.8125,21.830639940007345,3.950726525386579
IR,12k_Drive_End_IR021_0_209.mat,2.3852447794681098e-18,0.6929241726943887,0.9999999999999999,0.9999999999999999,0.9999999999999999,8.909030453332559,5.083054597797747,6.575946995521513,0.2838459592523853,5.083054597797748,7.335657779165985,9.303515088768268,0.014156242358884592,0.02785971056797754,2651.249477974214,0.031250002730479204,0.24575976200125144,2882.8125,22.984398281959624,4.036308654719075
IR,12k_Drive_End_IR021_0_209.mat,-2.168404344971009e-18,0.6937926374069414,1.0,1.0,1.0,11.278306650631466,6.354443108581367,7.756022397114589,0.21073866749792014,6.354443108581367,9.158994728354536,11.63084426503382,0.015081146490758725,0.027370094525243173,2637.626108002124,0.03125000886074227,0.20175495142248098,2882.8125,15.815430579216356,3.338741702385586
IR,12k_Drive_End_IR021_0_209.mat,4.0332320816460765e-17,0.6903424335303655,0.9999999999999999,0.9999999999999998,0.9999999999999999,11.15983284922444,6.290351785934947,7.2029779924488455,0.3612585024990942,6.290351785934948,9.111929790794553,11.76128787738319,0.015252999468483304,0.027274696417136035,2625.80126349085,0.03125000891891849,0.21856050805063185,2882.8125,17.47219482971286,3.465226522733964
IR,12k_Drive_End_IR021_0_209.mat,1.214306433183765e-17,0.6911689523541685,1.0,1.0000000000000002,1.0,9.887666998364947,5.520370734082883,7.113785688138528,0.3859539020197489,5.520370734082883,7.987006238171035,10.165995914617922,0.014484282035392497,0.027690577934490663,2673.575125311514,0.03125000051883031,0.22912286923758682,2882.8125,21.36862097432797,3.870913275731978
IR,12k_Drive_End_IR021_0_209.mat,6.5052130349130266e-18,0.6669314821034595,1.0,1.0,1.0,9.984685677367697,5.572056792287772,8.06388402518791,0.3179645381553693,5.572056792287772,8.354766481728916,10.840205155320438,0.014798480097924137,0.02752394796146399,2678.0615151863717,0.03125000359350434,0.2345470836799299,2882.8125,18.73781536454206,3.5505338705633283
IR,12k_Drive_End_IR021_0_209.mat,-3.0357660829594124e-18,0.6622826198426774,1.0,1.0,1.0,11.330421605262917,6.421941371422898,8.822095636753218,0.281284814721174,6.421941371422898,9.696678093331823,12.718077106384227,0.015193133242495889,0.027308081600978855,2643.979818222046,0.0312500018951992,0.22967639065214426,2882.8125,18.50747641204154,3.5103786222391187
IR,12k_Drive_End_IR021_0_209.mat,1.0842021724855044e-17,0.6878023920299472,0.9999999999999999,0.9999999999999999,0.9999999999999999,10.953943224044849,6.210389185974203,7.709774278055562,0.3504973224794824,6.210389185974204,9.02932187782185,11.64285173867371,0.016046264998694833,0.02681590388610706,2791.7338014096663,0.03125020514552297,0.21501319670055186,2882.8125,21.243684864859183,3.836143675092781
IR,12k_Drive_End_IR021_0_209.mat,1.3444106938820255e-17,0.7091706046469162,1.0,1.0,1.0,10.192796359734347,5.30923612379596,6.423075255878211,0.3498560849241315,5.30923612379596,7.4865428558468485,9.518316548174223,0.014879435836684364,0.027480288000414257,2678.181267548939,0.03125002143045215,0.20351273472040965,2882.8125,18.878100054458613,3.661116458293194
IR,12k_Drive_End_IR021_0_209.mat,1.6046192152785466e-17,0.6879090139890996,1.0,1.0000000000000002,1.0,10.882115921235053,5.6678395317872985,7.161703202775188,0.3135634728104921,5.6678395317872985,8.239228468486253,10.64955772092441,0.01615019783098328,0.026753485436621625,2788.2035469739753,0.031250245966830764,0.22666752154282668,2882.8125,17.77174574807525,3.4827021954878146
IR,12k_Drive_End_IR021_0_209.mat,1.951563910473908e-17,0.674350657864091,1.0,1.0,1.0,12.193305418629823,6.821749977476146,8.773445770879261,0.28496307053225334,6.821749977476146,10.116027763779545,13.10088669033905,0.01560198778184363,0.027076588051875527,2654.872297370016,0.0312500182924069,0.19758535317250958,2882.8125,14.173534174394117,3.1328405800541224
IR,12k_Drive_End_IR021_0_209.mat,2.0925101928970236e-17,0.6709312851093349,1.0,1.0,1.0,11.233389081828047,6.285448614272845,8.667433305834004,0.3770847410059824,6.285448614272845,9.368244936213653,12.100555664722297,0.014792719408889793,0.027527040884509163,2652.1415913760147,0.03125000043788134,0.21741118392691539,2941.40625,20.13154571659533,3.7385721876285984
IR,12k_Drive_End_IR021_0_209.mat,1.0842021724855044e-18,0.6790666813895663,1.0,1.0,1.0,10.653870585060353,5.690837497024113,7.9039093408550505,0.3250426989424956,5.690837497024113,8.380380974338216,10.799674904364142,0.01481914887376768,0.0275128226683321,2654.3424538170566,0.031250001352351627,0.23012056806929257,2882.8125,19.681953891391263,3.658051997172424
IR,12k_Drive_End_IR021_0_209.mat,-1.9081958235744878e-17,0.6893527085929876,0.9999999999999999,0.9999999999999998,0.9999999999999999,11.734180536905464,6.267151545940216,7.626392855945891,0.2770821561298661,6.267151545940217,9.09135696112933,11.65341624366954,0.015427323894413059,0.027176465479711816,2634.473149603577,0.031250001576209496,0.21899990648381895,2882.8125,15.394381337278363,3.2203409647657164
IR,12k_Drive_End_IR021_0_209.mat,-7.15573433840433e-18,0.6866540578079969,0.9999999999999999,0.9999999999999998,0.9999999999999999,9.22380010985649,5.2100070472281885,6.517354364874358,0.295996299500083,5.210007047228189,7.587528229076623,9.766445314300798,0.015132812629040123,0.027341561621798863,2652.443388941225,0.0312500081597471,0.22935275887086123,2882.8125,19.499160074106772,3.640561045387938
IR,12k_Drive_End_IR021_0_209.mat,2.710505431213761e-17,0.6813764147462141,1.0,1.0,1.0,9.263743439202841,5.099291321923967,7.154714994143909,0.29188071181067726,5.099291321923967,7.483809553084181,9.687416601619313,0.014278028127678711,0.027797491791911377,2655.3371292923434,0.03125000219417856,0.22855564899086028,2882.8125,22.868456613691585,4.038210988264272
IR,12k_Drive_End_IR021_0_209.mat,-2.168404344971009e-18,0.7006384368293666,1.0,1.0000000000000002,1.0,10.968540469232584,6.037871877837472,7.058880592136287,0.2774022490514929,6.037871877837472,8.617671484255059,11.009162753973472,0.015033305025003477,0.027396406220767354,2645.7187841666105,0.031250013340606675,0.21762001846283568,2882.8125,17.385010582195196,3.5024100540819463
IR,12k_Drive_End_IR021_0_209.mat,-9.540979117872439e-18,0.6926502486114652,1.0,1.0,1.0,9.51893374497955,5.293568593806371,6.777358850318688,0.3466522088753222,5.293568593806371,7.642484218287984,9.765440453709024,0.015455468417401275,0.027160552544593285,2692.473696952276,0.03125007389637505,0.2299224638509705,2882.8125,18.491618170766007,3.5982287028289166
IR,12k_Drive_End_IR021_0_209.mat,3.0357660829594124e-18,0.6877049209975261,1.0,1.0,1.0,8.81535709809129,4.9029685634035225,6.512998307412285,0.3294023210355571,4.9029685634035225,7.1294655799346245,9.120179391797759,0.015434615585451027,0.027172358128329455,2653.9583520769784,0.031250030472382576,0.21662218682591627,2882.8125,17.91607392284522,3.5241174261694086
IR,12k_Drive_End_IR021_0_209.mat,-7.37257477290143e-18,0.684928629126001,1.0,1.0000000000000002,1.0,11.252726026363938,6.1784384130011905,7.626805569899972,0.2958688854298944,6.1784384130011905,9.020557982639955,11.58622501058305,0.015355836622331268,0.027216971179228618,2660.0739980315893,0.03125004381665234,0.21542813041914852,2882.8125,19.310983397229595,3.6598201327612627
IR,12k_Drive_End_IR021_0_209.mat,-1.3444106938820255e-17,0.6757441535501575,1.0,1.0,1.0,11.642346285347763,6.391168109781984,8.017560415333492,0.25020145428437035,6.391168109781984,9.457970263160547,12.349867431447286,0.01522575342089233,0.02728991998029294,2670.8868697586418,0.03125001279623108,0.21217499196366313,2882.8125,15.508354485732399,3.2513728418163312
IR,12k_Drive_End_IR021_0_209.mat,-7.589415207398531e-18,0.7074317314386359,0.9999999999999999,0.9999999999999998,0.9999999999999999,7.70363165917531,4.169080700579789,5.107732979538715,0.20841662904160513,4.16908070057979,5.893262226309146,7.502683011469701,0.014846866274853385,0.02749787382793865,2645.520274418206,0.031250000051849795,0.25127328736109106,2882.8125,22.344754892309254,3.8887780152630227
IR,12k_Drive_End_IR021_0_209.mat,3.2526065174565133e-18,0.7051823930295599,1.0,1.0000000000000002,1.0,8.055120954511855,4.638811774126847,5.563394280403917,0.2688315004827827,4.638811774126847,6.578172994645935,8.308847032755228,0.014240237247166514,0.027816869769921135,2629.025467452107,0.031250001610437415,0.23415936976896262,2882.8125,24.091290298809287,4.148151889100721
IR,12k_Drive_End_IR021_0_209.mat,-2.5153490401663703e-17,0.6929392290752299,0.9999999999999999,0.9999999999999998,0.9999999999999999,10.31173035878964,5.829146156280254,6.788068958551729,0.2528915450818189,5.829146156280255,8.41220400244854,10.730783129078208,0.014784531588399118,0.027531439224302134,2617.7902942014402,0.031250000320797014,0.22134040990757686,2941.40625,21.378470349023377,3.864976314017363
IR,12k_Drive_End_IR021_0_209.mat,-3.2959746043559335e-17,0.6943403705627758,0.9999999999999999,0.9999999999999998,0.9999999999999999,11.411567636818464,6.449775084160678,7.3952596260100325,0.29279467364960676,6.449775084160679,9.289068240311327,11.915126294442642,0.01518127823640976,0.02731467218064554,2605.7831196626435,0.03125000040363871,0.24183864072613687,2882.8125,19.03843032830002,3.5378200614718063
IR,12k_Drive_End_IR021_0_209.mat,5.637851296924623e-18,0.6668089985826547,0.9999999999999999,0.9999999999999999,0.9999999999999999,8.874105449141258,4.917617161589401,7.373918616239578,0.3966284779521217,4.917617161589402,7.3748512273261335,9.610548695578771,0.014642084490982428,0.027607466860572156,2687.0503448212216,0.03125000583517798,0.24845495278895555,2882.8125,22.460398627025327,3.887497775696254
IR,12k_Drive_End_IR021_0_209.mat,-1.2576745200831851e-17,0.6791913973503281,0.9999999999999999,0.9999999999999999,0.9999999999999999,8.738663602464943,4.842789895085718,7.024568487655073,0.3089786377752332,4.842789895085719,7.130228554099014,9.117449731442957,0.01482350277247919,0.027510478714387304,2663.449712458473,0.031250002776647155,0.21301339113533566,2882.8125,16.360754784674373,3.3793929449324107
IR,12k_Drive_End_IR021_0_209.mat,5.204170427930421e-18,0.6902718615829808,1.0,1.0,1.0,10.91577616123223,6.060365171009913,7.628935758560493,0.1520040805420151,6.060365171009913,8.779678715443868,11.181927163967508,0.015402411709017036,0.02719061815055048,2643.942422904158,0.03125002402980053,0.19044031790400875,2777.34375,16.871521574829917,3.4247370849423433
IR,12k_Drive_End_IR021_0_209.mat,-3.469446951953614e-18,0.6757157956447095,0.9999999999999999,0.9999999999999999,0.9999999999999999,10.79985227447697,5.998323033961984,8.099537701613913,0.24960190052488654,5.998323033961985,8.87699099624999,11.5078432712068,0.01585561945495772,0.02692897473939153,2716.1265966290234,0.0312501255807912,0.19562593546365903,2882.8125,15.527859241242645,3.3446342451060542
IR,12k_Drive_End_IR021_0_209.mat,4.336808689942018e-18,0.7007044068861827,1.0,1.0,1.0,8.165319450565415,4.499240174219672,5.700023791399688,0.335949884083864,4.499240174219672,6.421024514764462,8.198744957274695,0.014600442416923091,0.027629511493525584,2675.0883221040967,0.03125000518625156,0.2330451354089799,2882.8125,20.186596857647093,3.7184719157156483
IR,12k_Drive_End_IR021_0_209.mat,1.1275702593849246e-17,0.7087255413013773,1.0,1.0,1.0,8.312432826874465,4.580688570445178,5.435962703835047,0.24564503779692912,4.580688570445178,6.463275701950881,8.124916847436793,0.015593201489042658,0.02708170613579011,2713.476410538437,0.031250067838377145,0.22702385735685257,2882.8125,19.506747808561293,3.6105894653633217
IR,12k_Drive_End_IR021_0_209.mat,-1.1709383462843448e-17,0.6932709201671012,1.0,1.0,1.0,10.16304804528636,5.65282483125427,6.642007871456935,0.13829242478176784,5.65282483125427,8.153846738432,10.40214275262675,0.01528786941212003,0.027255165533676542,2620.42147613587,0.0312500079908813,0.19572550800070254,2941.40625,17.46398843048832,3.4637950466736127
IR,12k_Drive_End_IR021_0_209.mat,2.3852447794681098e-18,0.6964574538343133,0.9999999999999999,0.9999999999999998,0.9999999999999999,9.618748815024269,5.3479293996271915,5.761439342296123,0.2576010989019731,5.347929399627192,7.678759657441271,9.919123079175545,0.014896213640328846,0.027471174418685514,2629.1373152305455,0.03125000167616253,0.2013312609714268,2882.8125,16.142241684089203,3.3862079213629603
IR,12k_Drive_End_IR021_0_209.mat,1.2793585635328952e-17,0.6932301921794702,0.9999999999999999,0.9999999999999999,0.9999999999999999,10.54148215271034,5.562378647964713,6.570785784936455,0.33333251438023664,5.562378647964714,8.023855150447154,10.307519471768133,0.014633317099677582,0.027612110543472398,2662.672261715772,0.03125000188807444,0.21888592899159406,2882.8125,17.651837368091336,3.5058022058860936
IR,12k_Drive_End_IR021_0_209.mat,5.421010862427522e-18,0.675128810785195,0.9999999999999999,0.9999999999999999,0.9999999999999999,11.200536351856988,5.911365259356078,8.090276729753027,0.3305811098448402,5.911365259356079,8.755907265283174,11.282588958127604,0.015080750609249766,0.027370312469105366,2642.761122049917,0.03125000869751642,0.23690310816081367,2882.8125,18.942607465316108,3.5613141652056783
IR,12k_Drive_End_IR021_0_209.mat,2.992397996059992e-17,0.6929373947549036,1.0,1.0,1.0,8.735056676749704,4.693755309418443,6.179327143073569,0.18768176769177083,4.693755309418443,6.773707617668195,8.675724639812152,0.015274109689216085,0.027262870002775108,2579.651716295843,0.03125000012138271,0.21417783426455508,2941.40625,20.00724020097178,3.6724175312138425
IR,12k_Drive_End_IR021_0_209.mat,1.5829351718288365e-17,0.6790867632976997,0.9999999999999998,0.9999999999999996,0.9999999999999998,8.945143358502968,4.998391138517268,6.700299931987403,0.31305007297427817,4.998391138517269,7.360460266144314,9.559879278999261,0.015219693792266398,0.02729330569646945,2669.4161531194522,0.03125001783953545,0.21199400411185962,2882.8125,17.70582947234499,3.5021486953476715
IR,12k_Drive_End_IR021_0_209.mat,1.8214596497756474e-17,0.6929354741159488,1.0,1.0000000000000002,1.0,8.895747971098345,4.970687373757132,6.168513208797572,0.2672147551509678,4.970687373757132,7.173376972940755,9.22878871688994,0.01431756666337643,0.027777145643606643,2643.370821416392,0.03125000056426181,0.252280328655838,2882.8125,22.394064020422864,3.9144956223936247
IR,12k_Drive_End_IR021_0_209.mat,-2.6020852139652106e-18,0.7117904570684395,1.0,1.0,1.0,8.776485852339013,4.7096159342325,5.5459646841443595,0.2200204115335781,4.7096159342325,6.616576391919321,8.32269460129904,0.015836015463071066,0.02694037763649172,2619.4161541807052,0.0312500133270917,0.1980864404465951,2882.8125,16.196929627541763,3.3429952929880846
IR,12k_Drive_End_IR021_0_209.mat,1.1275702593849246e-17,0.6787049872591351,1.0,1.0,1.0,12.034905733885783,6.653938650627661,8.987988072609566,0.31061063986306925,6.653938650627661,9.803874695983534,12.505716945911454,0.015464620248956885,0.02715528680984378,2638.5552145684646,0.03125002529869893,0.23195587939909665,2882.8125,17.66328217966274,3.4047893746019384
IR,12k_Drive_End_IR021_0_209.mat,2.168404344971009e-18,0.6672251937354867,1.0,1.0,1.0,10.491303831951313,5.800714237887599,8.36121451866559,0.3230594555080969,5.800714237887599,8.693787783120223,11.30023373397795,0.014692477502939272,0.027580676918157295,2648.6967063193592,0.03125000215101034,0.23528737899476906,2882.8125,20.62967531002083,3.7620598997833543
IR,12k_Drive_End_IR021_0_209.mat,2.2551405187698492e-17,0.6878279473649981,0.9999999999999999,0.9999999999999998,0.9999999999999999,9.493111458966327,5.374219042771393,6.889393901016482,0.25322920885206346,5.374219042771394,7.8133188152059,10.017201087741732,0.015058573317575728,0.027382564701430964,2707.0544941556345,0.03125004767978533,0.248958707386868,2882.8125,22.507714742883696,3.8674004922786556
IR,12k_Drive_End_IR021_0_209.mat,1.0408340855860843e-17,0.6850763636119678,1.0,1.0,1.0,8.601435151095288,4.741436783566103,6.361238355492771,0.20276646918359545,4.741436783566103,6.921033968487179,8.945798107465292,0.015417990359315313,0.027181762243694292,2645.3086732408756,0.03125000200628257,0.2103044793813548,2882.8125,14.742684559331645,3.159591232336316
IR,12k_Drive_End_IR021_0_209.mat,-1.6696713456276768e-17,0.6701098647269146,1.0,1.0,1.0,11.12085210706835,6.134513595814649,8.211243035935805,0.3055701447247701,6.134513595814649,9.154489313949448,11.934708895363764,0.014646615631404198,0.02760505811388244,2637.5059606278005,0.0312500013267987,0.2290734537487966,2882.8125,20.600497739330446,3.763350682268233
IR,12k_Drive_End_IR021_0_209.mat,1.7997756063259374e-17,0.6950959375025626,1.0,1.0,1.0,10.201234655271522,5.626778137700383,6.971950051309153,0.31342665297812655,5.626778137700383,8.094966225694046,10.330159756323878,0.014741352828319128,0.02755458559982158,2670.4322733538434,0.03125000273259008,0.24730937135292294,2882.8125,20.682551547485183,3.6929027526242835
IR,12k_Drive_End_IR021_0_209.mat,-2.6454533008646308e-17,0.7035585547343477,0.9999999999999999,0.9999999999999998,0.9999999999999999,9.374548170799581,5.239718955725489,5.978416381984694,0.26617707691369225,5.23971895572549,7.4474525545409955,9.474571489945308,0.014816159850753241,0.027514431968517404,2635.986773416419,0.0312500009483719,0.23652417717796156,2882.8125,19.075891281155343,3.5923955400208794
IR,12k_Drive_End_IR021_0_209.mat,-4.336808689942018e-19,0.7129994800576023,0.9999999999999999,0.9999999999999999,0.9999999999999999,8.668709992711321,4.8814531949635915,5.241005745754152,0.21028534787120687,4.881453194963592,6.8463629097867305,8.612130670828543,0.015266061754861157,0.027267414271091837,2663.7597070403094,0.03125003236053648,0.22661671183788878,2882.8125,18.584617620869636,3.568707151815083
IR,12k_Drive_End_IR021_0_209.mat,-1.214306433183765e-17,0.7162586312318229,1.0,1.0,1.0,8.4983392050061,4.658229098962872,5.176772673534324,0.26374998013690665,4.658229098962872,6.503557368588552,8.19176485026074,0.01567861451672424,0.02703228075402026,2691.9420372087807,0.0312500104948496,0.19182940501215298,2882.8125,13.49623301116421,3.0331095704416997
IR,12k_Drive_End_IR021_0_209.mat,4.7704895589362195e-18,0.7160462000317944,1.0,1.0,1.0,9.168746460437202,5.068670726844722,5.798994152273668,0.2650378408983093,5.068670726844722,7.078692305914981,8.915600668757582,0.015394737470962677,0.027194939906539713,2675.6187210637877,0.031250003173122536,0.18886424456289289,2882.8125,13.97255086066238,3.080190210040595
IR,12k_Drive_End_IR021_0_209.mat,-1.1492543028346347e-17,0.7002219681363047,0.9999999999999999,0.9999999999999999,0.9999999999999999,10.297977484172623,5.692406912149039,6.827321973630814,0.3013470824043807,5.69240691214904,8.129432053238522,10.355753224898178,0.015534254264260947,0.027115492434826423,2647.7640108705414,0.03125000776847645,0.21819406939231686,2882.8125,16.846701747826458,3.315636219597611
IR,12k_Drive_End_IR021_0_209.mat,4.336808689942018e-18,0.6908105184708286,0.9999999999999999,0.9999999999999998,0.9999999999999999,8.689403151258585,4.8385863966136595,6.328623731309864,0.2635560682387445,4.83858639661366,7.004216448997196,8.9903551058236,0.015219279081986309,0.027293539367099242,2660.4737362155574,0.03125001995133414,0.2222530102286885,2882.8125,17.428598217965234,3.4468051846811427
IR,12k_Drive_End_IR021_0_209.mat,-2.168404344971009e-18,0.6827847410682399,1.0,1.0,1.0,8.592370995657697,4.671771866195888,6.902614888771836,0.29749038001290584,4.671771866195888,6.842232383352243,8.787150003509433,0.014645685986007944,0.027605550380821704,2636.1492285369472,0.031250000477261355,0.19997623970462586,2882.8125,20.66121961369171,3.878777034714178
IR,12k_Drive_End_IR021_0_209.mat,4.7704895589362195e-18,0.6791705320252478,1.0,1.0,1.0,10.00402250955965,5.450723420727283,7.9971748339495505,0.32946298376479644,5.450723420727283,8.025559360582882,10.286200088607897,0.01570593727178622,0.027016414647681824,2693.01779975344,0.03125001001601056,0.20142357604191458,2882.8125,13.187079957595916,2.9894076493011355
IR,12k_Drive_End_IR021_0_209.mat,-1.7780915628762273e-17,0.6943803158998931,1.0,1.0000000000000002,1.0,10.862940480523463,5.921467903843813,7.354374783984358,0.290769154044641,5.921467903843813,8.527701272997339,10.844336103628873,0.015297461226098985,0.02724977394984487,2641.679203889826,0.03125000000450633,0.21526095344663995,2882.8125,15.394306716714267,3.2057783576224184
IR,12k_Drive_End_IR021_0_209.mat,-3.903127820947816e-18,0.6953543385099581,0.9999999999999999,0.9999999999999998,0.9999999999999999,9.232295311459147,5.120494575423845,6.014374941823389,0.28209349673245965,5.120494575423846,7.36386370493684,9.398790924969333,0.014584285497869566,0.027638038531527184,2666.828179281722,0.03125000091765678,0.1900400449199452,2882.8125,15.31615800563615,3.3376054346429815
IR,12k_Drive_End_IR021_0_209.mat,-6.938893903907228e-18,0.686950051679495,1.0,1.0,1.0,9.100915778734878,4.938099841478352,6.9186216712308095,0.2802264931867412,4.938099841478352,7.188440890870307,9.168661388022775,0.0142740972783443,0.027799509059409522,2641.67818593322,0.03125000091289325,0.21912531375283933,2882.8125,20.805936857510066,3.878503780542571
IR,12k_Drive_End_IR021_0_209.mat,-2.1250362580715887e-17,0.6767859662754672,1.0,1.0,1.0,9.589342853191846,5.036230599769853,7.712915257936758,0.24018676793317478,5.036230599769853,7.441393366185719,9.549786443466475,0.01547296253757153,0.027150506532078525,2644.19924359714,0.03125000119420047,0.18094676319444672,2882.8125,11.43911266968083,2.8383765136320545
IR,12k_Drive_End_IR021_0_209.mat,2.7755575615628914e-17,0.6901323446368377,1.0,1.0,1.0,9.24917610923265,5.073819042185014,5.923927879823284,0.19323539593663533,5.073819042185014,7.3519507984442685,9.45385887327691,0.015181411215682129,0.027314616392280156,2666.671437180927,0.03125001624250873,0.23264694076347525,2882.8125,17.612153260869434,3.3993942408039834
IR,12k_Drive_End_IR021_0_209.mat,1.0191500421363742e-17,0.6986719711868223,0.9999999999999999,0.9999999999999998,0.9999999999999999,8.814565264584415,4.969923303350092,5.706373420474353,0.2637099881576666,4.969923303350093,7.1133858352837125,9.1113111187391,0.014576705592801447,0.02764203728597289,2661.813386029978,0.031250001140133175,0.20521277465683868,2882.8125,18.81960612237648,3.672268026629423
IR,12k_Drive_End_IR021_0_209.mat,-1.8648277366750676e-17,0.6871548111323054,1.0,1.0000000000000002,1.0,9.110929201747114,5.1383096165998055,6.698018981654185,0.34574946840804205,5.1383096165998055,7.477659376542546,9.611654925198454,0.014923501358261392,0.02745635969691376,2620.406353020279,0.03125000128954141,0.19589525297734994,2882.8125,16.685922457122487,3.4523666690524926
IR,12k_Drive_End_IR021_0_209.mat,5.204170427930421e-18,0.6839191531105797,1.0,1.0,1.0,8.779539523767388,4.8202610193311575,6.703043273972035,0.28486036451714014,4.8202610193311575,7.047998286650984,9.095710831741691,0.016328767241177333,0.026644666164862607,2666.185768361956,0.03125006999437794,0.19431050938848685,2882.8125,13.371003944202096,3.0283754587648417
IR,12k_Drive_End_IR021_0_209.mat,1.3660947373317356e-17,0.6972290932002561,1.0,1.0,1.0,8.5011913141612,4.665406041084834,5.697719187683058,0.1655381107485443,4.665406041084834,6.691353081195724,8.607835527481635,0.015912980904719445,0.026894990733552056,2633.16009144103,0.03125001580530507,0.23242918633514192,2882.8125,17.89101275643401,3.433395034492393
IR,12k_Drive_End_IR021_0_209.mat,-1.734723475976807e-17,0.7018198688746763,0.9999999999999999,0.9999999999999998,0.9999999999999999,9.499381007874327,5.359056255845282,5.997929788962485,0.2706645255306898,5.359056255845283,7.635942630746817,9.758419195184056,0.014920623992598001,0.027457927174586876,2659.8729834897913,0.03125000456085419,0.2326713816422205,2882.8125,19.94299212255197,3.690348244350458
IR,12k_Drive_End_IR021_0_209.mat,-1.8648277366750676e-17,0.6888303371827356,1.0,1.0000000000000002,1.0,9.53995529481298,5.380495902836577,6.824078687452113,0.34913280939735303,5.380495902836577,7.811061174864048,9.962100495338815,0.016150470955084296,0.026753050447798937,2671.733171147569,0.031250014725332474,0.19409944191831094,2882.8125,14.042194170622924,3.0670760602463973
IR,12k_Drive_End_IR021_0_209.mat,-1.6479873021779667e-17,0.6803368633626887,0.9999999999999999,0.9999999999999999,0.9999999999999999,10.012909424528225,5.482254355913936,7.501979391671043,0.25401714800337194,5.482254355913937,8.058146855098952,10.333859639353392,0.015599461820681386,0.027078031045533833,2647.3804675634938,0.03125000759036372,0.21242417613092768,2882.8125,15.127660159658134,3.173695393725402
IR,12k_Drive_End_IR021_0_209.mat,-2.168404344971009e-18,0.6697976259423073,0.9999999999999999,0.9999999999999999,0.9999999999999999,10.645303198520725,5.890735238645459,7.822581760350027,0.2810829467154612,5.89073523864546,8.79479862347684,11.49875984552931,0.014895202710646966,0.02747172123481776,2692.7838345313685,0.03125000050231682,0.17213770845641344,2882.8125,13.16576891146761,3.1078418838914335
IR,12k_Drive_End_IR021_0_209.mat,-8.456776945386935e-18,0.685192906033664,0.9999999999999999,0.9999999999999999,0.9999999999999999,10.588233172344808,5.857947645974483,6.831546830613157,0.23853599193366348,5.857947645974484,8.549340768695405,11.102946315309687,0.014707582370635495,0.027572624870150702,2692.9496555251326,0.03125000194270523,0.2021955750100739,2882.8125,15.904660348843342,3.3586837566681482
IR,12k_Drive_End_IR021_0_209.mat,2.1250362580715887e-17,0.6771732261382507,0.9999999999999999,0.9999999999999999,0.9999999999999999,9.4304438273711,5.169348387187955,7.09452891915473,0.2964041613946093,5.169348387187956,7.6337164371773145,9.926469981804782,0.015485690198526286,0.027143249008642234,2644.5129695259698,0.031250001082718235,0.1834682286557556,2941.40625,12.550962377257944,2.9617978505744036
IR,12k_Drive_End_IR021_0_209.mat,7.589415207398531e-18,0.6893262336584116,1.0,1.0000000000000002,1.0,9.075116806697405,4.975399544815714,6.3792859504993205,0.3409013774319387,4.975399544815714,7.217771937113336,9.303585837747205,0.01500268869733861,0.027413178745424108,2660.172374621645,0.031250008593244,0.25383564444552104,2882.8125,22.72034328794655,3.8422669223890593
IR,12k_Drive_End_IR021_0_209.mat,1.9949319973733282e-17,0.7100406751489503,1.0,1.0,1.0,7.6987598858403725,4.220535480515781,5.23222530033099,0.28734520385304907,4.220535480515781,5.944075639934866,7.552695948743029,0.014411258031329852,0.02772865491177098,2651.1139981214706,0.0312500025801863,0.2346296420161005,2882.8125,20.200379709315644,3.7705008685364203
IR,12k_Drive_End_IR021_0_209.mat,-2.688821387764051e-17,0.7001624289312328,1.0,1.0000000000000002,1.0,8.066477847568985,4.42175290516671,5.610802403920255,0.22486136135638024,4.42175290516671,6.315324448237421,8.078776504855268,0.015178044389678812,0.027316470492869876,2637.613909347684,0.03125000146692622,0.20894708296679945,2882.8125,15.08641883627146,3.21871455467865
IR,12k_Drive_End_IR021_0_209.mat,-3.0357660829594124e-18,0.6804741302396085,1.0,1.0,1.0,9.806066108493177,5.545491270843302,6.673055337493086,0.2748602629542389,5.545491270843302,8.149452013540358,10.636217408614007,0.015681736609601676,0.027030517317459795,2665.3796644755666,0.03125005167263593,0.19105569870359881,2882.8125,13.82669628152982,3.1675882442073897
OR,12k_Drive_End_OR007@6_0_130.mat,1.6046192152785466e-17,0.6087345642566775,1.0,1.0,1.0,8.990523133545963,4.532120834461133,7.9988283007786025,0.07271856149769906,4.532120834461133,7.445151139060555,10.403461307941063,0.014627830660192487,0.02761501997830822,3183.8706713171428,0.0312500041316098,0.22208911905799897,3445.3125,17.500342728060335,3.4272162652737275
OR,12k_Drive_End_OR007@6_0_130.mat,-1.9949319973733282e-17,0.6061891246344993,1.0,1.0000000000000002,1.0,9.367738400351719,5.130995879688579,7.617520171742408,0.14052725388694268,5.130995879688579,8.464348288634021,11.951398761624704,0.014786680805709083,0.02753028748436923,3131.888920986936,0.031250002531550976,0.22174869326214378,3445.3125,18.85843536495135,3.6161194556574054
OR,12k_Drive_End_OR007@6_0_130.mat,-3.0357660829594124e-18,0.6040815606146801,0.9999999999999999,0.9999999999999998,0.9999999999999999,9.374609569128088,5.050444063818111,7.355851305937834,0.1785405771316117,5.050444063818112,8.360533399958538,11.894286749668925,0.013629198357634823,0.028121299611903974,3152.061093650121,0.031250000635747614,0.25334065937254185,3445.3125,23.92876181065295,4.061858620339682
OR,12k_Drive_End_OR007@6_0_130.mat,2.211772431870429e-17,0.6181630654859898,1.0,1.0,1.0,9.03976399492386,4.5977027749486785,7.407188460331155,0.058436195344561806,4.5977027749486785,7.437685995254406,10.316827482016745,0.013508603991321108,0.02817945127975953,3143.067830790843,0.031250021699555305,0.2939297241041216,3445.3125,43.68156037076115,5.498855103655977
OR,12k_Drive_End_OR007@6_0_130.mat,2.8189256484623115e-18,0.5963938040451949,0.9999999999999999,0.9999999999999999,0.9999999999999999,9.28393283912674,4.779537300310336,7.977626782514539,0.11530078598748321,4.779537300310337,8.014062634272674,11.424702282009923,0.01470491380726463,0.0275740466419828,3175.9801453641253,0.031250000612693195,0.23114479859081927,3445.3125,18.72413139622132,3.517079242372408
OR,12k_Drive_End_OR007@6_0_130.mat,9.75781955236954e-18,0.5942538870190794,1.0,1.0,1.0,9.261562597625236,4.755964524687991,7.900596702669159,0.07589092297676618,4.755964524687991,8.003253539568844,11.565585270446062,0.014702289472545068,0.027575446530067157,3162.812550650626,0.031250001073073616,0.21211323029813858,3445.3125,16.31466332501895,3.335621986471385
OR,12k_Drive_End_OR007@6_0_130.mat,5.854691731421724e-18,0.6130042234236601,1.0,1.0,1.0,8.779409587624176,4.5097060752151386,7.370457094753082,0.002873776656057072,4.5097060752151386,7.356729208207079,10.334831972459574,0.013894853174226405,0.027990999023158294,3151.6280080936917,0.03125000753676322,0.2658841610213046,3445.3125,26.640003281302832,4.2475469496419365
OR,12k_Drive_End_OR007@6_0_130.mat,9.107298248878237e-18,0.6050178236177973,1.0,1.0,1.0,9.272338219638167,4.753263128295954,7.7803263573376364,0.047544441948760216,4.753263128295954,7.856401816186314,11.04355299120981,0.013189314643531564,0.02833027515385177,3152.626287977764,0.03125000017694443,0.29651129133568377,3445.3125,41.081677819231714,5.314519955065001
OR,12k_Drive_End_OR007@6_0_130.mat,1.214306433183765e-17,0.6058006796218682,1.0,1.0,1.0,9.09365329605437,4.792428799128636,7.573984895318756,0.048899416920854755,4.792428799128636,7.910900334611706,11.152855916368301,0.01518255571811997,0.02731399016549615,3173.8897980847637,0.03125002491030428,0.23585378545076124,3445.3125,19.155751781507764,3.4920346858642084
OR,12k_Drive_End_OR007@6_0_130.mat,2.168404344971009e-18,0.604476675081794,0.9999999999999999,0.9999999999999999,0.9999999999999999,8.807235646778874,4.46500308877347,7.429912327460625,0.08797124706434392,4.465003088773471,7.386559767867459,10.447600674339592,0.014596132681631506,0.02763178264977466,3161.289436940648,0.03125000002662687,0.20246689127942707,3445.3125,15.36207720797576,3.2759082107039226
OR,12k_Drive_End_OR007@6_0_130.mat,-1.951563910473908e-17,0.6071712127975097,0.9999999999999999,0.9999999999999999,0.9999999999999999,9.033430285649873,4.637594892812416,7.2561924031526726,0.15877789842621998,4.637594892812417,7.638034865725829,10.843961976801289,0.014302274262334984,0.02778503469209087,3177.8582306498965,0.03125001123064987,0.2498971909865367,3445.3125,22.922386047284956,3.920388170417001
OR,12k_Drive_End_OR007@6_0_130.mat,3.903127820947816e-18,0.5979984070479749,0.9999999999999999,0.9999999999999999,0.9999999999999999,9.782711733954663,5.044720906532639,7.79161378650055,0.13928231665053908,5.04472090653264,8.43601060985422,12.159677361514252,0.014125874160941042,0.02787520561272263,3189.648857307025,0.03125007854009818,0.2932212495074018,3445.3125,39.802794614390514,5.232424782101764
OR,12k_Drive_End_OR007@6_0_130.mat,1.5829351718288365e-17,0.5964511835392526,1.0,1.0000000000000002,1.0,10.28479907263646,5.305499129634951,8.074627107565435,0.10787453248075596,5.305499129634951,8.895110406442498,12.752363801278467,0.014992253576047904,0.027418877368855565,3158.4665037041914,0.03125000005530978,0.20273092448299407,3445.3125,14.961376927339192,3.169701002465967
OR,12k_Drive_End_OR007@6_0_130.mat,4.553649124439119e-18,0.6159038701448496,0.9999999999999999,0.9999999999999999,0.9999999999999999,8.936630957956439,4.4901247791323025,7.006074019277163,0.04730345215802802,4.490124779132303,7.290301290161247,10.247072955122539,0.014808248900858087,0.02751873109567091,3178.3630621373272,0.03125003674598815,0.21803467935103,3445.3125,17.73509040546534,3.517080180277383
OR,12k_Drive_End_OR007@6_0_130.mat,-3.686287386450715e-18,0.6110744786856466,1.0,1.0,1.0,8.928265363835134,4.486487739129643,7.59589963488181,0.006121284838784274,4.486487739129643,7.3419654978548285,10.293008527818099,0.014052793949550068,0.027912031656988336,3150.9709551832975,0.03125000046414768,0.2567725932434089,3445.3125,24.181194801629328,4.019621101807833
OR,12k_Drive_End_OR007@6_0_130.mat,-1.1384122811097797e-17,0.6075874003018582,1.0,1.0000000000000002,1.0,8.839137099805058,4.488560186753603,7.861787089559696,-0.02552608162742259,4.488560186753603,7.387513606311819,10.369925179727359,0.013431158964082843,0.02821643558013418,3176.9480340681253,0.03125001228745879,0.28796180641121905,3445.3125,36.7987024672846,5.009431857631179
OR,12k_Drive_End_OR007@6_0_130.mat,6.396792817664476e-18,0.6067180895570166,0.9999999999999999,0.9999999999999998,0.9999999999999999,9.250520662687558,4.769543587733179,7.860534597734706,0.06806745304770603,4.76954358773318,7.861218694197117,11.04196662887737,0.01611159274910204,0.026776651789760186,3208.752157575309,0.031250160031317996,0.23573882877309735,3445.3125,21.094469399421243,3.6999650611479957
OR,12k_Drive_End_OR007@6_0_130.mat,1.6479873021779667e-17,0.6128198923139896,1.0,1.0,1.0,9.275056955422171,4.720081592375519,7.634435978666116,0.06301360056432193,4.720081592375519,7.702232991413892,10.722795111880957,0.014425953067100079,0.027721009885448063,3172.873073339925,0.03125000017541254,0.21873186325843985,3445.3125,17.84223378161651,3.533812878607107
OR,12k_Drive_End_OR007@6_0_130.mat,-4.119968255444917e-18,0.6202649566930999,1.0,1.0,1.0,8.348288815150728,4.341166883456132,6.891362647276675,0.025249364627535832,4.341166883456132,6.998891097444495,9.742725644689594,0.0140590727653658,0.02790896835030614,3210.9454344636843,0.03125008866227807,0.2667632104643922,3445.3125,27.851134072415228,4.38371481086389
OR,12k_Drive_End_OR007@6_0_130.mat,1.8214596497756474e-17,0.604907882072226,1.0,1.0,1.0,9.268224131923382,4.658009711417773,7.664062518790173,0.11530805129104402,4.658009711417773,7.700362070768334,10.843495198887185,0.012913945071598074,0.0284568539493812,3177.1029488893982,0.03125000022413863,0.28778331072211955,3445.3125,36.84469742093284,5.059552483204164
OR,12k_Drive_End_OR007@6_0_130.mat,3.469446951953614e-18,0.5994642880822305,1.0,1.0,1.0,9.264949245526667,4.6571169682191,7.390320244849241,0.13231202770747916,4.6571169682191,7.768798009832852,11.094544508079219,0.014590068096952671,0.02763499613149631,3181.10866823381,0.031250009572183046,0.24092478523285635,3445.3125,20.782834107280152,3.7193231928026966
OR,12k_Drive_End_OR007@6_0_130.mat,1.951563910473908e-18,0.6037126962993467,0.9999999999999999,0.9999999999999998,0.9999999999999999,9.209016190872656,4.614389422506337,7.352271958908734,0.11251963106445773,4.6143894225063375,7.643353288396513,10.863338512776695,0.014648027313105778,0.027604308566874153,3136.2832700475956,0.0312500008899311,0.21574425949180243,3445.3125,18.099185919971998,3.5739213560649636
OR,12k_Drive_End_OR007@6_0_130.mat,5.854691731421724e-18,0.6113039691701925,0.9999999999999999,0.9999999999999999,0.9999999999999999,9.36914892589235,4.692178664036649,7.4912458680184795,0.0010494039851524227,4.69217866403665,7.675688202067447,10.740015434227725,0.014041884033934903,0.02791752157839182,3169.6286881644537,0.03125000029283918,0.24864316479187865,3445.3125,24.43274977852911,4.092779789708537
OR,12k_Drive_End_OR007@6_0_130.mat,-2.8189256484623115e-18,0.6156295029790002,0.9999999999999999,0.9999999999999999,0.9999999999999999,9.018214444530612,4.5298167086514205,7.2564049938258375,-0.05213894352969328,4.529816708651421,7.358024082231058,10.282879372993474,0.014054805996439216,0.027911067294936465,3207.4339314641984,0.03125004398620929,0.27727246569305597,3445.3125,33.47618698817314,4.751062856909856
OR,12k_Drive_End_OR007@6_0_130.mat,2.3418766925686896e-17,0.610843748296855,1.0,1.0,1.0,9.325911058089225,4.683694964975228,7.746881232444995,-0.054130015528331465,4.683694964975228,7.6675827133112735,10.73232524402526,0.014049362391188086,0.0279137585775225,3176.5350244939036,0.031250000024370256,0.24481222368789687,3445.3125,23.19621665738484,3.9791851173992114
OR,12k_Drive_End_OR007@6_0_130.mat,-6.5052130349130266e-18,0.6155149792831045,1.0,1.0000000000000002,1.0,8.840618425690966,4.517559012349247,7.698808461965291,-0.04243159549317578,4.517559012349247,7.339478590124462,10.197737675404245,0.014085037577063482,0.027895822022801598,3209.19442056318,0.03125004271797261,0.24056813884393605,3445.3125,24.12147528969116,4.1558645107931085
OR,12k_Drive_End_OR007@6_0_130.mat,1.1058862159352145e-17,0.6135722642355121,1.0,1.0,1.0,8.671275203944298,4.432280171018677,7.455898396846148,0.04405768027018949,4.432280171018677,7.223729671909356,10.051635504472161,0.014126321901419294,0.027874915421635907,3183.451809316737,0.03125002208360617,0.23853133780112507,3445.3125,22.94280186486714,3.999380027861185
OR,12k_Drive_End_OR007@6_0_130.mat,6.505213034913027e-19,0.6083002949880048,0.9999999999999999,0.9999999999999999,0.9999999999999999,8.866165786556149,4.477480243955197,7.289739198350532,0.029573604081562167,4.477480243955198,7.360641250459183,10.356222681813234,0.013955119251043204,0.02796099378828202,3171.0043952510173,0.031250000431026916,0.25167614219460105,3445.3125,24.835719395482805,4.11686025666093
OR,12k_Drive_End_OR007@6_0_130.mat,5.854691731421724e-18,0.6146339967496534,0.9999999999999999,0.9999999999999998,0.9999999999999999,9.223910023887964,4.8520420345365,7.209039642570131,0.023438467702941522,4.852042034536501,7.894197294968026,11.08117959659737,0.01439919120089761,0.02773492031610645,3207.3287884995657,0.031250000194892505,0.24483272349761775,3445.3125,22.400474169094654,3.895404914956119
OR,12k_Drive_End_OR007@6_0_130.mat,2.6020852139652106e-18,0.6100925774927457,1.0,1.0,1.0,9.728116881386313,5.150774173665905,7.8136906827373185,0.10961296628542588,5.150774173665905,8.442610783487446,11.777340283248236,0.013747979861563748,0.028063420185940793,3186.6797811671313,0.03125000004490611,0.24260407180730476,3445.3125,23.70019498375898,4.146022592501726
OR,12k_Drive_End_OR007@6_0_130.mat,7.37257477290143e-18,0.6127714085871276,0.9999999999999999,0.9999999999999999,0.9999999999999999,8.859376516129245,4.51581766535969,7.234505536973337,0.09819272998904097,4.515817665359691,7.36949799236203,10.272206840193432,0.014361533864828632,0.027754455961977953,3179.308053052031,0.031250015691131956,0.2727069114093622,3445.3125,32.3050501262753,4.661247749748457
OR,12k_Drive_End_OR007@6_0_130.mat,-2.168404344971009e-19,0.609504719406608,1.0,1.0000000000000002,1.0,9.372483281790164,5.002949149222222,7.320512263381872,0.09277040780763618,5.002949149222222,8.208220527140323,11.558716482409352,0.013993716074546731,0.02794169663732865,3185.59111332062,0.03125000000876049,0.23229216691854854,3445.3125,20.631318486394363,3.793662589509515
OR,12k_Drive_End_OR007@6_0_130.mat,2.8189256484623115e-18,0.6094803369435728,1.0,1.0,1.0,9.894967048101115,5.377863790984714,7.555486364473629,0.09647487974556285,5.377863790984714,8.823687106878083,12.401477358554342,0.014723048760349099,0.02756437288818324,3202.5603829663596,0.03125000508029444,0.22003060173225386,3445.3125,17.481593191625684,3.463327455192898
OR,12k_Drive_End_OR007@6_0_130.mat,1.5178830414797062e-18,0.6105712262614873,1.0,1.0,1.0,9.047476787350305,4.779323427750254,7.398176146491815,0.11909808694932034,4.779323427750254,7.827626363944358,10.983734888327565,0.014505255462006317,0.027679633757657526,3195.03377997088,0.031250032975600486,0.2379913312568377,3445.3125,23.550037559060268,4.131252116580256
OR,12k_Drive_End_OR007@6_0_130.mat,-1.8648277366750676e-17,0.607207129759381,1.0,1.0000000000000002,1.0,8.739792616103944,4.594157011316201,7.526798886819711,0.05359879549386744,4.594157011316201,7.566045894646751,10.635999875474337,0.014212643230570024,0.027830979174067193,3186.7819456621914,0.031250002070189214,0.269112434539827,3445.3125,31.82541796085289,4.616462579321581
OR,12k_Drive_End_OR007@6_0_130.mat,-1.431146867680866e-17,0.6158447987917284,1.0,1.0,1.0,8.726067801032432,4.648538645090514,6.826038476056725,0.03690597064646159,4.648538645090514,7.5482307461406295,10.601530581247895,0.014738782293619326,0.027555978172962396,3185.3392669869445,0.031250018185074495,0.2415011028508347,3445.3125,22.72834990674516,3.9077682973018675
OR,12k_Drive_End_OR007@6_0_130.mat,1.734723475976807e-18,0.6058847444959234,0.9999999999999999,0.9999999999999999,0.9999999999999999,9.71106854579206,5.173637035171034,7.5392171476625816,0.1227621080373678,5.173637035171035,8.538978877039284,12.059134399421662,0.014953186171690776,0.027440202756362646,3180.7285743932903,0.031250000063928585,0.21111873343132578,3445.3125,16.78970263520979,3.4084911130455264
OR,12k_Drive_End_OR007@6_0_130.mat,-4.553649124439119e-18,0.6101716288277876,1.0,1.0,1.0,9.909364785486211,5.279335084134974,7.993561910447269,0.1396719765136672,5.279335084134974,8.652213303127851,12.046238716757781,0.014343512336107107,0.027763757046719652,3182.4216944924297,0.0312500008237653,0.2596211006349733,3445.3125,28.396077025330538,4.402415239697215
OR,12k_Drive_End_OR007@6_0_130.mat,-3.469446951953614e-18,0.6105286614231155,0.9999999999999999,0.9999999999999998,0.9999999999999999,8.658005947245455,4.613776987338097,7.241775540214894,0.07765002607535168,4.613776987338098,7.5570194797793535,10.60952321787847,0.014781464667782605,0.02753314283029176,3201.0864914530484,0.03125005042936974,0.27369427829169385,3445.3125,33.205423245320105,4.671254817475362
OR,12k_Drive_End_OR007@6_0_130.mat,1.951563910473908e-18,0.6051999673934623,1.0,1.0,1.0,8.524444094144211,4.3863652372774755,7.130705055821331,0.09031093877199672,4.3863652372774755,7.2477949002031945,10.30556648989703,0.014359698885712651,0.027755388089982028,3186.4705760825577,0.03125000032182165,0.2389315264576717,3445.3125,22.524211633487305,3.882844175292721
OR,12k_Drive_End_OR007@6_0_130.mat,-2.0816681711721685e-17,0.611337977199438,1.0,1.0,1.0,8.746927491545659,4.5500671113527655,6.8397645308553,0.08122378941898989,4.5500671113527655,7.4428013325735,10.577171084011635,0.01523551195564481,0.02728452468571668,3239.8607474748123,0.03125005778996382,0.2190890798721156,3445.3125,18.70765686741048,3.605979470975987
OR,12k_Drive_End_OR007@6_0_130.mat,-6.938893903907228e-18,0.5988625599609816,0.9999999999999999,0.9999999999999998,0.9999999999999999,9.403515734765403,4.897408170363534,7.964903323081752,0.04974534657688595,4.897408170363535,8.177849973928277,11.59162361016904,0.013957587196765637,0.02795976235901028,3200.404097058882,0.03125000082444229,0.26327106413895207,3445.3125,30.11214108991943,4.5413709803259374
OR,12k_Drive_End_OR007@6_0_130.mat,-5.204170427930421e-18,0.601226014049102,1.0,1.0000000000000002,1.0,8.573027122736573,4.408126424033969,7.561138138105279,0.027736355916541642,4.408126424033969,7.331895694842569,10.38532573564933,0.013441251253885272,0.028211617447926007,3176.151009863823,0.03125000150877109,0.29633680963376574,3445.3125,41.5671264750009,5.351910752836327
OR,12k_Drive_End_OR007@6_0_130.mat,1.691355389077387e-17,0.6066236634495907,1.0,1.0,1.0,8.362409884876275,4.213006790911974,7.132012779810843,0.0026934065947930887,4.213006790911974,6.945008981276028,9.908824523499382,0.014815365700108319,0.027514859797070308,3173.016636276413,0.03125000112768609,0.23785761069277436,3445.3125,21.68131421698805,3.827105037500299
OR,12k_Drive_End_OR007@6_0_130.mat,-1.474514954580286e-17,0.6050871151667191,1.0,1.0,1.0,8.655614947228152,4.474920188060326,7.58926733143358,0.01711232260685736,4.474920188060326,7.395497401770579,10.510973453098893,0.014907338041309988,0.027465137406215544,3209.226257642179,0.031250000003523015,0.2130743246769987,3445.3125,17.366711658957257,3.447595610094328
OR,12k_Drive_End_OR007@6_0_130.mat,-9.107298248878237e-18,0.6014396221778135,1.0,1.0,1.0,8.615972972621275,4.546156632741569,7.545213102707533,0.014558394760000027,4.546156632741569,7.558791381718303,10.767297405783752,0.014950128114550706,0.0274419567161412,3192.893693151374,0.03125007710473762,0.2618519364319901,3445.3125,27.521287333116646,4.290132888331755
OR,12k_Drive_End_OR007@6_0_130.mat,-8.673617379884035e-18,0.5957984780625127,1.0,1.0,1.0,9.009273581323512,4.5998735650491245,7.709837705386301,0.02931123182193642,4.5998735650491245,7.720519159443865,11.116158436786721,0.013329700475331153,0.028264493497657042,3177.3402043763554,0.031250000119058256,0.298142318501304,3445.3125,43.02230649822894,5.468996421269638
OR,12k_Drive_End_OR007@6_0_130.mat,-3.0357660829594124e-18,0.6106322152667604,0.9999999999999999,0.9999999999999999,0.9999999999999999,9.248790249385937,4.743366693826111,7.54186242058792,0.05834596674061227,4.743366693826112,7.767960116146062,10.988559137247394,0.015153540835217473,0.027330142728527688,3207.170448344529,0.031250064022435194,0.22954276933450762,3445.3125,19.263084948546737,3.5724170327420306
OR,12k_Drive_End_OR007@6_0_130.mat,8.673617379884035e-18,0.6111280387532136,1.0,1.0000000000000002,1.0,8.82244332195202,4.455380979558,7.471816458731728,0.027127710880807322,4.455380979558,7.290421478038543,10.265304146484409,0.015208936219271819,0.027299388448161172,3232.2698259703557,0.03125009360890738,0.21682280247950053,3445.3125,18.271128639802086,3.557683085421736
OR,12k_Drive_End_OR007@6_0_130.mat,1.0842021724855044e-18,0.6034241480436736,0.9999999999999999,0.9999999999999999,0.9999999999999999,9.45933316170344,4.819880070804931,7.707473450464484,-0.03609627437870825,4.819880070804932,7.987549199731539,11.323133232594056,0.014020253848170286,0.027928390911336788,3172.426335156019,0.03125000058981717,0.2415913940377544,3445.3125,22.36550689039721,3.9252926953706275
OR,12k_Drive_End_OR007@6_0_130.mat,-1.0625181290357943e-17,0.6089106578327264,1.0,1.0,1.0,9.572136187012683,4.8534984392014175,7.713415336063122,-0.011186603611342364,4.8534984392014175,7.970789108005268,11.259130834853142,0.013540126685971281,0.02816435084795202,3216.4248173908977,0.031250051029697336,0.3009949900805479,3445.3125,45.044483125376,5.603848932447096
OR,12k_Drive_End_OR007@6_0_130.mat,5.204170427930421e-18,0.6076832754679514,1.0,1.0,1.0,10.025501055486746,5.083453967021863,7.971366178311224,0.04259631351660277,5.083453967021863,8.365301748854794,11.815913996773032,0.014448767514093564,0.027709125594681312,3185.131262785736,0.03125000038237038,0.23794593987974336,3445.3125,20.056316489223054,3.6469211445381027
OR,12k_Drive_End_OR007@6_0_130.mat,-6.071532165918825e-18,0.6115441310278271,1.0,1.0,1.0,9.447187253792912,4.796198682228456,7.590500166140509,0.05517039276773635,4.796198682228456,7.842767903221386,11.033745300084181,0.014491392011020923,0.027686872606362455,3212.95579726648,0.03125001371420539,0.2335307925168206,3445.3125,20.18815144987185,3.710466042605677
OR,12k_Drive_End_OR007@6_0_130.mat,-4.336808689942018e-18,0.6007986344427227,0.9999999999999999,0.9999999999999998,0.9999999999999999,9.791969153730925,5.014007834665508,8.15225010733721,0.04883209463068429,5.014007834665509,8.345571289981883,11.735953363050502,0.014047998368934826,0.027914448123249388,3186.686816050149,0.031250002755186704,0.24064321141590747,3445.3125,21.904247533988208,3.8963511471280716
OR,12k_Drive_End_OR007@6_0_130.mat,-8.456776945386935e-18,0.5996726899421168,1.0000000000000002,1.0000000000000004,1.0000000000000002,9.50296652675795,5.0163594467872255,8.421662255453526,0.11780041990927892,5.016359446787225,8.36516241430209,11.763430920562138,0.013500870901337964,0.02818313400244303,3145.2839689442394,0.031250000916708064,0.2777414431331243,3445.3125,36.530449201165794,4.997784644084912
OR,12k_Drive_End_OR007@6_0_130.mat,-8.673617379884035e-18,0.6090970934630715,1.0,1.0,1.0,9.124145960640506,4.733362262446509,7.395854904151522,0.09619890366961203,4.733362262446509,7.771112870584538,11.011335948989688,0.015216162269205656,0.02729527342501168,3163.645688226175,0.031250016728778675,0.24635421375250147,3445.3125,22.804466980717926,3.8429993056602254
OR,12k_Drive_End_OR007@6_0_130.mat,-1.6479873021779667e-17,0.6074746291669564,1.0,1.0,1.0,9.347254883248468,4.906766681294507,7.331748990294075,0.10921946683969817,4.906766681294507,8.077319522007473,11.416756239828842,0.014404325096625974,0.027732254266862252,3198.7097169549324,0.03125000013137901,0.22511778655787038,3445.3125,19.316100999338843,3.6370093427739985
OR,12k_Drive_End_OR007@6_0_130.mat,1.3010426069826053e-18,0.6087547978139738,1.0,1.0,1.0,9.225429186584776,4.841549019169556,7.620944812440904,0.0975253652906264,4.841549019169556,7.953200593334889,11.184298598737527,0.014460428350792283,0.027703091727446734,3169.5466407427502,0.03125004446953196,0.2615876368233971,3445.3125,26.990031721377747,4.279517119786944
OR,12k_Drive_End_OR007@6_0_130.mat,-1.2793585635328952e-17,0.5940168224269204,0.9999999999999999,0.9999999999999999,0.9999999999999999,8.82634374037921,4.4855825620206495,8.339024063314413,0.06249916227398113,4.48558256202065,7.551271938216014,10.713328685292279,0.013038755679333417,0.02839988299456944,3141.193901767109,0.03125000006032934,0.2955252477167904,3445.3125,41.51783891571078,5.38044517899486
OR,12k_Drive_End_OR007@6_0_130.mat,-1.5612511283791264e-17,0.6006050747390832,1.0,1.0,1.0,9.00608727586269,4.526142655688695,7.786649202444304,0.09818532599611793,4.526142655688695,7.535971382950695,10.718304296155939,0.014959704604978639,0.027436653526131356,3173.4184687522993,0.03125000349729893,0.22297413454595627,3445.3125,17.802766715676892,3.412998186013786
OR,12k_Drive_End_OR007@6_0_130.mat,-1.1926223897340549e-17,0.6156275503212625,1.0,1.0,1.0,8.84121962658747,4.4441993829879,6.9052999113300455,0.06670236498770873,4.4441993829879,7.218974168178008,10.188155104857767,0.014500637358893263,0.027682034636136686,3195.3935028525925,0.03125001640656213,0.22935437110003976,3445.3125,20.531325635668505,3.8078486986851234
OR,12k_Drive_End_OR007@6_0_130.mat,-8.023096076392733e-18,0.6073058967086629,0.9999999999999999,0.9999999999999998,0.9999999999999999,9.93817475524869,5.0582343183244225,7.946736042368551,0.008071590744255789,5.058234318324423,8.328972838462265,11.656438899909306,0.014060542170488471,0.027908133248570208,3201.8749423371046,0.031250003960768304,0.25844591691116653,3445.3125,25.255023537832688,4.136492019099308
OR,12k_Drive_End_OR007@6_0_130.mat,-1.0842021724855044e-18,0.5945460412858337,1.0,1.0,1.0,9.785643405364706,4.982014602005563,8.43421345360353,0.031242264867384278,4.982014602005563,8.379526993789893,11.9060624328071,0.013684143071015734,0.028094615654085185,3179.0677225483087,0.031250011205418725,0.2955736078535059,3445.3125,37.45107852855975,5.030934527297151
OR,12k_Drive_End_OR007@6_0_130.mat,-1.1275702593849246e-17,0.599522261407735,1.0,1.0000000000000002,1.0,9.167945423423019,4.628253880913095,7.846924954794217,0.08404450404822805,4.628253880913095,7.71990329440898,11.011898922254009,0.014678581544629324,0.027588073048698265,3169.308591305728,0.0312500004912423,0.22752080548421477,3445.3125,18.329313454976866,3.4700983811325057
OR,12k_Drive_End_OR007@6_0_130.mat,4.336808689942018e-18,0.6183485991843016,0.9999999999999999,0.9999999999999998,0.9999999999999999,8.84519080963523,4.47726421744627,7.233703550032998,0.06133318680071762,4.477264217446271,7.2406798096615415,10.12788372440089,0.014117589406531038,0.027879317542802262,3165.758096503846,0.03125000283686066,0.2220546872952756,3445.3125,18.766364214331027,3.6526163478191163
OR,12k_Drive_End_OR007@6_0_130.mat,1.973247953923618e-17,0.6040558202105804,1.0,1.0,1.0,8.868711731187599,4.5536598813975395,7.5352837434453175,0.04400061020045056,4.5536598813975395,7.538475301521116,10.64860196293565,0.014432681733996743,0.0277175781603369,3231.782436260712,0.03125006305768403,0.2686670594478116,3445.3125,29.004183006167178,4.422549768261097
OR,12k_Drive_End_OR007@6_0_130.mat,-1.3877787807814457e-17,0.5889656880967102,1.0,1.0,1.0,9.286799064500748,4.7162685650246265,8.325163844313831,0.041495010023415324,4.7162685650246265,8.007713624652101,11.410831993790444,0.014090838039012678,0.027892848573625412,3159.0525840716678,0.03125000349108595,0.25278842610322066,3445.3125,25.362858179943938,4.119613325129137
OR,12k_Drive_End_OR007@6_0_130.mat,-7.15573433840433e-18,0.6062816534470787,1.0,1.0,1.0,8.428943124741451,4.281406967313966,6.7564002799939615,0.01608714316047892,4.281406967313966,7.061745878291998,10.10053353129603,0.014506561669557431,0.027678954290147214,3180.498269177045,0.031250037473077245,0.22395533254926278,3445.3125,17.426246686394034,3.4657392188274305
OR,12k_Drive_End_OR007@6_0_130.mat,-1.0625181290357943e-17,0.6098703840474613,0.9999999999999999,0.9999999999999998,0.9999999999999999,8.247206285880353,4.165401167498455,6.695670330631191,0.009664086055280331,4.165401167498456,6.8299777730710325,9.731370534482311,0.014121147094474665,0.027877513345111397,3164.4941544889625,0.03125000072913046,0.22106278847471617,3445.3125,19.94640770975502,3.7365925906234616
OR,12k_Drive_End_OR007@6_0_130.mat,2.168404344971009e-18,0.5991845607506702,1.0,1.0000000000000002,1.0,9.567108261320637,5.099941156264925,8.004977566373697,0.05674351305194282,5.099941156264925,8.51146957103771,12.122292245667515,0.01419355889464628,0.027840726821138577,3195.4932345728844,0.031250010944399005,0.2619390489101338,3445.3125,27.459428549718325,4.287565253652001
OR,12k_Drive_End_OR007@6_0_130.mat,-1.734723475976807e-18,0.5871484238176374,1.0,1.0000000000000002,1.0,9.385314836946005,4.975943317599005,8.572694520519153,0.08560657836256169,4.975943317599005,8.474762284543718,12.253550762826473,0.014596031937299702,0.0276318411595125,3101.0487777305275,0.031250004706866875,0.2800840478153568,3445.3125,35.25566292319072,4.916416871357154
OR,12k_Drive_End_OR007@6_0_130.mat,1.1275702593849246e-17,0.6024583364651332,0.9999999999999999,0.9999999999999999,0.9999999999999999,8.978844850452095,4.523544972978326,7.742702374178577,0.0403076209543883,4.523544972978327,7.508477680829838,10.726665571147281,0.014081183508639336,0.02789772162554409,3166.657319924699,0.031250001614405186,0.253835157717223,3445.3125,23.420680460156234,3.94259337366547
OR,12k_Drive_End_OR007@6_0_130.mat,7.37257477290143e-18,0.6226950646463991,1.0,1.0,1.0,9.086554100089788,4.579914719066545,6.945798049642414,0.061541017379042204,4.579914719066545,7.354987985439189,10.261376161266334,0.014361108740432754,0.027754664480635502,3123.3678090088256,0.03125000551499446,0.2548590384278088,3445.3125,26.150208468671156,4.285053081470735
OR,12k_Drive_End_OR007@6_0_130.mat,1.5829351718288365e-17,0.6053169128618172,1.0,1.0,1.0,8.726105267224394,4.4337765842120085,7.569902369091016,0.025243278827132835,4.4337765842120085,7.324719481651355,10.343385757262157,0.013839305175492169,0.028018497848146362,3195.20048096023,0.03125000143051175,0.2679127489272074,3445.3125,28.284589844240074,4.3764888883953645
OR,12k_Drive_End_OR007@6_0_130.mat,-6.938893903907228e-18,0.5921446860918741,1.0,1.0,1.0,8.646167341001245,4.427366664312256,7.764629955934707,0.0481862354582078,4.427366664312256,7.476832551741127,10.805824579300156,0.013875789666134643,0.028000446203670402,3169.3332860886408,0.031250000423415185,0.25559228922633026,3445.3125,24.02091033780067,4.061857710428866
OR,12k_Drive_End_OR007@6_0_130.mat,-5.421010862427522e-18,0.6035391854406786,1.0,1.0,1.0,8.714043403477584,4.482317847191923,7.356347108585149,0.1135720527759438,4.482317847191923,7.426722167043926,10.602911387840349,0.01465748353882423,0.027599421591594522,3206.5799579624895,0.031250118333879584,0.23663586585604424,3445.3125,20.38524153055633,3.7487798468155304
OR,12k_Drive_End_OR007@6_0_130.mat,-8.673617379884035e-18,0.6144134932781,1.0,1.0,1.0,9.178793208568804,4.721145978666022,7.433204806569364,0.06153544821239301,4.721145978666022,7.683988112756347,10.705392907294472,0.01343510015066159,0.028214545610214085,3168.2564054750615,0.03125000000078653,0.23645968330985936,3445.3125,22.206489444169662,4.033862161103554
OR,12k_Drive_End_OR007@6_0_130.mat,4.336808689942018e-18,0.6101593059365009,0.9999999999999999,0.9999999999999999,0.9999999999999999,9.179782390635003,4.610498607588805,7.357168396303498,0.03114157188385403,4.610498607588806,7.5562210765799875,10.667574815073019,0.014954198354619742,0.027439817994289992,3199.6652403235576,0.03125014655948149,0.2825734414342639,3445.3125,34.84950538123442,4.815343448075158
OR,12k_Drive_End_OR007@6_0_130.mat,-1.214306433183765e-17,0.5976224633343032,1.0,1.0000000000000002,1.0,9.225559684977153,4.63237960680472,7.852936843296779,0.01864808638778737,4.63237960680472,7.751347867614238,11.055313203132243,0.013568090020007709,0.02815083463258939,3169.6751473491845,0.03125000091683882,0.2565267615014365,3445.3125,24.825212311444105,4.149634837758542
OR,12k_Drive_End_OR007@6_0_130.mat,4.336808689942018e-18,0.6123861119916117,1.0,1.0000000000000002,1.0,8.8652107957512,4.440695550148229,7.67977151333233,0.0010458955854506236,4.440695550148229,7.251463518181575,10.128604465781208,0.014503463875194104,0.02768054492341686,3148.5094129709905,0.031250008506180586,0.225786813807547,3445.3125,19.54443239528131,3.7037372850593293
OR,12k_Drive_End_OR007@6_0_130.mat,1.3227266504323154e-17,0.6122430535451635,1.0,1.0,1.0,9.044106249846848,4.532465570629567,7.728622652803816,0.007029229766876248,4.532465570629567,7.403049400698867,10.318575301644817,0.013671929631881295,0.02810059278215673,3203.996208005349,0.03125003959305832,0.23902298841064853,3445.3125,23.085138339465395,4.120755288404904
OR,12k_Drive_End_OR007@6_0_130.mat,6.288372600415926e-18,0.602826394585945,1.0,1.0,1.0,9.194700970110933,4.6193003099880565,7.768775787067201,-0.049421386199255374,4.6193003099880565,7.662737317865537,10.845793817580832,0.013179949085612508,0.02833463328153407,3175.135134075768,0.03125000001757369,0.2901285012599088,3445.3125,38.24974592117656,5.1502988374608725
OR,12k_Drive_End_OR007@6_0_130.mat,5.854691731421724e-18,0.6037869166025033,0.9999999999999999,0.9999999999999998,0.9999999999999999,8.897822946808255,4.471001908914087,7.362105140725483,-0.03983094091781217,4.471001908914088,7.404933406096847,10.551970610723778,0.014093331650428087,0.027891589697432193,3191.460265601938,0.03125000436574152,0.2266361940903983,3445.3125,19.163902649408342,3.6695834407896806
OR,12k_Drive_End_OR007@6_0_130.mat,-8.131516293641283e-18,0.6048677316351565,0.9999999999999999,0.9999999999999999,0.9999999999999999,9.00797985853852,4.870553235755981,7.73918424532926,0.11253017604781033,4.870553235755982,8.052261645019934,11.341341910589898,0.014207619363147168,0.02783354185244907,3162.430104411969,0.03125000000032173,0.20301977837437252,3445.3125,17.943529592247387,3.577857767353592
OR,12k_Drive_End_OR007@6_0_130.mat,4.119968255444917e-18,0.6124296164136329,1.0,1.0,1.0,8.780340739563382,4.747544550189707,7.349303880988517,0.0990663960002485,4.747544550189707,7.751983938972721,10.912256042631155,0.013903294169203424,0.027986858000817624,3186.7358530878705,0.031250052952168504,0.26250530433559216,3445.3125,28.231486785468316,4.452720690049837
OR,12k_Drive_End_OR007@6_0_130.mat,-8.239936510889834e-18,0.6003188390667489,1.0,1.0,1.0,9.287346929733118,4.784715926137419,7.635358305716231,0.06246061034337855,4.784715926137419,7.970291143245982,11.419598293338133,0.013207234538766549,0.028321926820653407,3174.9789189615876,0.03125000132794293,0.28889826067335217,3445.3125,36.99936479385392,5.067826562692195
OR,12k_Drive_End_OR007@6_0_130.mat,2.2768245622195593e-18,0.6004177223250339,1.0,1.0000000000000002,1.0,9.382556127077224,4.833820649611742,7.866867377499329,0.08615677741391173,4.833820649611742,8.05076277711032,11.505435017559453,0.014383897237249093,0.02774285688296041,3197.2115398638225,0.031250001724162604,0.2318861399365646,3445.3125,18.598249207556776,3.5431883486075852
OR,12k_Drive_End_OR007@6_0_130.mat,-4.336808689942018e-18,0.6073018908647916,1.0,1.0,1.0,9.131303829976481,4.796537761054294,7.669088060721135,-0.02852611076821286,4.796537761054294,7.898111027159942,11.216990829996613,0.014248323916437468,0.027812740323282275,3142.0822729425386,0.031250012139486534,0.21718964787566075,3445.3125,19.733952035176376,3.8080792088666997
OR,12k_Drive_End_OR007@6_0_130.mat,-5.204170427930421e-18,0.6083148377260521,1.0,1.0000000000000002,1.0,9.309396694200188,4.891166308627299,7.596579345515493,-0.04008743037095438,4.891166308627299,8.040517845842816,11.354863321852848,0.013176048748337207,0.02833644728632534,3156.074652890023,0.031250000086868054,0.2756221096910062,3445.3125,32.35244439517055,4.748913044195302
OR,12k_Drive_End_OR007@6_0_130.mat,-1.5612511283791264e-17,0.6198084603771967,1.0,1.0000000000000002,1.0,8.640177786981333,4.442093683438628,6.981130964449445,0.07655025891395464,4.442093683438628,7.166881330944247,10.036001916478249,0.013178518683771722,0.02833530996307817,3168.984340057359,0.03125001032643409,0.3072771151720486,3445.3125,45.05599815792699,5.644604735592648
OR,12k_Drive_End_OR007@6_0_130.mat,3.7947076036992655e-18,0.6007910835446991,1.0,1.0,1.0,8.976822543889476,4.614755656913242,7.795494058774038,0.07285792896642121,4.614755656913242,7.681132066218326,10.875373323992884,0.014445189592490698,0.027710990784069803,3208.806723545395,0.03125000020156485,0.2379327577436809,3445.3125,19.62793413572556,3.5983611845667025
OR,12k_Drive_End_OR007@6_0_130.mat,1.3335686721571705e-17,0.6004542453221235,1.0,1.0,1.0,9.106741563895554,4.693956081378633,7.808815282134318,0.06458185821817991,4.693956081378633,7.817341817377747,11.003596027358022,0.013775645066784867,0.028049851762036147,3177.244512024667,0.03125000129405176,0.22620822871948007,3445.3125,20.517104788636132,3.8506945856719392
OR,12k_Drive_End_OR007@6_0_130.mat,-6.7220534694101275e-18,0.6099855259990399,1.0,1.0000000000000002,1.0,8.542427603573417,4.403816614411224,7.090185638339581,0.08372748458942361,4.403816614411224,7.219542803410971,10.22512020199155,0.01365791747894852,0.028107378772644517,3160.0610185873893,0.03125001522128709,0.28341099795699937,3445.3125,34.4655393850867,4.890256121172205
OR,12k_Drive_End_OR007@6_0_130.mat,-4.336808689942018e-19,0.6047061581631625,1.0,1.0,1.0,8.642662664752919,4.337093573281508,7.209169063834533,-0.002399763566451392,4.337093573281508,7.172233182568761,10.308140654402454,0.013007723930067041,0.028414110127161118,3173.9574472985246,0.03125000057854846,0.29398347202814606,3445.3125,40.80478928908572,5.319607727599435
OR,12k_Drive_End_OR007@6_0_130.mat,1.2793585635328952e-17,0.606443116546598,1.0,1.0,1.0,9.282393532967603,4.7324615153469916,7.3072447640244995,0.05618871024985182,4.7324615153469916,7.803636295348004,11.229426239005758,0.014876406524203419,0.027481917007846763,3191.933869736097,0.03125001173599042,0.24081402223563567,3445.3125,20.44720212152408,3.685792320155379
OR,12k_Drive_End_OR007@6_0_130.mat,1.0191500421363742e-17,0.6007533215898155,1.0,1.0,1.0,9.370538815490008,4.778528080771132,7.790171489650374,0.14783589962523822,4.778528080771132,7.954226650175447,11.368615430547496,0.014053673179525434,0.027911588611708643,3187.0012501340157,0.03125000013865882,0.21798390780578192,3445.3125,19.153262831492587,3.689982319831974
OR,12k_Drive_End_OR007@6_0_130.mat,0.0,0.6130567011524559,1.0,1.0,1.0,9.10175915870636,4.696926275722775,7.435233815942725,0.06201651735367359,4.696926275722775,7.661487537601739,10.733568869667764,0.013988156972599171,0.027944481507301642,3178.089858687535,0.031250001315231944,0.2707173146179464,3445.3125,29.288127237882886,4.402540831088441
OR,12k_Drive_End_OR007@6_0_130.mat,-4.553649124439119e-18,0.6133884490434792,1.0,1.0,1.0,9.350278945413052,4.826576607092639,7.544239824185869,0.0972367581234721,4.826576607092639,7.868711278504224,11.016375379681207,0.0131155160257869,0.028364531454955638,3193.3896393518326,0.031250014484506095,0.29614926784665696,3445.3125,40.94005208095032,5.355804566774591
OR,12k_Drive_End_OR007@6_0_130.mat,1.734723475976807e-18,0.6024024071345342,0.9999999999999999,0.9999999999999998,0.9999999999999999,9.236782129752333,4.819931776399645,8.061669691158787,0.06579665244135076,4.819931776399646,8.00118279627527,11.321976177104384,0.014663808111232624,0.027595928179095414,3206.2943052959877,0.0312500003262215,0.22796530163265627,3445.3125,18.47844455017417,3.53011610329398
OR,12k_Drive_End_OR007@6_0_130.mat,2.3852447794681098e-18,0.6079299827118756,0.9999999999999999,0.9999999999999999,0.9999999999999999,9.110505963210906,4.789755053597798,7.775250990513061,0.0187021082743365,4.789755053597799,7.878793923325658,11.077801544952145,0.014029066499055366,0.02792396450019004,3182.9952883123465,0.031250000003884656,0.24273486528016913,3445.3125,23.285775969249567,4.062330804689806
OR,12k_Drive_End_OR007@6_0_130.mat,-1.1492543028346347e-17,0.6078077514610944,1.0,1.0,1.0,9.231057232508652,4.853380998976994,7.537256453056003,0.10741468274236829,4.853380998976994,7.98505939963758,11.226092237353804,0.013894584222915814,0.02799112411712333,3148.2929463089404,0.031250000001086464,0.27196337766115714,3445.3125,30.207873505268406,4.493013819500606
OR,12k_Drive_End_OR007@6_0_130.mat,5.421010862427522e-18,0.6017124218753962,1.0,1.0,1.0,8.51830235201371,4.307332316239571,7.619688668494151,0.13352834345091685,4.307332316239571,7.158456697328316,10.155009082455,0.013864392174701335,0.02800610711167845,3215.3048787773623,0.031250014494792255,0.26997160874140125,3445.3125,32.93467435809171,4.72194944068848
OR,12k_Drive_End_OR007@6_0_130.mat,2.168404344971009e-19,0.5961300877587661,1.0,1.0,1.0,9.330509482410545,4.7179456213667965,7.729498801331199,0.1767204558257907,4.7179456213667965,7.914288706856869,11.328190749827991,0.015773722516778256,0.02697708647275946,3237.4961339367815,0.03125017626502383,0.23025514198058034,3445.3125,19.18388290750574,3.563106786226351
OR,12k_Drive_End_OR007@6_0_130.mat,1.3444106938820255e-17,0.6066100025476511,1.0,1.0,1.0,8.778504831887737,4.4381558522055276,7.133109215395304,0.13434579965568572,4.4381558522055276,7.3163248768831455,10.381576980288756,0.013801707572067824,0.028037035655679696,3172.3920346275495,0.031250000004203665,0.2459030662641408,3445.3125,24.061771410575926,4.105253451798735
OR,12k_Drive_End_OR007@6_0_130.mat,-1.691355389077387e-17,0.6202889694324016,1.0,1.0000000000000002,1.0,8.872075341050767,4.604379895101518,6.73517345036212,0.010635064627957727,4.604379895101518,7.422959494692897,10.430123606827635,0.013981953175617682,0.02794765530606846,3202.451302438161,0.03125006322732774,0.27421211187768524,3445.3125,31.268888942752763,4.607665997203181
OR,12k_Drive_End_OR007@6_0_130.mat,-1.0408340855860843e-17,0.6061676788846427,0.9999999999999999,0.9999999999999998,0.9999999999999999,9.862735310580273,5.102333128541846,7.826107261586525,0.03165674436667697,5.102333128541847,8.417362565305714,11.89519962083312,0.0140469356191801,0.027914980005281868,3209.0079043561973,0.031250000143754834,0.25587297126531605,3445.3125,28.595465014159466,4.381743401648941
OR,12k_Drive_End_OR007@6_0_130.mat,1.0842021724855044e-18,0.6063462939270181,1.0,1.0,1.0,8.999867710588743,4.612732068956591,7.897271827747732,0.11759458022553784,4.612732068956591,7.6074218893664005,10.688139867919812,0.014983479972417993,0.02742371070898688,3200.219518660781,0.0312500332981271,0.213225690192735,3445.3125,15.999586273376595,3.316224507847236
OR,12k_Drive_End_OR007@6_0_130.mat,1.1709383462843448e-17,0.6163644696246364,0.9999999999999999,0.9999999999999999,0.9999999999999999,8.681798442931527,4.449740646159535,7.245215479663013,0.07836312447302562,4.449740646159536,7.219333471427076,10.034098912715303,0.01429722319566578,0.027787653164391957,3179.8007859485656,0.03125002815184694,0.2538836048367794,3445.3125,26.408025613900044,4.2569955692588755
OR,12k_Drive_End_OR007@6_0_130.mat,1.8865117801247777e-17,0.6189525414472649,1.0,1.0,1.0,9.73739978031848,5.004296090855139,7.4644038610339996,0.04397763102652184,5.004296090855139,8.085104682103495,11.140421091548756,0.013776379203739496,0.028049489774222273,3168.819478114176,0.03125000000895081,0.26312450656978165,3445.3125,27.76432159417086,4.363375740894782
OR,12k_Drive_End_OR007@6_0_130.mat,2.1250362580715887e-17,0.6111391646621065,0.9999999999999999,0.9999999999999999,0.9999999999999999,9.701418574357877,4.984972446210786,7.4480012365488015,0.10340087394672189,4.9849724462107865,8.1568531922953,11.443146913515294,0.01511725769854366,0.027350167377021083,3144.3279136724127,0.03125001017400228,0.26610504277503483,3445.3125,31.573806104012007,4.588196205967326
OR,12k_Drive_End_OR007@6_0_130.mat,-3.2526065174565133e-18,0.6041289306896747,1.0,1.0,1.0,8.794972677896954,4.454528552594544,7.636078468383062,0.04774317738308992,4.454528552594544,7.3734733205199205,10.410775618289447,0.014854078712796943,0.027493979872214924,3178.1629197721777,0.0312500013379156,0.1962889237829528,3445.3125,15.138119369923267,3.243500842830874
OR,12k_Drive_End_OR007@6_0_130.mat,-4.7704895589362195e-18,0.6184376512950628,0.9999999999999999,0.9999999999999999,0.9999999999999999,8.797969379328073,4.66042218427491,7.177161369592021,0.03471831097033471,4.6604221842749105,7.535799566076832,10.474515198835899,0.014284804653099708,0.027794013908846435,3150.3430865835294,0.03125000565027738,0.2559770369065015,3445.3125,27.740660664008615,4.340901256513787
OR,12k_Drive_End_OR007@6_0_130.mat,1.5829351718288365e-17,0.6152431957341238,1.0,1.0,1.0,9.173693702371072,4.864017689517176,7.290551938737462,0.07441943711983762,4.864017689517176,7.905845563579629,11.008180886673783,0.01377288932486167,0.02805121367889099,3146.613718564628,0.03125000910741771,0.2595544599405976,3445.3125,26.235563890838854,4.266502977538137
OR,12k_Drive_End_OR007@6_0_130.mat,8.890457814381136e-18,0.6093715876928787,1.0,1.0,1.0,9.089349379705219,4.639968616964173,7.459253614700077,0.07870880156913279,4.639968616964173,7.61435011194303,10.651765509647417,0.014157601774694935,0.027859018260553935,3188.943680775477,0.031250001383243534,0.2576891645956109,3445.3125,29.071063294741677,4.3856262646884225
OR,12k_Drive_End_OR007@6_0_130.mat,9.75781955236954e-18,0.6074585779985131,0.9999999999999999,0.9999999999999998,0.9999999999999999,8.999075605783013,4.500705476147241,7.267965646110071,0.024480073291559944,4.500705476147242,7.409073868009906,10.47616855369474,0.01520104575249209,0.02730367572981274,3182.8000166882543,0.031250000005249974,0.2143687096866486,3445.3125,16.639434898577473,3.3756718791567604
OR,12k_Drive_End_OR007@6_0_130.mat,1.7997756063259374e-17,0.6084980890622198,1.0,1.0,1.0,9.106157073137815,4.555590889112499,7.49738818924605,-0.0031077452260180605,4.555590889112499,7.486614947523168,10.545686404556923,0.01386422638885065,0.028006173428827608,3174.446558921485,0.031250000375789955,0.2540512445163584,3445.3125,27.90935372949081,4.351047820723057
OR,12k_Drive_End_OR007@6_0_130.mat,6.5052130349130266e-18,0.6199208353234725,1.0,1.0,1.0,8.820635877018592,4.469479992988927,6.878104215716128,0.04756931315862051,4.469479992988927,7.209759276209467,10.107166449249018,0.014299123663788481,0.027786643623624253,3167.6138611212764,0.03125000002269782,0.2561082997385243,3445.3125,26.39418173686303,4.29968958895685
OR,12k_Drive_End_OR007@6_0_130.mat,1.9949319973733282e-17,0.6085836994225093,1.0,1.0000000000000002,1.0,8.291306265889585,4.311446074949133,7.279637219043319,0.04632344048322995,4.311446074949133,7.084392958668305,9.97778849585574,0.014197184108377465,0.027838866061110825,3192.0834232164407,0.03125000000281014,0.25607482305069995,3445.3125,28.143190734420468,4.314692081561982
OR,12k_Drive_End_OR007@6_0_130.mat,1.474514954580286e-17,0.6035883666285687,1.0,1.0,1.0,9.516474052828428,4.9291932978769815,7.485661416439636,0.08694317138704426,4.9291932978769815,8.16648161297361,11.542679733809388,0.014823282001231987,0.02751061145616885,3198.719313711851,0.031250014911681834,0.21153430018009725,3445.3125,15.921486840712264,3.3048070056914187
OR,12k_Drive_End_OR007@6_0_130.mat,-5.854691731421724e-18,0.610118031042491,1.0,1.0,1.0,9.265146465689462,4.799389364368666,7.135691234035901,0.10344672907500899,4.799389364368666,7.866329333306358,11.152111513470699,0.014108875694462831,0.02788372564638199,3184.58086129864,0.03125000046855207,0.26324148473845393,3445.3125,28.836914812715662,4.4487328942767626
OR,12k_Drive_End_OR007@6_0_130.mat,-1.6046192152785466e-17,0.6111083008862284,1.0,1.0,1.0,9.327191109379637,4.79989901131118,7.6689464890945125,0.014453027789455564,4.79989901131118,7.854416319252044,11.029788724164751,0.013773212168621114,0.028051045835839297,3173.425984547225,0.03125000073481935,0.2558850668016976,3445.3125,26.905909157066006,4.352543772947298
OR,12k_Drive_End_OR007@6_0_130.mat,-1.3660947373317356e-17,0.6106008393966966,0.9999999999999999,0.9999999999999998,0.9999999999999999,9.84381358667206,5.194939955767606,7.684659737876364,0.021333026627021835,5.194939955767607,8.507914861205332,11.999715604691254,0.014822622860865473,0.02751096609037976,3204.289943589255,0.03125001445922028,0.24734683358101756,3445.3125,21.581129926851194,3.741943480787025
OR,12k_Drive_End_OR007@6_0_130.mat,6.288372600415926e-18,0.608230962771741,1.0,1.0,1.0,9.938521964903392,5.245184412557105,7.529897263075468,0.08405943146894702,5.245184412557105,8.623672146933327,12.183445396291562,0.014757242576491062,0.0275460759078082,3183.93710543743,0.031250000102082114,0.20510316447393326,3445.3125,15.045334771176533,3.2250508621873064
OR,12k_Drive_End_OR007@6_0_130.mat,1.431146867680866e-17,0.6147411665788877,1.0,1.0,1.0,8.224299372022845,4.11630261558772,7.225298557305241,0.0719189720801445,4.11630261558772,6.695993109580515,9.344844846098608,0.014355998920898068,0.02775732457234006,3191.7233626421166,0.031250020358890324,0.23409052953678494,3445.3125,22.012695657726663,3.908263101958173
OR,12k_Drive_End_OR007@6_0_130.mat,-8.023096076392733e-18,0.6114694981537911,1.0,1.0000000000000002,1.0,9.314446132588493,4.85585644727588,7.719440027400925,-0.002998688006166088,4.85585644727588,7.941289732255099,11.130253792297848,0.014750777550086032,0.027549607330071703,3189.299052197465,0.03125006083791298,0.2436755577927172,3445.3125,25.079510920184607,4.227021014608721
OR,12k_Drive_End_OR007@6_0_130.mat,-1.0408340855860843e-17,0.6072367341898985,1.0,1.0,1.0,9.929485273958445,5.072321809371486,8.02063585658149,0.051582535063366644,5.072321809371486,8.353120823855232,11.762367714023096,0.014569390937155684,0.027645892827520568,3207.299960546366,0.03125000068016683,0.23529251803227474,3445.3125,19.990722505084392,3.6590741847763786
OR,12k_Drive_End_OR007@6_0_130.mat,-8.673617379884035e-18,0.6202188120840803,0.9999999999999999,0.9999999999999998,0.9999999999999999,9.488408426183902,5.116049219694724,7.6009168435196734,0.18272088406246992,5.116049219694725,8.248781107595885,11.440406074032078,0.015342407942711645,0.027224540046405333,3218.601809808651,0.03125004099547565,0.21190151054380763,3445.3125,16.152854721479724,3.3323689454324814
OR,12k_Drive_End_OR007@6_0_130.mat,2.6020852139652106e-18,0.6104403951568017,1.0,1.0,1.0,8.838200715430357,4.452927371143356,7.462506103166989,0.12670640410207007,4.452927371143356,7.294614521700432,10.229859608336772,0.014456631235626754,0.027705023252337216,3203.2314124715726,0.03125000000152712,0.22973149417456112,3445.3125,20.982817332243627,3.7903013460480723
OR,12k_Drive_End_OR007@6_0_130.mat,-3.2526065174565133e-18,0.6047635265573211,1.0,1.0,1.0,9.748554985494213,5.030719088789685,7.667608782588468,0.04852994159168445,5.030719088789685,8.31848957133307,11.78162381444313,0.013612593499154023,0.028129343142297116,3198.895131308562,0.03125000235824484,0.25083231017234503,3445.3125,25.779471165287216,4.297369582620292
OR,12k_Drive_End_OR007@6_0_130.mat,4.336808689942018e-18,0.5997784652308094,1.0,1.0,1.0,9.785447198087459,5.052116301671854,7.928622453000134,0.006321092560537804,5.052116301671854,8.42330392727201,11.972676697855588,0.015397085002510576,0.027193689338151132,3211.0912072766064,0.03125007146222886,0.2327290040084495,3445.3125,21.48047168554499,3.811058138325721
OR,12k_Drive_End_OR007@6_0_130.mat,-1.1709383462843448e-17,0.5983713063511362,1.0,1.0,1.0,9.588664575591398,4.9859037166208235,8.235323588886429,-0.014044014227563715,4.9859037166208235,8.332457896460356,11.841876445606067,0.014848627834434365,0.0274969231300191,3201.2718733597176,0.03125000048293949,0.19324297053416353,3445.3125,14.036982632665591,3.164524319846468
OR,12k_Drive_End_OR007@6_0_130.mat,-7.806255641895632e-18,0.6065103996803716,0.9999999999999999,0.9999999999999999,0.9999999999999999,9.294696738560997,4.779944335518345,7.414319832654618,-0.02214098239883708,4.779944335518346,7.881059150902203,11.263364854571321,0.015513557168638541,0.027127335518962035,3146.151281297624,0.03125000461412695,0.24501028114864717,3445.3125,24.3441160302139,3.989945808981415
OR,12k_Drive_End_OR007@6_0_130.mat,-1.3444106938820255e-17,0.5985255712958553,1.0,1.0,1.0,9.299556559505987,4.71605267670396,7.396122925492545,0.011802119472937314,4.71605267670396,7.879450608089028,11.321389435614146,0.013516883713315943,0.02817545843667789,3191.5408629152284,0.031250001654980264,0.2527189945284929,3445.3125,25.96040419356237,4.311484438317653
OR,12k_Drive_End_OR007@6_0_130.mat,-3.469446951953614e-18,0.6049944445057598,0.9999999999999999,0.9999999999999999,0.9999999999999999,9.756453456586323,4.948285787260121,7.717328370811522,0.022449464420795893,4.948285787260122,8.17905987765316,11.60260796272424,0.014816313368338094,0.027514379858673752,3201.1375039878108,0.031250027853366565,0.2456854927784681,3445.3125,23.331846202146526,3.912251132411582
OR,12k_Drive_End_OR007@6_0_130.mat,8.456776945386935e-18,0.5987564092163604,1.0,1.0,1.0,9.860865895637513,5.0477101319701845,8.363612646993813,-0.05108924620652193,5.0477101319701845,8.430323340632828,11.979954925316463,0.015283449393959044,0.027257655389598914,3189.90152788076,0.031250017643448424,0.1868098689420802,3445.3125,13.38215189597507,3.082823504258848
OR,12k_Drive_End_OR007@6_0_130.mat,9.540979117872439e-18,0.6059850660080156,0.9999999999999999,0.9999999999999998,0.9999999999999999,9.519842807412765,5.048253546335782,7.893175379575113,0.047279403867997755,5.048253546335783,8.330656693557868,11.733866908060213,0.014356419101351756,0.027757085261000444,3177.0251839149078,0.03125000082560168,0.24690006456671773,3445.3125,25.431011303237096,4.109049273583474
OR,12k_Drive_End_OR007@6_0_130.mat,2.8189256484623115e-18,0.6117225878622325,1.0,1.0,1.0,8.973328189988429,4.756495787779812,6.767053908181919,0.09572586041435172,4.756495787779812,7.775576514841779,11.1031019095662,0.014339360742146205,0.027765921711681064,3165.553774791248,0.03125001879987603,0.238339795027606,3445.3125,22.705799465457886,3.9700045254313916
OR,12k_Drive_End_OR007@6_0_130.mat,-8.673617379884035e-19,0.6052565999756438,0.9999999999999999,0.9999999999999999,0.9999999999999999,9.763411314577551,5.080143229631839,7.533254057400779,0.05900857171099229,5.08014322963184,8.393371059210704,11.956882441505906,0.014347803164315004,0.027761539138378706,3179.8239534437184,0.031250000175578566,0.2500765041884227,3445.3125,25.809546339267875,4.119428612733056
OR,12k_Drive_End_OR007@6_0_130.mat,-1.7672495411513722e-17,0.6059948390217593,0.9999999999999999,0.9999999999999998,0.9999999999999999,9.98636959098108,5.195886922736235,7.7936139212624695,0.006801018046863563,5.195886922736236,8.574143851000136,12.029508324982716,0.01538455586537214,0.027200790920149157,3240.6871764471543,0.031250081373596854,0.21436824041485802,3445.3125,16.831836650436884,3.384797709383031
OR,12k_Drive_End_OR007@6_0_130.mat,3.3610267347050637e-18,0.5986760283206817,1.0,1.0,1.0,8.807179393852149,4.564145798434953,7.744388813544688,0.03438002241468744,4.564145798434953,7.623732340240223,10.813080527503185,0.014333946127644409,0.027768696600328022,3186.021803923835,0.0312500003595405,0.23914645191190387,3445.3125,24.032472353327957,4.0002637799881535
OR,12k_Drive_End_OR007@6_0_130.mat,-9.324138683375338e-18,0.6111442273483939,1.0,1.0000000000000002,1.0,9.166099799911546,4.702135132543936,7.6003792395774,0.018777405502284062,4.702135132543936,7.693986005472646,10.807239242023293,0.013588418174388923,0.028141026876402273,3188.9659193027705,0.03125000003424733,0.2530616892293953,3445.3125,26.750854159492942,4.298219120333424
OR,12k_Drive_End_OR007@6_0_130.mat,6.071532165918825e-18,0.6064229446135257,0.9999999999999998,0.9999999999999997,0.9999999999999998,9.443442199840899,4.84574658769716,7.508376094188048,0.053918343333576216,4.845746587697161,7.990704558161733,11.370354651239348,0.01472638637268817,0.02756260425388574,3238.2958982813816,0.03125001774165922,0.2530080136314559,3445.3125,25.586743814680244,4.129940743520323
OR,12k_Drive_End_OR007@6_0_130.mat,8.673617379884035e-18,0.6003431460767931,1.0,1.0,1.0,9.003170535609906,4.5410568408781575,7.972066501804038,0.14354307924151752,4.5410568408781575,7.564102081540691,10.736263611711333,0.015049462230379194,0.027387519428512797,3224.5619017951867,0.03125000054193241,0.21656988847171263,3445.3125,16.98180925172595,3.3861150448076613
OR,12k_Drive_End_OR007@6_0_130.mat,3.144186300207963e-18,0.605977570949537,1.0,1.0,1.0,8.892759460979374,4.543743039759723,7.494766222151851,0.09093029065246744,4.543743039759723,7.498203328944834,10.616048747951682,0.014755050911817332,0.027547266187417208,3189.9589561459034,0.03125001442896852,0.23733656809977,3445.3125,20.71351681602495,3.740575571861188
OR,12k_Drive_End_OR007@6_0_130.mat,-1.2793585635328952e-17,0.6024850221170699,0.9999999999999999,0.9999999999999998,0.9999999999999999,9.192179622965,4.696361170720273,7.803979057727783,0.07311373117088356,4.696361170720274,7.79498410469649,11.025817419596574,0.013842485543701212,0.02801692568746644,3160.8166960744024,0.031250000496073495,0.2448543713678107,3445.3125,23.41295289186211,4.016549180128602
OR,12k_Drive_End_OR007@6_0_130.mat,-7.15573433840433e-18,0.6132130710431871,0.9999999999999999,0.9999999999999998,0.9999999999999999,10.69192212523506,5.551331486691449,8.271046734826431,-0.027661405784779033,5.55133148669145,9.052859028669468,12.557383257277275,0.014891457374483419,0.027473751137231904,3199.3120379521356,0.03125000006858572,0.23097486819309518,3445.3125,20.11135401311987,3.65103276631037
OR,12k_Drive_End_OR007@6_0_130.mat,2.0816681711721685e-17,0.6036771028059786,1.0,1.0,1.0,10.010642942225546,5.126443872756159,8.438782511114837,-0.02640043650858844,5.126443872756159,8.492029677666595,11.941552514486336,0.0154541693550771,0.02716123210947868,3203.3021956228445,0.031250022082558275,0.21625579525732497,3445.3125,16.450893973157783,3.300124722489486
OR,12k_Drive_End_OR007@6_0_130.mat,4.553649124439119e-18,0.605248380676252,1.0,1.0000000000000002,1.0,9.07425733486822,4.644266067461117,7.67705138740343,0.08754432466713963,4.644266067461117,7.673322582494177,10.847815845146256,0.01430513716886887,0.02778354820009549,3166.493845160526,0.03125000000011493,0.22355604364771886,3445.3125,18.882062027765457,3.6337921453881203
OR,12k_Drive_End_OR007@6_0_130.mat,4.119968255444917e-18,0.6170849194712594,1.0,1.0,1.0,8.699905851492712,4.575319899109251,7.050032242992513,0.10397755879710108,4.575319899109251,7.41440886779335,10.438594809668503,0.014736569075707114,0.02755716419216445,3175.6345510489004,0.031250020262985394,0.2512139718864366,3445.3125,24.885985337515752,4.072246856689019
OR,12k_Drive_End_OR007@6_0_130.mat,1.0408340855860843e-17,0.604589448084797,1.0,1.0,1.0,8.43094771536234,4.255666285498947,7.4384932952302165,0.09760608482224695,4.255666285498947,7.038935758769753,9.98727154234417,0.014865760543381878,0.027487665878186938,3187.057230760401,0.03125000179142414,0.23376749327299207,3445.3125,20.43085543753991,3.6621097604520423
OR,12k_Drive_End_OR007@6_0_130.mat,4.119968255444917e-18,0.5973506092193612,0.9999999999999999,0.9999999999999998,0.9999999999999999,8.810158856015164,4.470758258867187,7.275100153085138,0.1312431366757706,4.470758258867188,7.484311876252594,10.741752126568738,0.014656261262283922,0.027599940316032027,3198.7476212553247,0.0312500031941895,0.22352433829980972,3445.3125,18.566008997681916,3.5253645249306853
OR,12k_Drive_End_OR007@6_0_130.mat,2.0599841277224584e-18,0.602388569299262,0.9999999999999999,0.9999999999999999,0.9999999999999999,9.148056288907979,4.858788967675091,7.555986394168484,0.10402136052524204,4.858788967675092,8.065871789909881,11.499765981111194,0.014054582828835576,0.027911130438225438,3141.394156140801,0.03125000001331575,0.22508089390274497,3445.3125,20.11340106714828,3.783287830354496
OR,12k_Drive_End_OR007@6_0_130.mat,8.239936510889834e-18,0.597122037669146,1.0,1.0000000000000002,1.0,9.761472430941879,5.249145568285599,8.419439138341085,0.09939395475452484,5.249145568285599,8.790741652703918,12.54148313228116,0.014514622673911109,0.02767468751713476,3184.824636285482,0.03125000160859306,0.23487371224553655,3445.3125,21.977998789537594,3.838117661363121
OR,12k_Drive_End_OR007@6_0_130.mat,-3.469446951953614e-18,0.6059641925986696,1.0,1.0,1.0,9.491990052098437,4.8354542524406785,7.973110183507534,0.04939942358285315,4.8354542524406785,7.979768955825418,11.336657766853506,0.015547829441018544,0.02710770704245321,3162.3842051379265,0.0312500045028232,0.2079927681820372,3445.3125,14.597688860150226,3.124161847317404
OR,12k_Drive_End_OR007@6_0_130.mat,-3.2526065174565133e-18,0.6021142429029733,1.0,1.0,1.0,9.365169155148799,4.772290728499826,8.138440495991095,0.05256679652723022,4.772290728499826,7.925889122787033,11.219277083335541,0.014634095072938669,0.027611697035461066,3179.425337008574,0.031250000828510344,0.20792318752548675,3445.3125,16.954498325701557,3.404760320857032
OR,12k_Drive_End_OR007@6_0_130.mat,1.474514954580286e-17,0.5997622898082491,0.9999999999999999,0.9999999999999999,0.9999999999999999,8.829025204391783,4.4882035224018475,8.030436831127355,0.0890387770213441,4.488203522401848,7.483303966704505,10.620845585025625,0.014248508266077212,0.027812634136994984,3146.339562836717,0.0312500016871489,0.2228513196152243,3445.3125,19.97757156670995,3.7517404085173687
OR,12k_Drive_End_OR007@6_0_130.mat,-2.190088388420719e-17,0.6054185857370424,0.9999999999999999,0.9999999999999998,0.9999999999999999,8.907465091864491,4.477496386618261,7.548760043642208,0.018611987637863196,4.477496386618262,7.395703554702263,10.487843682650032,0.015815464698723126,0.02695247340223031,3112.2494169295906,0.031250035938131165,0.22162044994329433,3445.3125,21.168742084925512,3.800191798199419
OR,12k_Drive_End_OR007@6_0_130.mat,-8.673617379884035e-19,0.6048455034791904,1.0,1.0,1.0,8.753980505916914,4.430080624517715,7.293720053338822,0.0428127204309061,4.430080624517715,7.324317696064564,10.382207025637557,0.014995201255294932,0.027417267029086874,3190.160161101756,0.03125000147249682,0.18471726897670415,3445.3125,13.090918787729658,3.014182865380204
OR,12k_Drive_End_OR007@6_0_130.mat,-6.071532165918825e-18,0.6145204666493713,1.0,1.0,1.0,9.007109900425426,4.751270512578229,7.363115551689747,0.11755857534341899,4.751270512578229,7.731671718737359,10.800959750831202,0.01490651585240438,0.027465595480710342,3150.3527534631967,0.03125001039948626,0.20810298843201452,3339.84375,18.04706216222939,3.5823619968619
OR,12k_Drive_End_OR007@6_0_130.mat,-1.2576745200831851e-17,0.5959812800628248,1.0,1.0,1.0,10.09248619238824,5.394799748636433,8.89490239640201,0.10288033198959708,5.394799748636433,9.05196174629469,12.771950038476021,0.014095400468635338,0.02789053967585707,3186.597806440819,0.0312500002845082,0.22983449662884511,3445.3125,19.856153337847765,3.72654313443391
OR,12k_Drive_End_OR007@6_0_130.mat,9.107298248878237e-18,0.5952699431152995,0.9999999999999999,0.9999999999999999,0.9999999999999999,9.655825814588262,5.160477118814724,7.755885022624046,0.11718216604722206,5.1604771188147245,8.66913772230421,12.500273037267222,0.013707609295178613,0.028083171558586313,3171.265187310171,0.03125000923805077,0.2493143349798967,3445.3125,27.062646633960863,4.3022312740685384
OR,12k_Drive_End_OR007@6_0_130.mat,-8.673617379884035e-19,0.6075030307580838,0.9999999999999999,0.9999999999999999,0.9999999999999999,9.035916142106231,4.735668709651604,7.1774133100095465,0.08511658335092842,4.735668709651605,7.795300549763699,11.03496839155526,0.015356669860965212,0.027216480094104666,3175.1603626033966,0.03125002556689311,0.1944458381997585,3445.3125,13.28325146148581,3.0232197177386526
OR,12k_Drive_End_OR007@6_0_130.mat,7.806255641895632e-18,0.5990695978356141,1.0,1.0000000000000002,1.0,9.563340970322255,4.925392171527109,8.05882728577787,0.05945859083837479,4.925392171527109,8.221736154400288,11.583695802277088,0.014344738228041318,0.027763123822134077,3213.2457220721744,0.031250000947106844,0.20532855434802122,3339.84375,15.016614818765444,3.2898945889744518
OR,12k_Drive_End_OR007@6_0_130.mat,1.0625181290357943e-17,0.5976514948744027,0.9999999999999999,0.9999999999999998,0.9999999999999999,9.064268957178133,4.657986729569955,8.016772990595229,0.0812527272847018,4.657986729569956,7.793817583521375,11.146214197085895,0.013846712176275054,0.028014837139288044,3165.2996740192016,0.03125000060853498,0.22534582081921045,3445.3125,20.487029019467347,3.841935143143032
OR,12k_Drive_End_OR007@6_0_130.mat,8.239936510889834e-18,0.602310823362087,1.0,1.0,1.0,9.210711973950303,4.619320147088684,8.065012246028243,0.10794974125239842,4.619320147088684,7.669329468967089,10.89899485807002,0.013462683386064173,0.028201396085249242,3149.9857065816445,0.03125000136176828,0.2578057212432751,3339.84375,26.21311631959709,4.25880064921634
OR,12k_Drive_End_OR007@6_0_130.mat,8.239936510889834e-18,0.6171155411420056,0.9999999999999999,0.9999999999999999,0.9999999999999999,9.155867159676834,4.60566316345555,7.347403115379225,0.09562671769794448,4.605663163455551,7.463210462877862,10.442535589203088,0.01490749979128345,0.02746508218896771,3194.7572145891186,0.03125002863476876,0.19235621260220945,3445.3125,13.299924274120869,3.084615118267046
OR,12k_Drive_End_OR007@6_0_130.mat,-3.469446951953614e-18,0.5989603167924843,1.0,1.0000000000000002,1.0,9.521153904086738,4.779896317277365,7.863781728781822,0.032788457994041814,4.779896317277365,7.980322207111105,11.368432940479797,0.014388019698289388,0.027740721495630144,3200.9585981851365,0.031250003838983444,0.1936082007536348,3339.84375,14.766845583272575,3.283803157195686
OR,12k_Drive_End_OR007@6_0_130.mat,3.577867169202165e-18,0.5907483987302038,1.0,1.0,1.0,9.1506623322169,4.8108631480123725,8.173731924292866,0.0028423872241760545,4.8108631480123725,8.143675308055307,11.70206546283672,0.014099962590288385,0.027888233285161317,3158.2004048643207,0.03125000001304178,0.21734171006643144,3328.125,19.829620913072404,3.753783868280978
OR,12k_Drive_End_OR007@6_0_130.mat,-8.456776945386935e-18,0.6100385695429525,1.0,1.0,1.0,8.923584958164621,4.566992760574908,7.177596302348894,0.009476720885432905,4.566992760574908,7.48640002220933,10.619459218309707,0.014128729607709993,0.02787369572872089,3207.0666145988525,0.03125002262247332,0.2269438335108699,3339.84375,21.969717584215278,3.9311795475240956
OR,12k_Drive_End_OR007@6_0_130.mat,8.673617379884035e-19,0.6109031276928203,1.0,1.0,1.0,9.329135870614275,4.77417024850253,7.250651982159113,0.09391623573392364,4.77417024850253,7.8149382972272505,10.98295790143064,0.014432628039864451,0.027717535213093208,3173.4687116214345,0.03125000016681829,0.18072221830520596,3328.125,13.587484333276707,3.126849275739761
OR,12k_Drive_End_OR007@6_0_130.mat,-5.421010862427522e-18,0.6078940002873741,1.0,1.0000000000000002,1.0,8.411899647347063,4.232690065736355,7.261007400096271,0.07615252827840557,4.232690065736355,6.962875211361529,9.846340941279628,0.014907654857690118,0.02746498993596436,3206.3321953796276,0.03125002152861075,0.1859336565086377,3339.84375,14.574386334127613,3.215653244659113
OR,12k_Drive_End_OR007@6_0_130.mat,-4.7704895589362195e-18,0.5886294895578876,0.9999999999999999,0.9999999999999999,0.9999999999999999,9.485358401230059,4.874585869143536,8.39190197881398,-0.007886035547119363,4.874585869143537,8.281246447242692,11.924984598418238,0.01410813914159372,0.02788409781580783,3158.0891743413836,0.03125000001664172,0.20117200876866287,3328.125,18.879321660783443,3.6916721948548235
OR,12k_Drive_End_OR007@6_0_130.mat,-4.336808689942018e-18,0.5963818723275979,0.9999999999999999,0.9999999999999999,0.9999999999999999,8.88196227258291,4.563820430671938,7.585729903313577,0.027589934659209045,4.563820430671939,7.652513670242798,10.954706110300318,0.014118197679701842,0.02787901285522327,3156.6965203402533,0.03125000581607694,0.2157691765289749,3445.3125,18.526254974012755,3.571657170458524
OR,12k_Drive_End_OR007@6_0_130.mat,3.0357660829594124e-18,0.6143421605085708,1.0,1.0,1.0,8.280570894151932,4.153459384368051,6.717647078608166,0.04815516424346826,4.153459384368051,6.760824262703529,9.51930028869846,0.014525072247772353,0.027669203390996856,3205.4984593307154,0.03125000064152573,0.1928672142750498,3445.3125,14.192251596988994,3.2006812435486034
OR,12k_Drive_End_OR007@6_0_130.mat,-3.2526065174565133e-18,0.6050188095154292,1.0,1.0,1.0,9.434559277509392,4.980106044701773,7.920282832445939,0.06031028662803709,4.980106044701773,8.23132432641298,11.562976405004235,0.014871268325962035,0.02748468587747954,3191.535668989806,0.03125000127050373,0.1768940430774134,3445.3125,13.013341544647385,3.0497796593639332
OR,12k_Drive_End_OR007@6_0_130.mat,1.3227266504323154e-17,0.5994012014763043,1.0,1.0000000000000002,1.0,8.954977303866691,4.699524975376544,7.825034827316873,0.06258946534890782,4.699524975376544,7.8403662918956085,11.148861225051617,0.01406222475260005,0.027907281125558188,3153.644658293294,0.03125000007701718,0.21959937543393768,3445.3125,19.184346765059665,3.705761096148818
OR,12k_Drive_End_OR007@6_0_130.mat,-6.071532165918825e-18,0.6057174271561613,1.0,1.0,1.0,9.0512328665749,4.7049398124113235,7.7208261983444935,0.028738434125760267,4.7049398124113235,7.767549027771877,10.937451484233724,0.014116679939144824,0.02787977493127967,3158.7731877595556,0.03125000004356903,0.22159850948822096,3445.3125,18.287938365924166,3.551531184421372
OR,12k_Drive_End_OR007@6_0_130.mat,1.214306433183765e-17,0.6125942093395742,1.0,1.0000000000000002,1.0,9.630200994668058,5.006609591444898,7.8591355623957595,-0.054630832150655485,5.006609591444898,8.172799408016646,11.343985117146406,0.014966835933976318,0.027432762025122442,3222.018238334768,0.03125000176322499,0.17761960015208633,3328.125,12.994997358361843,3.016325075039141
OR,12k_Drive_End_OR007@6_0_130.mat,5.204170427930421e-18,0.6058930568641494,1.0,1.0,1.0,9.129248843793853,4.603405224464774,7.429807797263646,-0.05018720307637332,4.603405224464774,7.597719056709589,10.749971008096852,0.01558776154965581,0.027084813386310427,3221.3661609664823,0.03125004682076795,0.18065388688863485,3445.3125,13.097317381428402,3.018099310787582
OR,12k_Drive_End_OR007@6_0_130.mat,-1.951563910473908e-18,0.5995163541866498,1.0,1.0,1.0,9.120456471527643,4.568103884606977,7.718135903510771,0.008489754684528856,4.568103884606977,7.6196484928328925,10.927640304986076,0.013911567673575535,0.027982687368927207,3182.9051299407643,0.031250000120377444,0.21771594772196193,3445.3125,18.375087883500104,3.634515106544107
OR,12k_Drive_End_OR007@6_0_130.mat,-2.0274580625478933e-17,0.6198346701969544,0.9999999999999999,0.9999999999999998,0.9999999999999999,9.160314068716595,4.5939224170089785,7.390927114260072,0.051082336145968694,4.593922417008979,7.411528650937266,10.354876751461461,0.014642763619426388,0.027607125274321458,3207.8175020825356,0.03125002227721567,0.2225953587960169,3445.3125,19.225178998827698,3.593890306592675
OR,12k_Drive_End_OR007@6_0_130.mat,2.168404344971009e-18,0.6115620212405282,1.0,1.0,1.0,9.367957181730524,4.7216365138600445,7.5816098294425345,0.057063844857722035,4.7216365138600445,7.720617615008861,10.877670932521793,0.014894491869860749,0.027472106643187194,3212.063431507742,0.03125000050361596,0.16890427088381144,3445.3125,12.530463122123999,2.970306453352576
OR,12k_Drive_End_OR007@6_0_130.mat,6.5052130349130266e-18,0.602593415363485,1.0,1.0,1.0,7.950653647461754,4.027009457064318,7.129314808583252,0.04088380692516219,4.027009457064318,6.682796981170498,9.547456921342478,0.014607067277860966,0.02762601803781304,3203.6899115544084,0.031250012593365906,0.18053322228976115,3433.59375,15.913515833486091,3.3936717565683554
OR,12k_Drive_End_OR007@6_0_130.mat,-4.119968255444917e-18,0.6017044323217962,1.0,1.0,1.0,8.474459089802181,4.402732801601557,7.177557820442299,-0.015183296264866662,4.402732801601557,7.317102160296106,10.4433411069887,0.01487620133992991,0.027482046311006054,3199.3738095558506,0.03125002777193028,0.1851529843319423,3445.3125,16.483622402050713,3.4684020481320808
OR,12k_Drive_End_OR007@6_0_130.mat,-6.938893903907228e-18,0.6017461951963257,0.9999999999999999,0.9999999999999999,0.9999999999999999,8.809908367020054,4.575199372119188,7.614180408603645,0.014994720704822167,4.575199372119189,7.603204488275134,10.730081934004941,0.014590376628528115,0.027634824660839736,3198.8141383652946,0.03125000198716243,0.19974776502029054,3445.3125,15.411018382144032,3.2554066722489154
OR,12k_Drive_End_OR007@6_0_130.mat,-5.637851296924623e-18,0.6085161900145406,1.0,1.0,1.0,8.24497692030931,4.181249803462706,6.986030845826152,0.05648655586725267,4.181249803462706,6.871221952800951,9.73310853046819,0.015802719589560196,0.02696001087709915,3227.9021708646965,0.031250090126583224,0.18375132526434107,3433.59375,13.115726098920781,3.0184909591196183
OR,12k_Drive_End_OR007@6_0_130.mat,2.1467203015212988e-17,0.6023616431046863,1.0,1.0,1.0,9.006740467714586,4.819509109204115,7.707633712120444,0.014453911890066083,4.819509109204115,8.001022582320232,11.376846046051124,0.01455079685929343,0.0276556842643615,3197.408090775559,0.031250000981927595,0.17952485027138745,3351.5625,15.900128903168882,3.3965223456618086
OR,12k_Drive_End_OR007@6_0_130.mat,-1.3010426069826053e-18,0.6023832000329706,1.0,1.0,1.0,9.33174672159939,4.894308623368059,7.846338174885922,0.01748129368986174,4.894308623368059,8.12490890034811,11.470880912936721,0.014566477829378777,0.027647428758618458,3199.190850217769,0.03125000149306663,0.1842692095400678,3445.3125,14.717844413275248,3.247523420494214
OR,12k_Drive_End_OR007@6_0_130.mat,-1.1709383462843448e-17,0.6021654913129539,1.0,1.0,1.0,9.080301872641233,4.712315462485047,7.865641573944419,-0.03581132624717967,4.712315462485047,7.825615267673966,11.057393123368747,0.015177114206127908,0.027317056317198773,3164.242769049289,0.03125006178334467,0.208029660675793,3445.3125,15.959918837777076,3.3292764162524855
OR,12k_Drive_End_OR007@6_0_130.mat,-1.5612511283791264e-17,0.6061343617623689,1.0,1.0,1.0,9.064881808374258,4.758596155401154,7.730898860248188,-0.04553764704300267,4.758596155401154,7.850728247059406,11.036170788115871,0.015027984010389451,0.027399314313820228,3194.5810585018216,0.03125000365254434,0.1888552031866862,3445.3125,14.38272073369921,3.164780774029215
OR,12k_Drive_End_OR007@6_0_130.mat,-1.1492543028346347e-17,0.6133412253411012,1.0,1.0,1.0,9.131794795346881,4.7097340308870415,7.1652730462577745,0.0481462841462623,4.7097340308870415,7.67881537437466,10.780441790195232,0.014286976416534702,0.027792903233004554,3205.6530383640234,0.03125001064393057,0.20167634123511194,3351.5625,18.587175377437084,3.671856990800822
OR,12k_Drive_End_OR007@6_0_130.mat,-1.734723475976807e-17,0.6060176048766295,1.0,1.0,1.0,9.749788823672754,5.028298149802284,8.09494948753708,0.1348226596988622,5.028298149802284,8.297280655445519,11.604221389660268,0.014725682372630802,0.027562960430604515,3200.8317322705957,0.03125000014461887,0.18514322674519418,3351.5625,15.289332639279868,3.2987818706743353
OR,12k_Drive_End_OR007@6_0_130.mat,-8.239936510889834e-18,0.6088274805171185,1.0,1.0,1.0,9.334343157181038,4.71954969222257,7.752115193933036,0.128338783735221,4.71954969222257,7.751867061279716,10.894351380136568,0.015535703013782343,0.02711466726423335,3191.837623321281,0.03125001198371823,0.1980315330789872,3445.3125,13.98278664930748,3.0955357568030406
OR,12k_Drive_End_OR007@6_0_130.mat,-2.4069288229178198e-17,0.6078811561704947,1.0,1.0,1.0,9.198314715123356,4.651029941388163,7.463179789552462,0.06189595371344395,4.651029941388163,7.651215857205601,10.856588611532286,0.015235666306321321,0.027284416150413014,3189.443701587716,0.03125003827944045,0.19676720493656388,3445.3125,15.776186210294746,3.3013172688203385
OR,12k_Drive_End_OR007@6_0_130.mat,-8.023096076392733e-18,0.6021070143353374,1.0,1.0,1.0,8.153710346769369,4.167333250746007,7.32674160173855,0.023952543512497645,4.167333250746007,6.921250129175631,9.89015161421145,0.014050121918709187,0.027913378177513843,3181.114647228607,0.031250001715383925,0.20663744222805583,3351.5625,18.76666154294675,3.6807027776382304
OR,12k_Drive_End_OR007@6_0_130.mat,-1.3444106938820255e-17,0.6035806668964998,1.0,1.0,1.0,8.802818165712251,4.62319600104062,7.270167115171773,-0.007408778495261045,4.62319600104062,7.659615780625048,10.956590903722738,0.014666655956142735,0.027594417215449918,3201.2557128021494,0.03125000253433871,0.1849486183686447,3445.3125,17.445562977501634,3.5258496147239584
OR,12k_Drive_End_OR007@6_0_130.mat,1.3010426069826053e-18,0.6016834509918254,0.9999999999999999,0.9999999999999999,0.9999999999999999,9.376629902329011,4.925135583306502,8.138663386375507,-0.044319415446745586,4.925135583306503,8.185592565638665,11.50541132263306,0.01539412950173963,0.027195280415610423,3205.847656370844,0.03125000000000022,0.1857681503541261,3445.3125,12.273146787969962,2.9001488011299377
OR,12k_Drive_End_OR007@6_0_130.mat,-1.1709383462843448e-17,0.6137404969655553,0.9999999999999999,0.9999999999999998,0.9999999999999999,9.43206202038927,4.745743957659388,7.370313011194149,0.04135935283430671,4.745743957659389,7.732492773612316,10.790933173354249,0.014934669002923229,0.027450314015338134,3212.7433420884795,0.03125002524427053,0.20926649867216823,3445.3125,17.925227033231817,3.5155274361444
OR,12k_Drive_End_OR007@6_0_130.mat,-8.890457814381136e-18,0.6130947191619855,1.0,1.0,1.0,9.822951286183006,4.96049604502871,7.469507238660912,0.108975487826275,4.96049604502871,8.090913018805661,11.309527678390305,0.014117971870078017,0.02787912163721024,3205.130137452289,0.03125000084778684,0.20640101153332058,3351.5625,18.844398737177066,3.691790193067714
OR,12k_Drive_End_OR007@6_0_130.mat,2.0166160408230382e-17,0.6051418977595624,1.0,1.0,1.0,9.442297155568994,5.091039049695582,7.8643539891998095,0.13742621774366964,5.091039049695582,8.412967385904548,11.826237115250423,0.014981111122462414,0.02742497240456896,3226.1838261361327,0.0312500048296786,0.19623683549461352,3339.84375,16.216157159212408,3.371105557209307
OR,12k_Drive_End_OR007@6_0_130.mat,-1.1275702593849246e-17,0.6010897027390527,1.0,1.0,1.0,9.231771254656547,4.618280393663326,7.942729754225864,0.18707256928391044,4.618280393663326,7.683180018920123,10.913994943037249,0.015555432150922855,0.027103354601586877,3222.315386114815,0.031250012800978576,0.16676416033149496,3445.3125,11.581949254371327,2.834319978172338
OR,12k_Drive_End_OR007@6_0_130.mat,-1.452830911130576e-17,0.5992367978150105,1.0,1.0000000000000002,1.0,9.231488292419353,4.618540660137333,8.06500143592553,0.08430199596395478,4.618540660137333,7.707371571602176,10.939334020490323,0.014780958116722058,0.027533357545711776,3204.1106973296974,0.03125000000941272,0.21048796515869517,3339.84375,16.60266114499245,3.375572888762919
OR,12k_Drive_End_OR007@6_0_130.mat,-1.5829351718288365e-17,0.6080436300270584,0.9999999999999999,0.9999999999999999,0.9999999999999999,8.872920366116851,4.475084616747248,7.533259395335214,0.015679311391040004,4.475084616747249,7.359808401492674,10.397596136583003,0.01466899086545424,0.027593202706198073,3212.596496094173,0.031250026057527004,0.2005139482910673,3351.5625,18.787092643203152,3.6846737014734567
OR,12k_Drive_End_OR007@6_0_130.mat,-1.734723475976807e-18,0.6018451435607978,1.0,1.0,1.0,9.895552231858813,5.058467462152305,8.090604784830248,-0.013982077484223407,5.058467462152305,8.404931926880796,11.929787928163215,0.015009806351709142,0.02740927280623801,3224.104766781956,0.031250000359721385,0.19912526008310508,3339.84375,16.13113762518407,3.370285941728492
OR,12k_Drive_End_OR007@6_0_130.mat,4.9873299934333204e-18,0.6043164535322408,0.9999999999999999,0.9999999999999999,0.9999999999999999,9.92706342800156,5.173572643571064,8.174556882627298,-0.07487687737730182,5.173572643571065,8.561032242844682,12.06335971066963,0.01487795892289064,0.027481065961394924,3198.961376477948,0.031250002369372074,0.20203404893907567,3328.125,15.084863148762583,3.257449766365041
OR,12k_Drive_End_OR007@6_0_130.mat,-6.505213034913027e-19,0.6115279531169775,1.0,1.0,1.0,9.667996100281417,4.985531813310253,7.426371630054011,0.018600448147272283,4.985531813310253,8.152582049436724,11.499728242354387,0.014259461017468899,0.027807021137121208,3198.7141733100266,0.03125000244846424,0.23022237408594623,3339.84375,20.197630639249127,3.757634636250007
OR,12k_Drive_End_OR007@6_0_130.mat,-8.239936510889834e-18,0.6007888118359199,1.0,1.0,1.0,9.881781732276089,5.068255799838717,8.024427378236085,0.05201585319354171,5.068255799838717,8.436002302291369,11.990009019124594,0.014236076793536645,0.027818999555555723,3197.5892066919346,0.03125000189989566,0.19941525255564138,3328.125,19.775696652488374,3.8022760504069573
OR,12k_Drive_End_OR007@6_0_130.mat,8.239936510889834e-18,0.6055702282328576,1.0,1.0,1.0,9.785488271610436,5.175628253693981,7.745301549359333,0.07852432930387358,5.175628253693981,8.546701955274818,12.022728633068914,0.014697552391880753,0.027577986648342448,3226.9993816187184,0.031250014302208466,0.2096910123782147,3339.84375,18.884644889747825,3.6312423778148375
OR,12k_Drive_End_OR007@6_0_130.mat,-6.288372600415926e-18,0.6036298999819373,1.0,1.0,1.0,9.301172691994559,5.00808051780656,7.45015028517139,0.10686362898780283,5.00808051780656,8.296607769026053,11.632654212642304,0.014829312190470605,0.02750734455242387,3188.568807251982,0.03125000006989125,0.2037989142613929,3328.125,15.235141185586526,3.257237922060985
OR,12k_Drive_End_OR007@6_0_130.mat,-1.0842021724855044e-18,0.6084994051758856,1.0,1.0,1.0,9.335833366978,5.083919441875569,7.7310539042426205,0.08498039176231073,5.083919441875569,8.354847019786439,11.641962578380102,0.014208986380815938,0.027832847562241008,3191.6896187608,0.031250003158290365,0.22437504947322895,3339.84375,18.725703126437075,3.6431662309611306
OR,12k_Drive_End_OR007@6_0_130.mat,1.1275702593849246e-17,0.5990739274157523,1.0,1.0,1.0,9.612125176473128,5.23534178520392,8.135924671035486,0.10739105456871631,5.23534178520392,8.73905797868355,12.391507470183393,0.014773038175653726,0.02753760800698828,3150.1773774336425,0.031250000186973874,0.20264759462243132,3457.03125,21.199854174796776,3.9722870050486017
OR,12k_Drive_End_OR007@6_0_130.mat,-4.336808689942018e-19,0.5991747942343786,0.9999999999999999,0.9999999999999999,0.9999999999999999,8.886272861421885,4.574983043612362,8.063980944171103,0.09619883124609145,4.574983043612363,7.63547313344221,10.78580639491403,0.014473521818636405,0.027696204351208467,3190.221689257098,0.03125000110877507,0.22692488248257126,3339.84375,19.996020706916685,3.731765774223208
OR,12k_Drive_End_OR007@6_0_130.mat,1.1926223897340549e-17,0.6186168703689641,1.0,1.0,1.0,9.402704295754878,4.740889122716657,7.486465095931805,0.07154683460339133,4.740889122716657,7.663691938904011,10.577758324700014,0.015065049525339831,0.02737894780319755,3166.151916844153,0.031250000000178524,0.17793454094194083,3328.125,13.698919493639316,3.14300425704653
OR,12k_Drive_End_OR007@6_0_130.mat,3.686287386450715e-18,0.6026187250239635,1.0,1.0,1.0,9.775377736172576,4.926321271058452,7.831476732688478,0.07382445140185781,4.926321271058452,8.174855952016017,11.512488350823034,0.014118435919868624,0.027878885843219778,3195.229285110348,0.03125000013892346,0.21812212736418182,3339.84375,18.35640483464498,3.6501344242708478
OR,12k_Drive_End_OR007@6_0_130.mat,-1.0842021724855044e-18,0.5978699549173115,0.9999999999999999,0.9999999999999999,0.9999999999999999,8.42361398653587,4.391511196820584,7.594358272384436,0.10320485303979966,4.391511196820585,7.345261558473786,10.51676697833824,0.014401132908925723,0.027733913006156536,3206.983030001586,0.03125000095509762,0.20191270568865427,3351.5625,19.454795785434783,3.7200416650852
OR,12k_Drive_End_OR007@6_0_130.mat,-8.673617379884035e-19,0.598580107646534,0.9999999999999999,0.9999999999999998,0.9999999999999999,9.319722809616401,4.950678409285256,7.7194231316648985,0.05739125755154521,4.950678409285257,8.270703195851388,11.79401407898496,0.015990318945248824,0.026849132683740375,3196.640083052621,0.03125005961338121,0.20158222372772977,3339.84375,16.14581070070701,3.3421967058000295
OR,12k_Drive_End_OR007@6_0_130.mat,1.5612511283791264e-17,0.5994715249634386,1.0,1.0,1.0,9.062100751456846,4.811539454464954,7.664422173453067,0.03346371141331428,4.811539454464954,8.026301924446548,11.380264298846022,0.014685379985457976,0.027584454436348625,3200.3291872518353,0.031250000189892525,0.1955546892526973,3328.125,14.326295929778487,3.1823826949027687
OR,12k_Drive_End_OR007@6_0_130.mat,-7.15573433840433e-18,0.6095591500026621,1.0,1.0,1.0,9.830132345280186,5.161846976332167,7.528784217611267,0.0714203249603553,5.161846976332167,8.46816420737778,11.925687019388576,0.015177206422393359,0.02731696319754958,3178.3583296569395,0.031250025169977325,0.20933420093516728,3339.84375,18.889066402252748,3.6679446706592707
OR,12k_Drive_End_OR007@6_0_130.mat,-5.854691731421724e-18,0.6063356570766868,1.0,1.0,1.0,10.332574564773928,5.426955280122484,8.190428399142684,0.0764838715593737,5.426955280122484,8.950414208340225,12.571400126627882,0.014373690585344712,0.02774814498354701,3204.5788258877997,0.031250000497138754,0.19620752575555783,3328.125,17.489202111297104,3.54995645748636
OR,12k_Drive_End_OR007@6_0_130.mat,-6.5052130349130266e-18,0.6065598812150129,1.0,1.0,1.0,8.333107412247376,4.200318411503496,7.261542608619788,0.161153746055193,4.200318411503496,6.924820683968992,9.819315569465227,0.01502768884505958,0.027399476812232048,3188.2619658372914,0.031250004185727244,0.1840568530777125,3445.3125,13.581757872739093,3.0771813649658877
OR,12k_Drive_End_OR007@6_0_130.mat,-2.42861286636753e-17,0.5951880694650077,0.9999999999999999,0.9999999999999998,0.9999999999999999,8.800074587912977,4.475507181641835,7.4443057850909025,0.1629722348542052,4.475507181641836,7.5194840274011225,10.873558446435833,0.015036588489339755,0.027394591986430274,3149.281484438784,0.03125000261601164,0.18247442009755854,3328.125,13.604217904537824,3.1364352238117985
OR,12k_Drive_End_OR007@6_0_130.mat,-1.5612511283791264e-17,0.5891958670460111,1.0,1.0,1.0,9.507452023270979,4.833145502999142,8.149368449607959,0.05879891413001381,4.833145502999142,8.202952147696777,11.856665219288613,0.014649359792317337,0.027603600689502565,3180.3692835689994,0.03125000021360433,0.1859846262931204,3339.84375,15.610289599784027,3.3569818174421076
OR,12k_Drive_End_OR007@6_0_130.mat,3.469446951953614e-18,0.5972633353301966,1.0,1.0000000000000002,1.0,8.781126815262159,4.617227867368199,7.421047611678338,0.05282339337748633,4.617227867368199,7.730640061499118,11.15452686704958,0.014563897601597077,0.027648788876702822,3191.4653260604305,0.03125000223517257,0.21109377467941334,3457.03125,17.672761629605027,3.519377859480652
OR,12k_Drive_End_OR007@6_0_130.mat,1.1275702593849246e-17,0.6057801957248661,1.0,1.0,1.0,9.26199735398056,4.820324185482572,7.895109550231034,0.029862420575072657,4.820324185482572,7.957216527547018,11.243340271654088,0.014833422504552114,0.027505128564159778,3155.92785748038,0.03125000032847218,0.17725657092862246,3351.5625,12.604091911374633,2.9988875773741377
OR,12k_Drive_End_OR007@6_0_130.mat,-7.589415207398531e-18,0.607307812965397,0.9999999999999999,0.9999999999999999,0.9999999999999999,9.629888721627303,5.008597165973245,8.066143273370383,-0.006323160884184347,5.008597165973246,8.247213454272854,11.574656952847521,0.015213524775284978,0.027296750443056184,3179.0680063604013,0.0312500227334109,0.16203959236620993,3410.15625,13.12835211662494,3.0768351559743268
OR,12k_Drive_End_OR007@6_0_130.mat,4.336808689942018e-19,0.5941791724281729,1.0,1.0,1.0,10.201085668045511,5.257445784367092,8.418123820328265,0.05390766209791502,5.257445784367092,8.848249868607834,12.55739112857146,0.014905884024078483,0.027465930257497516,3198.7672530272744,0.03125000325518376,0.17872839175952054,3457.03125,15.070144437753935,3.2878176028362915
OR,12k_Drive_End_OR007@6_0_130.mat,-5.637851296924623e-18,0.5996673296063549,1.0,1.0,1.0,9.686911842181225,4.992344716022431,7.934220667563151,0.10001399816600305,4.992344716022431,8.325190434002135,11.801333784606719,0.014773399275892002,0.027537418255442907,3177.7232551864927,0.031250003685441806,0.20830729246227908,3351.5625,16.063173279007447,3.2895957201559827
OR,12k_Drive_End_OR007@6_0_130.mat,5.421010862427522e-18,0.6054433673895532,0.9999999999999999,0.9999999999999999,0.9999999999999999,8.377225565613589,4.221589677392766,7.2464880977138115,0.11292399574470814,4.221589677392767,6.972724295576466,9.920605887089339,0.01484303133117807,0.027499954256988948,3187.602141780623,0.0312500090117558,0.18336761262349358,3351.5625,12.711321265616236,2.995207095971473
OR,12k_Drive_End_OR007@6_0_130.mat,-1.7997756063259374e-17,0.5908944493423256,1.0,1.0,1.0,9.585324066933403,4.815258906566898,7.798232038137218,0.07570983822750682,4.815258906566898,8.149101606769793,11.83469514839815,0.014831621111414381,0.027506100666053194,3198.7306655081447,0.031250000938297655,0.1701771228755587,3410.15625,12.980302666515687,3.0595282664828383
OR,12k_Drive_End_OR007@6_0_130.mat,-3.2526065174565133e-18,0.5967747142512396,1.0,1.0,1.0,9.370126760314132,4.862041934113889,7.73822198730998,0.06228041881391549,4.862041934113889,8.14719829444213,11.742610874520636,0.01472484692633233,0.027563426639839572,3207.450845716024,0.031250017682134784,0.19218440972556755,3457.03125,15.580176395954902,3.3449003041928496
OR,12k_Drive_End_OR007@6_0_130.mat,-7.15573433840433e-18,0.6022297525660344,0.9999999999999999,0.9999999999999998,0.9999999999999999,9.413816703485258,4.924769073001392,8.003113996919963,0.12029303804565136,4.924769073001393,8.177558568000826,11.523691237741017,0.014797524049119364,0.027524457892890195,3144.490342682316,0.031250000004508026,0.2028284466541799,3351.5625,14.727469532780924,3.164197801678328
OR,12k_Drive_End_OR007@6_0_130.mat,-2.168404344971009e-18,0.6013217799916666,1.0,1.0,1.0,10.170694395031195,5.294002418963527,8.92370411844783,0.020032493583395025,5.294002418963527,8.80394257303784,12.278098084707256,0.015128747986314629,0.02734381211959817,3172.558882559488,0.03125000922984349,0.18653341376581034,3445.3125,12.71190904734826,2.9711193196775865
OR,12k_Drive_End_OR007@6_0_130.mat,3.469446951953614e-18,0.6002359300292506,1.0,1.0000000000000002,1.0,9.105642012295291,4.672753789929033,7.976360744819855,-0.0037902326684016788,4.672753789929033,7.784861845410222,11.058422500799345,0.015142176764227001,0.027336372006377244,3166.0205890705706,0.031250004026082,0.1773097276860999,3433.59375,12.462657637386837,3.0003390543998294
OR,12k_Drive_End_OR007@6_0_130.mat,-1.8431436932253575e-17,0.6066604837409881,0.9999999999999999,0.9999999999999999,0.9999999999999999,9.085773842527363,4.550751598197741,7.452184525278369,0.025102931116800502,4.550751598197742,7.501315348801705,10.590512928510085,0.014157760080364233,0.02785893642362064,3174.497006999438,0.03125000014637587,0.20737347264051995,3351.5625,17.581694568855013,3.516701723041576
OR,12k_Drive_End_OR007@6_0_130.mat,1.1275702593849246e-17,0.6220933162486847,1.0,1.0,1.0,9.527251799936696,4.771924301722144,7.177934000457115,0.01938399703526425,4.771924301722144,7.670753208694731,10.610937123269355,0.015074455316920518,0.027373770468738078,3174.7550540093343,0.03125000020443184,0.22561690120597047,3351.5625,16.181031509457153,3.2297305527491234
OR,12k_Drive_End_OR007@6_0_130.mat,9.75781955236954e-18,0.5977257095204624,1.0,1.0,1.0,8.624977235735079,4.411250508590542,7.795694150007765,0.08728329320105857,4.411250508590542,7.380058174391658,10.532133030118363,0.01508304966792241,0.027369036558842517,3170.965866852134,0.03125000079110835,0.18922012179774367,3445.3125,12.95568829847577,2.990262324678058
OR,12k_Drive_End_OR007@6_0_130.mat,1.951563910473908e-18,0.5886940438355404,1.0,1.0,1.0,8.719114328614564,4.5287243497831025,7.661850658299313,0.11956262542630929,4.5287243497831025,7.692831951002825,11.193499367096848,0.014571410585783597,0.02764483507277742,3154.973436620024,0.03125000660256811,0.18916435780222227,3433.59375,15.135534169738163,3.3246160924983443
OR,12k_Drive_End_OR014@6_0_197.mat,-1.734723475976807e-17,0.7929873695465552,1.0,1.0000000000000002,1.0,6.467048256344988,3.3854640233104933,3.0188201977156908,0.046070579696481526,3.3854640233104933,4.269253399642877,5.051207779972268,0.01879393513701119,0.024967013623738488,2853.021210583885,0.031250020275547456,0.20818935501665015,3398.4375,18.3445035813559,3.3330080604315917
OR,12k_Drive_End_OR014@6_0_197.mat,4.7704895589362195e-18,0.7985128290169409,1.0,1.0,1.0,6.072347626092849,3.175093414940725,2.908913929623525,0.03777169733668877,3.175093414940725,3.9762584889833543,4.702213000573874,0.0194484394647871,0.02446072910838812,2873.6906080503354,0.03125010505789435,0.2183273935880653,3398.4375,17.96148756904148,3.1461749862283233
OR,12k_Drive_End_OR014@6_0_197.mat,-1.9949319973733282e-17,0.8022919561470883,0.9999999999999999,0.9999999999999998,0.9999999999999999,6.053837217770846,3.1603063924634904,2.8832766150863294,0.03540500752998455,3.160306392463491,3.9390976916190037,4.637255305879294,0.018782657941178792,0.024975489711837516,2834.1464113335214,0.03125001321090006,0.17747477546782284,3421.875,14.20015812614554,2.9479630799705365
OR,12k_Drive_End_OR014@6_0_197.mat,2.7755575615628914e-17,0.797077340645642,1.0,1.0,1.0,6.902253924864469,3.8192165602119017,3.0688983543101895,-0.042266657732583625,3.8192165602119017,4.791525697014912,5.652113417506619,0.01849519028533573,0.025189127554058943,2917.443764744473,0.031250027369994875,0.22363119520607758,3433.59375,20.753301825093878,3.512780402109354
OR,12k_Drive_End_OR014@6_0_197.mat,1.734723475976807e-17,0.7983110279488066,1.0,1.0,1.0,6.973116381020601,3.6637044708309507,3.0859084020664764,0.04222410275728346,3.6637044708309507,4.589319629273484,5.411974985964181,0.018031369224115697,0.02552317482453084,2949.1650216316393,0.031250003667519004,0.2214641570836084,3421.875,23.838385724546708,3.872627885873039
OR,12k_Drive_End_OR014@6_0_197.mat,8.673617379884035e-18,0.8071812081442284,1.0,1.0,1.0,6.527001330491018,3.4263462631796275,2.9263686822340516,0.10446876440538669,3.4263462631796275,4.244829077546368,4.950494170111671,0.018678528735850186,0.025053468038752136,2892.2702908061106,0.03125001914407023,0.2278694108204715,3398.4375,21.386187700466618,3.5508663497479422
OR,12k_Drive_End_OR014@6_0_197.mat,1.734723475976807e-17,0.8098247820567728,0.9999999999999999,0.9999999999999999,0.9999999999999999,6.588444061654619,3.6508417583905803,2.877594622891599,-0.03530321526884311,3.650841758390581,4.508187251467241,5.246818398218554,0.019419882319135412,0.024483331169039085,2905.1829892530423,0.03125004535071764,0.17757980013483704,3421.875,13.008305574710995,2.794910382596756
OR,12k_Drive_End_OR014@6_0_197.mat,-2.1250362580715887e-17,0.8011310790871873,1.0,1.0,1.0,6.286646951671534,3.379835622749891,2.961230535657197,-0.02908432442602796,3.379835622749891,4.218829740822055,4.97136228761183,0.01854666179168253,0.025151241166616094,2878.7713299360516,0.031250017533376535,0.2092212128020965,3410.15625,18.080814921689964,3.344395051695826
OR,12k_Drive_End_OR014@6_0_197.mat,-1.0408340855860843e-17,0.7980475846224674,1.0,1.0,1.0,6.441172895384524,3.4686506460391944,2.958279557773663,0.008572960594425357,3.4686506460391944,4.34642083113391,5.139909518535766,0.018566075623337494,0.025136958203177077,2864.332327932948,0.03125005330811066,0.2351240763074313,3421.875,22.13612285992071,3.622462804631885
OR,12k_Drive_End_OR014@6_0_197.mat,1.8214596497756474e-17,0.8002686207881012,1.0,1.0,1.0,7.535861275407315,3.9941366391897435,3.1009493285361667,0.07654630427770616,3.9941366391897435,4.990994942743518,5.873601567506446,0.019093239299710865,0.024738852379929243,2900.809576798012,0.03125000166451123,0.1983644123200229,3398.4375,16.22716311963208,3.0559325428917457
OR,12k_Drive_End_OR014@6_0_197.mat,3.469446951953614e-18,0.8044591654438086,1.0,1.0,1.0,7.275203052958435,3.804719039722417,3.008188106086796,0.07300868383126591,3.804719039722417,4.72953656712135,5.553993729376809,0.01893731865290249,0.024858419524125784,2954.7562974658517,0.031250008943982825,0.173855379316456,3410.15625,12.358109082776181,2.769951876962234
OR,12k_Drive_End_OR014@6_0_197.mat,-3.903127820947816e-18,0.7978620076729797,1.0,1.0,1.0,6.835566159652551,3.451612594249555,3.1985220205769203,-0.01866551844625854,3.451612594249555,4.326077142482852,5.084454261452077,0.01855263588962243,0.02514682409467361,2909.5392448611747,0.031250008968020535,0.1876096106407579,3421.875,16.243157486850972,3.159044648988544
OR,12k_Drive_End_OR014@6_0_197.mat,3.686287386450715e-18,0.7963173583529545,0.9999999999999999,0.9999999999999998,0.9999999999999999,6.47500009719481,3.3015836240399867,3.147705573346374,-0.055516884455203384,3.301583624039987,4.1460651201535335,4.880472476968481,0.01835796201466212,0.025289291836621004,2966.9654001361237,0.03125000881487176,0.20416816469152674,3421.875,17.18890173295724,3.3097917775312267
OR,12k_Drive_End_OR014@6_0_197.mat,-1.496198998029996e-17,0.8055119864396271,0.9999999999999999,0.9999999999999999,0.9999999999999999,6.148325231282376,3.097024168807388,2.7954741571588957,-0.013843038593309579,3.0970241688073883,3.844789675317276,4.517598060927903,0.018970779259032407,0.024832917243174022,2942.4819518553054,0.031250027912007754,0.22278213506978406,3398.4375,21.56192420670769,3.5610450539570673
OR,12k_Drive_End_OR014@6_0_197.mat,-2.6020852139652106e-18,0.7990713739807094,1.0,1.0,1.0,6.627720835627143,3.549890081015889,2.9302650933902195,0.07310365619809389,3.549890081015889,4.442519400152593,5.2470434039111,0.018834980330780838,0.024936038624289968,2927.3662543670157,0.03125000010132772,0.21604713804552556,3398.4375,19.63920254019681,3.411058928893254
OR,12k_Drive_End_OR014@6_0_197.mat,-2.7755575615628914e-17,0.7869569796783857,1.0,1.0,1.0,6.888583771228602,3.676977719344451,3.243725042778803,0.07585819411130247,3.676977719344451,4.672399907866834,5.550290170241931,0.01837002925238482,0.025280519600847012,2948.865909311882,0.031250002336356456,0.18344348493228066,3410.15625,17.783053396265803,3.420160695628656
OR,12k_Drive_End_OR014@6_0_197.mat,1.734723475976807e-18,0.7954278815512017,1.0,1.0,1.0,6.985469973165063,3.7307157931178483,3.173714997227038,-0.04014176864952775,3.7307157931178483,4.690199928423935,5.526036177225591,0.018812007651297865,0.0249533742517135,2946.745580503615,0.03125000029469708,0.21888907113742925,3421.875,18.860632958829715,3.400552079042123
OR,12k_Drive_End_OR014@6_0_197.mat,1.3010426069826053e-17,0.8022891329996262,0.9999999999999999,0.9999999999999999,0.9999999999999999,6.296146332376749,3.2935065095594274,3.0550328030455067,-0.10878572158882875,3.293506509559428,4.105136632283117,4.818358593444693,0.018523556307772984,0.025168271586933282,2910.9179269974293,0.031250024527364285,0.20370170593696774,3410.15625,20.57937587254007,3.5613754839879026
OR,12k_Drive_End_OR014@6_0_197.mat,-1.6046192152785466e-17,0.7964026342794726,0.9999999999999999,0.9999999999999998,0.9999999999999999,6.622014759059702,3.3780864910959667,3.0384562945083995,0.0059464473434357335,3.378086491095967,4.241681714365768,5.023138959374632,0.018374598345009666,0.02527720086281059,2893.9325710876105,0.03125000396478862,0.2526500365895994,3410.15625,24.093428151174948,3.7143118449981594
OR,12k_Drive_End_OR014@6_0_197.mat,-5.204170427930421e-18,0.7910972850425309,0.9999999999999999,0.9999999999999998,0.9999999999999999,7.643997480878332,4.05566624943356,3.248699714827055,0.05372863722791683,4.0556662494335605,5.126634013433025,6.101205540840222,0.01871964700912051,0.025022764681448734,2910.9276511188036,0.03125002298317927,0.21851866763097702,3421.875,17.824985906958645,3.243588967792547
OR,12k_Drive_End_OR014@6_0_197.mat,-6.5052130349130266e-18,0.7907128292460003,0.9999999999999999,0.9999999999999999,0.9999999999999999,7.497113011812333,3.9933046110401906,3.4013216162902293,-0.030884723001267798,3.993304611040191,5.050259036328125,5.97566675953743,0.019199563357015288,0.024656466130493382,2890.0633036194545,0.03125003288229008,0.17690288356459258,3421.875,12.055248164746033,2.7303982808864404
OR,12k_Drive_End_OR014@6_0_197.mat,5.854691731421724e-18,0.7975622408271437,0.9999999999999999,0.9999999999999998,0.9999999999999999,6.76008394864569,3.5041542374862007,3.1526543886299936,-0.013749477733425983,3.504154237486201,4.393580912070359,5.1603990366536125,0.019046065833176067,0.02477520088266144,2848.941167063407,0.03125001123996446,0.18146453652066993,3562.5,14.273604478284295,2.962793405898599
OR,12k_Drive_End_OR014@6_0_197.mat,-1.951563910473908e-18,0.8034245945072476,1.0,1.0,1.0,6.970593724367147,3.74480706965357,2.965258183599475,0.04696417852397128,3.74480706965357,4.661056053369037,5.472859974468381,0.01891469254570788,0.024875629285950645,2850.11458993968,0.03125000042353124,0.23507552119491718,3445.3125,20.63680087066497,3.460888252828409
OR,12k_Drive_End_OR014@6_0_197.mat,7.37257477290143e-18,0.7912932093637536,1.0,1.0,1.0,6.900369367562328,3.6153839992092327,3.2597458670558774,-0.004464923349185378,3.6153839992092327,4.568956180119648,5.423053657565501,0.01905391349512392,0.024769160378435406,2893.3697508266073,0.03125000680531638,0.20597716071522262,3445.3125,15.553104801689788,3.0160374362749476
OR,12k_Drive_End_OR014@6_0_197.mat,1.2576745200831851e-17,0.7856308257206217,0.9999999999999999,0.9999999999999998,0.9999999999999999,6.667977917551816,3.376654663706499,3.329704198095446,-0.040364942940646506,3.3766546637064994,4.29801702422923,5.132714849494085,0.018898808908185835,0.024887698951763907,2906.760924437446,0.03125000059618807,0.181962151002182,3562.5,12.782352271928895,2.7884835504514784
OR,12k_Drive_End_OR014@6_0_197.mat,2.6020852139652106e-17,0.8047054803661935,0.9999999999999999,0.9999999999999998,0.9999999999999999,6.714625300566224,3.5220357402538873,2.848137526742175,0.013112908903304568,3.5220357402538878,4.37680098643187,5.148258232207067,0.019135959022203986,0.024705821557930423,2902.1234862101765,0.0312500007448283,0.1836413629911268,3410.15625,14.540022678258518,2.9469090573929337
OR,12k_Drive_End_OR014@6_0_197.mat,2.211772431870429e-17,0.8027747121322417,1.0,1.0,1.0,5.998352968070241,3.2672650728605594,2.879635691116828,-0.014369044618394517,3.2672650728605594,4.069965114100829,4.769728381856998,0.01893705435793435,0.024858658663853287,2916.919796882541,0.031250039013116904,0.21044747604550668,3410.15625,22.56122601814999,3.6762267025642266
OR,12k_Drive_End_OR014@6_0_197.mat,2.1250362580715887e-17,0.7980901901705776,1.0,1.0000000000000002,1.0,6.137096021471542,3.21876112504858,2.9152528841557683,-0.057718359299277565,3.21876112504858,4.033079424720942,4.747430595368537,0.019064712479310325,0.02476090063230534,2936.2156009270916,0.03125004739263078,0.21081183362435385,3410.15625,18.548502806701816,3.2854881666293823
OR,12k_Drive_End_OR014@6_0_197.mat,8.673617379884035e-18,0.8020573269656457,0.9999999999999999,0.9999999999999999,0.9999999999999999,5.669737686515489,2.855181458989064,2.7706484340162763,0.05785998567724536,2.8551814589890645,3.5598221760417372,4.205644289910033,0.018729324950956514,0.025015495355186233,2976.1667194616907,0.031250001935741796,0.18417483461511466,3421.875,16.399304092243515,3.133840569794794
OR,12k_Drive_End_OR014@6_0_197.mat,-1.0842021724855044e-17,0.8012303892579276,0.9999999999999998,0.9999999999999997,0.9999999999999998,6.103590752354828,3.073753321412705,2.8813592930966476,0.0036806610503882812,3.0737533214127057,3.8362914869710707,4.528339189021267,0.01848993428007347,0.025192963687950785,2977.630096444766,0.03125000942502006,0.2091631180820495,3445.3125,18.904136329470596,3.4014566736894283
OR,12k_Drive_End_OR014@6_0_197.mat,1.7780915628762273e-17,0.8050767996311994,1.0,1.0,1.0,6.3934391688435666,3.20586264781472,2.8861400193060587,-0.11328321223592817,3.20586264781472,3.982058170454428,4.664485356049961,0.018552432797699813,0.02514698251210304,2932.4733015142046,0.03125001587483091,0.22903553218468428,3410.15625,25.4099151928138,3.8925164226532605
OR,12k_Drive_End_OR014@6_0_197.mat,-3.903127820947816e-18,0.7993533700146082,1.0,1.0,1.0,6.188031083691964,3.13698311649834,2.878906180359351,0.006533338281909246,3.13698311649834,3.924400939775874,4.644666924686512,0.019009781712654245,0.024803051645467547,2947.6940460300957,0.03125001074704606,0.23923409496369902,3421.875,20.90190826578909,3.4139438293785243
OR,12k_Drive_End_OR014@6_0_197.mat,-6.071532165918825e-18,0.8049359011679507,1.0000000000000002,1.0000000000000004,1.0000000000000002,5.816367849763464,3.0885573606602468,2.752720619072554,0.011103401054037162,3.088557360660246,3.837022744517661,4.528177841108382,0.019728395714444506,0.024235379790011696,2943.145185142537,0.03125001169650693,0.18630335519047564,3421.875,15.362281643301936,3.0370788563969286
OR,12k_Drive_End_OR014@6_0_197.mat,-2.168404344971009e-18,0.8131238767668587,1.0,1.0,1.0,6.326399885209128,3.5874778113620294,2.657904609300775,-0.025634593392835664,3.5874778113620294,4.411969582822423,5.1549003103057185,0.018903583591564917,0.024884083502632146,2888.1535994279657,0.03125000934990663,0.20364986508385352,3421.875,17.48805781534336,3.2887296534878283
OR,12k_Drive_End_OR014@6_0_197.mat,7.589415207398531e-18,0.8141796558920549,1.0,1.0,1.0,6.159213537569454,3.580638874301399,2.6424032101482586,0.022144267431106222,3.580638874301399,4.397848617794652,5.126903697771801,0.01896922038738947,0.02483407994249732,2944.8879791044924,0.031250005579130706,0.23819343592712275,3398.4375,19.714603081152664,3.300200802372112
OR,12k_Drive_End_OR014@6_0_197.mat,-1.214306433183765e-17,0.8132109623910977,0.9999999999999999,0.9999999999999999,0.9999999999999999,5.359356921926257,2.749068611135602,2.626047063693026,0.018945881431730722,2.7490686111356024,3.380511009163563,3.9355777757439,0.019460557379692853,0.024450970130796383,2962.43777764251,0.031250011741844434,0.17447616388521817,3398.4375,11.528795460606315,2.591976119181033
OR,12k_Drive_End_OR014@6_0_197.mat,2.8189256484623115e-17,0.8091479255370027,1.0,1.0,1.0,5.270544729734266,2.673501639801597,2.6708262733866728,0.04936044203146277,2.673501639801597,3.304095030617905,3.8685069267699386,0.019341608705321055,0.0245451733250873,2956.7293051752226,0.031250013773890216,0.18387463639623614,3410.15625,12.857800595621988,2.7994263982102168
OR,12k_Drive_End_OR014@6_0_197.mat,-8.239936510889834e-18,0.8035205986463553,1.0,1.0000000000000002,1.0,5.623016748769932,2.820633482210392,2.6940052241673853,0.10015888601006256,2.820633482210392,3.5103437136050406,4.146727917569202,0.01877563770137213,0.02498076178510513,2927.9393490505836,0.03125000848731653,0.20581320543443699,3410.15625,19.640111871081082,3.498291731332815
OR,12k_Drive_End_OR014@6_0_197.mat,2.5153490401663703e-17,0.7971580706761026,1.0,1.0,1.0,5.661654900014476,2.8585421450593733,2.751357080013512,0.03159071736006925,2.8585421450593733,3.5859163322964616,4.261502322167376,0.019466437104758663,0.024446425401792253,3002.927911719873,0.0312501182154391,0.20408500961670575,3398.4375,16.828729609650793,3.1634653916608055
OR,12k_Drive_End_OR014@6_0_197.mat,1.3010426069826053e-18,0.7926773685616276,1.0,1.0,1.0,5.798981634659764,3.1291819466825346,2.9169635293572282,0.0531060764397035,3.1291819466825346,3.9476110594158493,4.689118414417817,0.019436536932868335,0.02447007473581081,2937.9224278322613,0.031250016408298435,0.1982369598582819,3421.875,16.974658366418513,3.0709021420576783
OR,12k_Drive_End_OR014@6_0_197.mat,-3.903127820947816e-18,0.7904973479535847,1.0,1.0,1.0,6.446691952220423,3.3083521685219592,3.1002456545627854,0.13554647197165043,3.3083521685219592,4.185152773866377,4.9523563332672955,0.019215360451209,0.02464429228179722,2935.1807389663254,0.031250139509137194,0.18686171138723268,3574.21875,15.917099929947373,3.1354341204019827
OR,12k_Drive_End_OR014@6_0_197.mat,-2.6020852139652106e-18,0.7867048308598907,1.0,1.0,1.0,6.306293308310286,3.2080726394631585,3.103579091516484,0.06238392167012646,3.2080726394631585,4.077860607461433,4.835548893367404,0.018236199806658516,0.025377247534009217,2911.791741949006,0.03125001881264632,0.25077682641919213,3410.15625,23.953552493840323,3.750692843059479
OR,12k_Drive_End_OR014@6_0_197.mat,8.673617379884035e-19,0.7820696175233796,1.0,1.0,1.0,5.9273499507807745,3.096287110442026,3.029195606102737,-0.037288448955331725,3.096287110442026,3.959093974584001,4.74912152352591,0.01879110084041422,0.024969156175189043,2978.2693003573663,0.031250027694317284,0.1827923690149203,3398.4375,14.091802740502061,2.959175233868128
OR,12k_Drive_End_OR014@6_0_197.mat,2.168404344971009e-17,0.7872192852255241,1.0,1.0000000000000002,1.0,5.997104792652275,3.13484059527092,2.97607481025313,-0.028995163903278616,3.13484059527092,3.9821694591397683,4.77437377644651,0.01853315605347844,0.025161179548559794,2966.9351875721436,0.03125000527323872,0.19762164725403905,3421.875,14.07429677524983,2.9460192112087658
OR,12k_Drive_End_OR014@6_0_197.mat,-1.951563910473908e-18,0.8021501758179205,1.0,1.0,1.0,6.318226649184883,3.306228678362644,2.9422937385050534,0.033833389568336245,3.306228678362644,4.12170785226272,4.842707339504214,0.018906752152908175,0.024881668276566758,2889.904670503143,0.03125000309114555,0.1782431827540777,3421.875,15.19753888160965,3.0295967401841364
OR,12k_Drive_End_OR014@6_0_197.mat,3.903127820947816e-17,0.8120836886893895,1.0,1.0,1.0,6.353898461924747,3.256288269956172,2.8117764957986875,0.07810840092867755,3.256288269956172,4.009793960043022,4.658565439041098,0.018757580345844935,0.0249943213875273,2860.2182641152876,0.03125000675286059,0.19450467726746293,3410.15625,17.269926541597123,3.240402743601919
OR,12k_Drive_End_OR014@6_0_197.mat,1.734723475976807e-17,0.8045461447008643,0.9999999999999999,0.9999999999999998,0.9999999999999999,6.77392132199509,3.5879535810562553,2.9977505497753674,0.0281483750074301,3.5879535810562557,4.459599495551968,5.202750878413215,0.018543662426684,0.02515343432052488,2920.2763164361086,0.03125000278898821,0.1780394212065074,3398.4375,16.66301031470227,3.222996659568284
OR,12k_Drive_End_OR014@6_0_197.mat,-2.168404344971009e-17,0.7908766835355039,1.0,1.0,1.0,6.662609794388819,3.5865377757024164,3.190821280813225,-0.035584640696904174,3.5865377757024164,4.534888751137914,5.369495445448334,0.018699406997050215,0.02503787282421065,2903.7127900884407,0.031250006361642185,0.20500042203660868,3398.4375,17.272479479803664,3.205139853002578
OR,12k_Drive_End_OR014@6_0_197.mat,-1.3444106938820255e-17,0.7909945476841654,1.0,1.0,1.0,6.637734980809196,3.323108681346577,3.0631384314548247,0.10273464464843976,3.323108681346577,4.201177733874158,5.007567026116128,0.018340546689863263,0.025301917818435816,2903.4032211942263,0.03125000317078278,0.20444525797859484,3410.15625,22.30322945273499,3.697019490089639
OR,12k_Drive_End_OR014@6_0_197.mat,-9.540979117872439e-18,0.7990257109488361,0.9999999999999999,0.9999999999999998,0.9999999999999999,6.775468963825691,3.4304385551114462,2.928518381012546,0.12348010212240662,3.4304385551114467,4.2932768096258505,5.085443751556631,0.018573747472860898,0.025131233558318512,2910.578248955984,0.031250007925572774,0.2192307756998798,3421.875,19.98831458928977,3.4848245174353463
OR,12k_Drive_End_OR014@6_0_197.mat,-8.239936510889834e-18,0.7988785258489324,1.0,1.0,1.0,6.2532614219006275,3.42252021096572,2.9296243630888403,-0.07913351178443348,3.42252021096572,4.28415597644055,5.062885743211829,0.018679398215240266,0.025052821937197108,2844.274527930294,0.03125002087519984,0.20718102872537236,3433.59375,18.386731741039767,3.362490249054021
OR,12k_Drive_End_OR014@6_0_197.mat,-1.1275702593849246e-17,0.802480041261405,1.0,1.0,1.0,5.965250689139512,3.0820573706746996,2.839038599886518,-0.0768513510248727,3.0820573706746996,3.840665452352017,4.53460684877791,0.018528858676370646,0.025164345520098375,2852.0395274857206,0.03125000622886036,0.21993182203665332,3398.4375,20.4794660310267,3.4805310290455203
OR,12k_Drive_End_OR014@6_0_197.mat,1.8214596497756474e-17,0.8050974423010672,0.9999999999999999,0.9999999999999999,0.9999999999999999,6.613300724704581,3.8160573856233517,2.84367451259689,-0.005191813295158472,3.816057385623352,4.739870213370188,5.59415212889888,0.019080009542722754,0.024749073367053172,2894.0898076682065,0.03125001434684746,0.2098934723099147,3574.21875,20.022422856180867,3.4633535521362666
OR,12k_Drive_End_OR014@6_0_197.mat,-1.7780915628762273e-17,0.8035764058830153,1.0,1.0000000000000002,1.0,7.564241325588982,3.8197578951166884,3.028323072334233,0.0017375795866402047,3.8197578951166884,4.753447048907965,5.589385533850174,0.019134145508081127,0.024707313104605708,2908.6815093871555,0.03125006952269774,0.18634729214781906,3562.5,15.504508455238712,3.141220036949216
OR,12k_Drive_End_OR014@6_0_197.mat,1.0408340855860843e-17,0.8000698530544939,0.9999999999999999,0.9999999999999999,0.9999999999999999,6.8149197244196476,3.838060605265425,3.001407635107406,-0.018009482985065488,3.8380606052654254,4.797156886505021,5.642073386615941,0.019046695891213862,0.02477472647982907,2844.239924851402,0.03125001914435776,0.1754619028424768,3410.15625,15.148816026624587,3.0601041104367863
OR,12k_Drive_End_OR014@6_0_197.mat,-3.903127820947816e-18,0.7982379627621949,0.9999999999999999,0.9999999999999998,0.9999999999999999,5.904487621242958,3.2038084577532997,2.9020078401397105,-0.02276428551531856,3.2038084577533,4.013600714587605,4.726476639975559,0.019214832948553803,0.024644705187039956,2903.6964328022273,0.031250140783633966,0.20621667477939754,3398.4375,19.619180184092738,3.455703192137334
OR,12k_Drive_End_OR014@6_0_197.mat,-1.7564075194265172e-17,0.8052983089573755,1.0,1.0,1.0,6.316150385917393,3.2617516166025253,2.8473482792426603,0.03944198487617052,3.2617516166025253,4.050364418156465,4.75079271346916,0.018762876961813717,0.024990435025701686,2922.4637005272753,0.03125007831442951,0.19150332392250569,3398.4375,15.98894807771443,3.1244376806825582
OR,12k_Drive_End_OR014@6_0_197.mat,1.7780915628762273e-17,0.8050486555082834,0.9999999999999999,0.9999999999999999,0.9999999999999999,6.499336281679433,3.418488245464598,2.7959881487079326,0.0729119190305917,3.4184882454645984,4.246312594990011,5.006715094771363,0.019202791961097285,0.024653989984013316,2941.929137015591,0.03125006305966456,0.18585834489476433,3562.5,11.3702743421632,2.612232185428627
OR,12k_Drive_End_OR014@6_0_197.mat,1.8214596497756474e-17,0.7973591876159283,1.0,1.0,1.0,6.756384742192473,3.7545021380445034,2.9443056874491615,0.048436904342055595,3.7545021380445034,4.708671068643873,5.594142797932566,0.01899932948732304,0.02481109999035217,2945.698688756964,0.03125004325915592,0.17820863450696678,3574.21875,13.842716042552002,2.906249158888366
OR,12k_Drive_End_OR014@6_0_197.mat,8.673617379884035e-18,0.7903000606231787,1.0,1.0,1.0,6.819037856986659,3.78899413243608,3.083324380931555,0.004198699972035105,3.78899413243608,4.79437408804996,5.7077628947480274,0.019456967650358765,0.024453812591502637,2946.7752237826094,0.03125000064651904,0.18876178643970937,3410.15625,15.45666345673127,3.0189446743327792
OR,12k_Drive_End_OR014@6_0_197.mat,-8.673617379884035e-18,0.7854777611471715,1.0,1.0,1.0,6.166650746784361,3.174621169253244,3.0614968014427206,0.09202466471263511,3.174621169253244,4.0416436037817105,4.814269646071967,0.019267690171508454,0.02460322584970655,2903.595426337746,0.03125000170811055,0.16928366412644325,3398.4375,14.400230887721126,2.9165119023191886
OR,12k_Drive_End_OR014@6_0_197.mat,8.673617379884035e-18,0.7859175753893252,0.9999999999999999,0.9999999999999999,0.9999999999999999,6.432823972607357,3.25116366118861,3.1524691614671814,0.037354477551785815,3.2511636611886106,4.136774342497761,4.926751930141984,0.019363461780180898,0.02452796273059618,2904.2740279219875,0.03125003372519847,0.2036502857065854,3562.5,17.14962829853973,3.1487786212468225
OR,12k_Drive_End_OR014@6_0_197.mat,1.431146867680866e-17,0.792344404436691,1.0,1.0,1.0,6.38274592735865,3.33211772422769,3.17454627367816,0.08887361084434983,3.33211772422769,4.205390617476026,4.977424678382207,0.018501242981943437,0.025184671222250574,2874.900885819798,0.031250018503190806,0.22424362497234127,3410.15625,20.730227933350946,3.5157944050315946
OR,12k_Drive_End_OR014@6_0_197.mat,2.0816681711721685e-17,0.7971050558048111,1.0,1.0,1.0,6.0545866887037185,3.2229952149218484,2.999601585597114,0.031033779556698823,3.2229952149218484,4.043375702425692,4.766599320872787,0.01892751332547675,0.0248658749977682,2823.8705843021535,0.03125000000145174,0.20080082843836405,3410.15625,17.000121944998952,3.166728584229777
OR,12k_Drive_End_OR014@6_0_197.mat,4.7704895589362195e-18,0.7957801566064193,1.0,1.0,1.0,5.726257403850376,2.882357296746005,2.9163034991597465,-0.01311187891804759,2.882357296746005,3.622052237439209,4.281209085630711,0.01845109330523992,0.02522142619470161,2830.411753979347,0.031250010935253286,0.19354611131527402,3398.4375,17.750938419596114,3.343293424559063
OR,12k_Drive_End_OR014@6_0_197.mat,-2.47198095326695e-17,0.8020976776030666,1.0,1.0000000000000002,1.0,5.928580440230046,2.9965703533175887,2.9037459448063956,0.10407151222834773,2.9965703533175887,3.7359170048619674,4.384552910698364,0.018459070176364535,0.025215575150995605,2870.5490499150164,0.031250000031543324,0.17798262888189126,3398.4375,15.215903069579815,3.09997503932586
OR,12k_Drive_End_OR014@6_0_197.mat,-2.688821387764051e-17,0.791962997390733,0.9999999999999999,0.9999999999999998,0.9999999999999999,6.8440885961561015,3.7271515184827386,3.21816341586439,-0.0205925151773186,3.727151518482739,4.706219268782155,5.558847704908598,0.018571775678989946,0.0251326847172227,2850.159678559256,0.03125000308745652,0.21762640159099145,3410.15625,17.708157920931686,3.2639541920433257
OR,12k_Drive_End_OR014@6_0_197.mat,8.673617379884035e-18,0.7852511260301576,1.0,1.0,1.0,7.267431858875774,3.771387236367669,3.3367375574325675,-0.03775132965863175,3.771387236367669,4.802778514223778,5.717910195252664,0.01924318389749051,0.02462240994723636,2830.7964686395394,0.03125001116995644,0.18704041858038997,3421.875,13.535120275753812,2.858146510653503
OR,12k_Drive_End_OR014@6_0_197.mat,-2.3852447794681098e-17,0.7976544432798156,1.0,1.0,1.0,7.044852884378208,4.05168659650517,3.0648787864998255,0.0627877067128494,4.05168659650517,5.079501067962893,6.001509536793118,0.01939045217027157,0.02450658840020559,2818.149375395006,0.03125000016615489,0.19156278151879766,3562.5,17.57252619121082,3.1875201557323205
OR,12k_Drive_End_OR014@6_0_197.mat,-1.1709383462843448e-17,0.8021263001951354,1.0,1.0,1.0,7.480509159318178,4.151875926362755,3.023534782467595,-0.10699092490499643,4.151875926362755,5.176087513092036,6.080344885978662,0.0196529060645186,0.024296635474602202,2873.330726572019,0.03125001139466176,0.1936563686859713,3410.15625,15.448680577135073,2.961146558701082
OR,12k_Drive_End_OR014@6_0_197.mat,-4.336808689942018e-18,0.7975397493974605,0.9999999999999998,0.9999999999999997,0.9999999999999998,6.467951638042966,3.420815457361454,3.048433699547962,-0.14827615682474315,3.420815457361455,4.289209986017465,5.058142611662921,0.01923067978138087,0.02463216303357992,2794.8995912534156,0.03125000000906995,0.17458898527329958,3421.875,14.081241931802778,2.935529349478398
OR,12k_Drive_End_OR014@6_0_197.mat,-2.5587171270657905e-17,0.7883867578446286,1.0,1.0000000000000002,1.0,6.434209116424099,3.408078394976417,3.124988798882499,-0.047529365430235636,3.408078394976417,4.322850886402209,5.152760334923995,0.020122117376509017,0.02390954887405747,2867.544863405643,0.03125005816114506,0.17896783475042885,3421.875,13.831603038575619,2.7837949654462455
OR,12k_Drive_End_OR014@6_0_197.mat,3.903127820947816e-18,0.7886058218167575,1.0,1.0,1.0,6.253281383789336,3.212170381041809,3.1078034764037903,-0.04140232511423847,3.212170381041809,4.073226816461669,4.856227359262389,0.018957437590434043,0.02484307070321791,2843.175586793407,0.03125000163136453,0.19146199775356113,3398.4375,16.41417005741582,3.1283674589084205
OR,12k_Drive_End_OR014@6_0_197.mat,1.3010426069826053e-17,0.794544871912652,1.0,1.0,1.0,6.0373458748117805,3.0361247834406253,2.9896168629818174,-0.055062133972639024,3.0361247834406253,3.8212124837354695,4.531190243645208,0.019334090073902382,0.024551083555300907,2834.2790183631955,0.031250003883601954,0.21354896252969954,3398.4375,16.131673384569346,3.017328183379482
OR,12k_Drive_End_OR014@6_0_197.mat,-9.540979117872439e-18,0.8014451934456579,1.0,1.0,1.0,6.716308883806065,3.4325101805891145,3.086731357479771,-0.10243211238171201,3.4325101805891145,4.282900700710056,5.0239167725185165,0.01967037775857749,0.024282507216041763,2849.564469080634,0.03125002268578793,0.16304508647339486,3398.4375,11.571220373051718,2.6172829985632053
OR,12k_Drive_End_OR014@6_0_197.mat,-1.2576745200831851e-17,0.8116804168511423,0.9999999999999999,0.9999999999999998,0.9999999999999999,6.335416888244234,3.2535080765893936,2.9168066226345757,-0.04796111218703086,3.253508076589394,4.008360937437855,4.650691794115232,0.01878405195694706,0.02497447105984652,2857.8587268137685,0.031250037002224465,0.18176689355603698,3398.4375,16.604642466223186,3.250148855849097
OR,12k_Drive_End_OR014@6_0_197.mat,-1.6479873021779667e-17,0.8113285925693601,0.9999999999999999,0.9999999999999999,0.9999999999999999,6.420420539751587,3.29798615376999,2.726933160451204,-0.054861840695384786,3.2979861537699904,4.064920408296897,4.746736319571074,0.018695505080483923,0.025040779069801136,2842.074978071314,0.03125000042619185,0.21009616706512782,3398.4375,21.490499525389176,3.62448296236722
OR,12k_Drive_End_OR014@6_0_197.mat,1.0408340855860843e-17,0.7961788531835168,1.0,1.0,1.0,7.639405854020172,4.359804800700389,3.1471080185409823,-0.09575428542581492,4.359804800700389,5.475911327295034,6.4709552431348465,0.018836882818237994,0.02493461334728963,2726.2411601026547,0.03125000955338836,0.27440113881381833,3398.4375,30.154101249567514,4.073799997289303
OR,12k_Drive_End_OR014@6_0_197.mat,9.974659986866641e-18,0.7919054769399465,0.9999999999999999,0.9999999999999998,0.9999999999999999,7.7822924206394255,4.44228142516617,3.294061381893792,-0.1619178587332441,4.442281425166171,5.609610685270013,6.629894532646137,0.019298966173971678,0.024578702453729128,2753.767642774245,0.03125000335508867,0.1846862379753582,3410.15625,14.814915333273563,2.9394103770203754
OR,12k_Drive_End_OR014@6_0_197.mat,2.710505431213761e-18,0.7930786725554044,1.0000000000000002,1.0000000000000004,1.0000000000000002,6.299677543389944,3.154303003532239,3.0406712277403907,-0.1540536208294188,3.154303003532238,3.977288902964264,4.706918400028823,0.01944631527171331,0.0244622991270493,2831.7730873452592,0.031250012099647374,0.1853973617007076,3421.875,12.83010152116918,2.744679955645199
OR,12k_Drive_End_OR014@6_0_197.mat,1.235990476633475e-17,0.7913621552838247,0.9999999999999999,0.9999999999999999,0.9999999999999999,6.543254373028034,3.3821170122475204,3.124628020469111,-0.1033282401294281,3.382117012247521,4.273791701644505,5.083516204664064,0.018504076288462127,0.025182579338225465,2821.4678567810142,0.03125001026264226,0.21572957427781678,3398.4375,20.72085025895705,3.5862417652752527
OR,12k_Drive_End_OR014@6_0_197.mat,3.0357660829594124e-18,0.7963220557438002,1.0,1.0,1.0,6.916765806046986,3.5763597884282956,3.1274135193627144,-0.08351366271008875,3.5763597884282956,4.491097242167701,5.3116213912682335,0.018955177582553162,0.024844793381016684,2795.8121553597125,0.03125000024530458,0.2467153013271445,3398.4375,22.76621239130579,3.5495829256154137
OR,12k_Drive_End_OR014@6_0_197.mat,2.0383000842727483e-17,0.792640925297153,1.0,1.0,1.0,6.275750365560572,3.234540789711962,3.103384924149894,0.005194559334164944,3.234540789711962,4.080713834576944,4.838470603993219,0.019797892572105135,0.02417863039284115,2831.411917870507,0.0312500034875236,0.1801323827999387,3398.4375,11.297468934749237,2.5312493983539195
OR,12k_Drive_End_OR014@6_0_197.mat,-9.75781955236954e-18,0.7871207291894459,1.0,1.0,1.0,7.2109652931142625,4.273540371622057,3.264293451182213,0.06836912274370013,4.273540371622057,5.429332773414347,6.465162034579286,0.01965063466228842,0.02429852329700395,2892.9849501393987,0.031250050832691056,0.20495415004474957,3410.15625,16.093206873704112,3.046937727007922
OR,12k_Drive_End_OR014@6_0_197.mat,-2.45029690981724e-17,0.8007931735076359,0.9999999999999999,0.9999999999999998,0.9999999999999999,7.607102025764083,4.2751535301526555,3.014984946324987,0.0019673956334161644,4.275153530152656,5.338648819178389,6.300698285159338,0.019357645765921663,0.024532511398654054,2840.206938648761,0.031250001041983916,0.22176563004732217,3421.875,22.479529104351627,3.526494867575749
OR,12k_Drive_End_OR014@6_0_197.mat,2.949029909160572e-17,0.8074635329383394,0.9999999999999999,0.9999999999999998,0.9999999999999999,6.40739390769089,3.2160457238032603,2.840238250212781,-0.05470124443470408,3.2160457238032607,3.9828990321087954,4.663442831879493,0.0185859178489603,0.025122226051387163,2811.5728213325037,0.03125000134504472,0.2643336375412916,3398.4375,24.660015612351735,3.6124690547274736
OR,12k_Drive_End_OR014@6_0_197.mat,-1.214306433183765e-17,0.7943175695893725,0.9999999999999999,0.9999999999999999,0.9999999999999999,6.252176186781025,3.22210875516862,3.0628801306817,0.019769032669271457,3.2221087551686205,4.056449055803096,4.788479005411584,0.01918084867067428,0.02467100880543538,2810.6542935054313,0.0312500180992776,0.19315190004433838,3398.4375,15.134576465755405,3.00457678797667
OR,12k_Drive_End_OR014@6_0_197.mat,-2.2551405187698492e-17,0.792334050958069,1.0,1.0,1.0,6.108981256612816,3.182154347166975,3.08387052291525,0.1187293028514334,3.182154347166975,4.016177700957317,4.753522027116025,0.019792252743348317,0.02418328603017579,2822.4575665086577,0.031250033469964064,0.1598027935596248,3445.3125,10.773857203931247,2.5321961797633534
OR,12k_Drive_End_OR014@6_0_197.mat,1.8865117801247777e-17,0.7912622126438726,1.0,1.0,1.0,7.022989797354804,3.6481683006022343,3.0492044868974855,0.09457482133947923,3.6481683006022343,4.61056808009633,5.4831233998268525,0.01923620839142655,0.024627846708683863,2861.935472717462,0.031250000748557105,0.23742040927890737,3421.875,19.504264999102325,3.2465974138445155
OR,12k_Drive_End_OR014@6_0_197.mat,-1.0191500421363742e-17,0.7887029954609595,1.0,1.0,1.0,6.927506417431176,3.600725630900714,3.036843273293904,0.015355837627869493,3.600725630900714,4.565375878655388,5.475003850769003,0.019071091646540063,0.024755988858295556,2905.006953623585,0.03125004833504716,0.18078447438719084,3398.4375,12.833328738087674,2.7862544383639682
OR,12k_Drive_End_OR014@6_0_197.mat,-9.107298248878237e-18,0.7971724254133268,0.9999999999999999,0.9999999999999999,0.9999999999999999,6.299948185821362,3.226175022027486,2.9270898931489215,-0.05460613199353234,3.2261750220274865,4.047022851241678,4.805908701521719,0.019103501051559,0.02473093635146542,2948.291784754065,0.0312500074439535,0.1840018658255166,3398.4375,15.674244457536401,3.1001993036953905
OR,12k_Drive_End_OR014@6_0_197.mat,-3.599551212651875e-17,0.7966632793947139,1.0,1.0,1.0,6.790074776424516,3.609170515121131,3.0480029406570406,-0.002111166549595013,3.609170515121131,4.530358820935357,5.348644650907681,0.019095030891409234,0.024737467757189217,2934.867445366059,0.03125000025250958,0.17721654413622817,3398.4375,14.297961846705258,2.969384587362488
OR,12k_Drive_End_OR014@6_0_197.mat,-6.071532165918825e-18,0.7914724618086533,1.0,1.0,1.0,7.148668880379239,3.7266899332422843,3.186361274116627,0.023539789449106147,3.7266899332422843,4.708552872106434,5.560550923656349,0.019586151713159965,0.02435050074266103,2907.5597600174524,0.03125002760557588,0.16946665422334486,3421.875,11.789828467769802,2.6656619584738803
OR,12k_Drive_End_OR014@6_0_197.mat,-8.673617379884035e-19,0.7803965707472513,0.9999999999999999,0.9999999999999999,0.9999999999999999,6.803065190743094,3.4938562235720427,3.3270762246527923,-0.03578805671997686,3.493856223572043,4.477026622793304,5.350549755635815,0.0196487122114892,0.02430002094625048,2947.6886727739256,0.0312500065529295,0.17287533469846597,3410.15625,10.584679704932427,2.476371978324872
OR,12k_Drive_End_OR014@6_0_197.mat,2.1250362580715887e-17,0.7875817634161286,1.0,1.0000000000000002,1.0,6.787934157223837,3.4937364296418467,3.1327457215077548,-0.02701895380696221,3.4937364296418467,4.436030126558285,5.280838206168881,0.019380456605077784,0.0245144999533147,2925.55387466255,0.031250004898917536,0.2189917492549565,3398.4375,15.644461606346916,2.917057913863057
OR,12k_Drive_End_OR014@6_0_197.mat,-1.0842021724855044e-17,0.7939746323867621,1.0,1.0,1.0,6.349201605453915,3.455779320455994,3.0060457977140826,-0.011507264656853715,3.455779320455994,4.352505961138327,5.1497592282305025,0.01982910576966357,0.02415316636762017,2901.670749727944,0.0312501020991363,0.20476210411328913,3410.15625,14.878032799945514,2.9368723243837707
OR,12k_Drive_End_OR014@6_0_197.mat,1.6479873021779667e-17,0.789579980885255,1.0,1.0,1.0,6.166936697085717,3.3509058001787246,3.0345994653682853,-0.0642720736822639,3.3509058001787246,4.243909269864951,5.0449641399527145,0.02003641894394944,0.023981421209035916,2886.167831776894,0.03125006635677201,0.19688010662022137,3421.875,14.257577715732332,2.804555920797102
OR,12k_Drive_End_OR014@6_0_197.mat,-1.5612511283791264e-17,0.8000898828167948,1.0,1.0,1.0,6.0202678361916675,3.0892473628787047,2.87193209797228,-0.03566665635590455,3.0892473628787047,3.8611253925655284,4.541358370059321,0.018727120821058502,0.025017205546228858,2901.870248317444,0.031250050041380525,0.20826608472363875,3421.875,17.70604085722289,3.273998876801044
OR,12k_Drive_End_OR014@6_0_197.mat,2.2768245622195593e-18,0.8001074806948036,0.9999999999999999,0.9999999999999998,0.9999999999999999,6.145104029893906,3.1759727262623443,2.9320421367111305,-0.013492070747008025,3.1759727262623447,3.9694326111091573,4.682457191028066,0.01866873285203242,0.02506075335160552,2904.5239783834127,0.031250007117608176,0.20852267415475517,3410.15625,19.024871616817887,3.3814735681906822
OR,12k_Drive_End_OR014@6_0_197.mat,9.86623976961809e-18,0.8011713246358053,1.0,1.0,1.0,6.53394758756038,3.5168942358581488,2.918862752199797,-0.0692535974339786,3.5168942358581488,4.389690603887815,5.171827025356265,0.019572304880033503,0.02436161155622841,2841.9292132712585,0.03125001177493449,0.1910113653934382,3574.21875,15.870314497756082,3.0113160509542767
OR,12k_Drive_End_OR014@6_0_197.mat,-2.4069288229178198e-17,0.7982915281198342,1.0,1.0,1.0,6.20869679105832,3.3290209923382106,3.0733892671148437,-0.10320712009049748,3.3290209923382106,4.170182038858466,4.901558291935411,0.019843979246885295,0.024140827226683738,2861.4007330728787,0.0312500088246293,0.1687500518587845,3445.3125,11.516309485795368,2.535780425141249
OR,12k_Drive_End_OR014@6_0_197.mat,1.2576745200831851e-17,0.802356707275288,1.0,1.0,1.0,6.4593463351254,3.3760349955941957,2.9500201531923027,-0.0040379166400823716,3.3760349955941957,4.207648499703861,4.941579910572434,0.018411971703314337,0.02525001714416662,2926.2280053576287,0.03125002508453963,0.19058141659066521,3410.15625,19.655626769683778,3.516379206559443
OR,12k_Drive_End_OR014@6_0_197.mat,-1.8214596497756474e-17,0.7992190841682812,0.9999999999999999,0.9999999999999999,0.9999999999999999,6.562019785140896,3.4279263364814283,2.9882395460662243,0.004697532712582457,3.4279263364814287,4.28909469804359,5.0584717228747484,0.018424922811925995,0.025240571979399593,2954.6746481549326,0.03125002807155031,0.21065195377995433,3410.15625,18.248133642230002,3.356038646893981
OR,12k_Drive_End_OR014@6_0_197.mat,1.713039432527097e-17,0.797242605227613,1.0,1.0,1.0,6.6450139103121195,3.4312736893775884,3.040759368585099,-0.03400467085523241,3.4312736893775884,4.303926642753819,5.083114512576141,0.019318800555680866,0.024563133364920327,2926.456770894278,0.03125001720980387,0.22764152060161105,3398.4375,21.674933210563594,3.5176456946132326
OR,12k_Drive_End_OR014@6_0_197.mat,-1.0842021724855044e-17,0.8097963728810755,0.9999999999999999,0.9999999999999999,0.9999999999999999,6.00196090081519,3.056641115063593,2.671191124172126,0.04947822488321993,3.0566411150635933,3.7745799035734664,4.4296009467705115,0.019297151892934725,0.02458021272022162,2966.0246601295876,0.03125007085672509,0.16711190340506366,3410.15625,13.594929105160615,2.8693392382946414
OR,12k_Drive_End_OR014@6_0_197.mat,-1.1709383462843448e-17,0.8031618529070395,0.9999999999999999,0.9999999999999998,0.9999999999999999,6.539490232762923,3.6077106643003427,2.844008368408259,0.02126115221644414,3.607710664300343,4.491884980894269,5.330590837870163,0.01836840578719499,0.025281725246198206,2918.091093930852,0.031250023401388265,0.21691114530924027,3410.15625,22.819955315819183,3.802444663132584
OR,12k_Drive_End_OR014@6_0_197.mat,-1.9949319973733282e-17,0.7997902320243079,1.0,1.0,1.0,6.634092440091287,3.6622619243502994,2.9577074462680377,-0.021285294887883367,3.6622619243502994,4.5790280722495655,5.433384748186998,0.018898161041179376,0.024888346569949243,2925.431125273173,0.03125012457133978,0.17861915068619932,3421.875,15.453131852105816,3.13649534801019
OR,12k_Drive_End_OR014@6_0_197.mat,-1.929879867024198e-17,0.8053147481637218,1.0,1.0,1.0,5.535273856114789,2.93032134047614,2.728607058413113,-0.0018621797527539202,2.93032134047614,3.638728021755291,4.2947967568218255,0.019147561293827425,0.024696831143217485,2916.6697760268403,0.03125000115227958,0.19941277567485227,3574.21875,16.09587639920453,3.087352023263172
OR,12k_Drive_End_OR014@6_0_197.mat,-1.8214596497756474e-17,0.7998130921991233,1.0,1.0000000000000002,1.0,6.3263370933862,3.203103759815196,2.839742322618401,0.03396774510449359,3.203103759815196,4.004815363809704,4.755051992161479,0.01861773456872687,0.02509883911053133,2986.9659042927524,0.03125014824233486,0.21100702882332292,3421.875,16.6492162584507,3.1979980474079195
OR,12k_Drive_End_OR014@6_0_197.mat,-1.8214596497756474e-17,0.8029371581759115,1.0,1.0,1.0,6.242517754043967,3.1617566201949194,2.8728522768498923,-0.0227424037419969,3.1617566201949194,3.9377385739348556,4.635549015851591,0.018392698960269495,0.02526402940591526,2924.689526089768,0.03125000090985678,0.19075466394611681,3433.59375,17.287749999632783,3.352399829387298
OR,12k_Drive_End_OR014@6_0_197.mat,-1.5178830414797062e-17,0.8109681185825808,1.0,1.0,1.0,6.102183767763239,3.1860189885187826,2.7934314276738306,0.010965225998712295,3.1860189885187826,3.928661208146311,4.573290140146576,0.01904855653461468,0.02477332470100526,2942.795783991728,0.03125004196467341,0.18957541261955613,3421.875,16.377456672864128,3.174989990525842
OR,12k_Drive_End_OR014@6_0_197.mat,-1.9081958235744878e-17,0.8037672375349194,1.0,1.0000000000000002,1.0,5.904937732817313,3.1828962234824205,2.79536989787038,0.07015786289235713,3.1828962234824205,3.959972582664693,4.655443961757002,0.018922981725057297,0.024869330605930853,2904.561321920999,0.031250005474462585,0.21779828795543615,3398.4375,17.866062444208033,3.245573050702249
OR,12k_Drive_End_OR014@6_0_197.mat,3.859759734048396e-17,0.8056929328869764,1.0,1.0,1.0,6.046182887418528,3.0634382567959237,2.7657820811476626,0.06640581203726938,3.0634382567959237,3.802240446393076,4.452788744351518,0.018811102674690876,0.02495405662420309,2920.6456427260937,0.03125000041346714,0.21026133072931236,3398.4375,19.647567510966983,3.395173986641902
OR,12k_Drive_End_OR014@6_0_197.mat,-1.6479873021779667e-17,0.8163641909193202,1.0000000000000002,1.0000000000000004,1.0000000000000002,5.816123344290249,2.9317407495990273,2.6677231007576876,0.033483028879778345,2.931740749599027,3.5912167415103657,4.153621165624261,0.01808488127119693,0.025485282833237408,2984.9494390910727,0.03125000114693429,0.24452112371127008,3410.15625,24.509532855225995,3.9144261686447988
OR,12k_Drive_End_OR014@6_0_197.mat,-9.540979117872439e-18,0.8149069952075146,0.9999999999999999,0.9999999999999999,0.9999999999999999,5.586787521467625,2.85313511737243,2.660340753741578,-0.010850714750243039,2.8531351173724304,3.501178826727195,4.062990365343018,0.017824566523903483,0.025668022120447782,2960.701750678366,0.03125000050145371,0.23636980120046977,3398.4375,24.583064419661035,3.9386785878569865
OR,12k_Drive_End_OR014@6_0_197.mat,-8.673617379884035e-18,0.8055549527006634,1.0,1.0,1.0,6.4990334595373245,3.320936191930799,2.8548602448336506,-0.020472607050696617,3.320936191930799,4.122544564833465,4.8207467877483134,0.018325515066850803,0.025312805045601922,2941.9722896485437,0.03125000162787237,0.24208298897874803,3398.4375,21.164956513072653,3.5085619721062367
OR,12k_Drive_End_OR014@6_0_197.mat,-2.0816681711721685e-17,0.8072376550013155,1.0,1.0,1.0,6.468255495954893,3.3008804961481975,2.7556693698311765,-0.012382628778838244,3.3008804961481975,4.08910619530356,4.795432419108209,0.019017465184792404,0.02479718569132471,2970.036612322842,0.03125003040422249,0.21479441639328747,3562.5,17.762619379312714,3.177492041621048
OR,12k_Drive_End_OR014@6_0_197.mat,1.0842021724855044e-17,0.8098591373954824,0.9999999999999999,0.9999999999999998,0.9999999999999999,6.057452891111626,3.24692772807768,2.6525008613846874,0.05487500543879372,3.2469277280776803,4.009249977125457,4.695427686692263,0.018541562424433514,0.025154978888937852,2961.309139662854,0.031250000000673184,0.1699860608732526,3433.59375,15.621973274261135,3.1888148495586646
OR,12k_Drive_End_OR014@6_0_197.mat,-6.938893903907228e-18,0.8143484803135834,1.0,1.0,1.0,6.168047169953917,3.308952808816253,2.6946680297147148,0.0687959669736866,3.308952808816253,4.0633130518547365,4.722797082911621,0.018707296059640666,0.025031986775491004,2940.2703162969456,0.03125001260465992,0.21203222923100767,3398.4375,19.19332837223668,3.3698940330383085
OR,12k_Drive_End_OR014@6_0_197.mat,3.382710778154774e-17,0.804034121680516,1.0,1.0,1.0,6.527050666793739,3.6040230527413404,2.8978219404577623,-0.04465967413006845,3.6040230527413404,4.4824255035452385,5.278898666630633,0.018544461298536728,0.025152842870005226,2963.664747310882,0.03125000078873758,0.2516767857878355,3398.4375,25.565582314458947,3.81648256257236
OR,12k_Drive_End_OR014@6_0_197.mat,-1.3010426069826053e-17,0.781262229822429,0.9999999999999999,0.9999999999999998,0.9999999999999999,6.588358683463348,3.640526024700511,3.147280302540971,-0.18001022978600778,3.6405260247005113,4.65980036629693,5.617049978325217,0.019020045139179428,0.024795312630818658,3005.413469195114,0.03125011432869419,0.230288370076621,3398.4375,21.79737438520347,3.5502450124867453
OR,12k_Drive_End_OR014@6_0_197.mat,-1.9949319973733282e-17,0.7974675857206455,1.0,1.0,1.0,5.965825865107971,3.0825458838421347,2.8645737742774093,-0.07342804762023453,3.0825458838421347,3.8654184057607037,4.567957892579058,0.01875607284128668,0.02499550102901425,2927.927224089236,0.03125004544187263,0.17812042384296137,3421.875,16.34558143628768,3.241643952055939
OR,12k_Drive_End_OR014@6_0_197.mat,1.9949319973733282e-17,0.8039103770002992,1.0,1.0,1.0,6.046848831527546,3.0548489216803345,2.912569831803186,0.06825575050819971,3.0548489216803345,3.79998692525796,4.451366453963708,0.018732720585181578,0.02501303444588896,2988.513090463241,0.031250067403346724,0.209685195766584,3398.4375,19.974015986209665,3.4902890528465096
OR,12k_Drive_End_OR014@6_0_197.mat,-9.540979117872439e-18,0.7990853312939385,1.0,1.0,1.0,6.153194381863745,3.112109142541084,3.010761140122864,0.03822537626468292,3.112109142541084,3.8945892518158542,4.585599147528476,0.018506452466113453,0.025180933819670057,3019.990564078686,0.03125009137444433,0.24882793572650036,3398.4375,25.88462021648042,3.886994604734743
OR,12k_Drive_End_OR014@6_0_197.mat,-8.673617379884035e-18,0.80368530061816,1.0,1.0,1.0,6.142522966693552,3.12884562038842,2.8780533410805997,-0.026827767557775016,3.12884562038842,3.8931228653576806,4.557726268485359,0.01909236333751041,0.02473953021464474,2973.0172891305097,0.03125000308884516,0.19950596347777766,3410.15625,18.63039554516805,3.2567557637822797
OR,12k_Drive_End_OR014@6_0_197.mat,-9.107298248878237e-18,0.797107438407887,0.9999999999999999,0.9999999999999998,0.9999999999999999,6.121091525988438,3.214532682255223,3.041845462224194,-0.07585244852362272,3.2145326822552236,4.0327470644055365,4.736604803853841,0.019146441289521154,0.02469783731302757,3015.656184473599,0.031250110111707724,0.1573871108864751,3421.875,11.457734617887263,2.698015395476943
OR,12k_Drive_End_OR014@6_0_197.mat,5.204170427930421e-18,0.7965378394510405,1.0,1.0,1.0,6.812734594940378,3.602558571903584,3.0439923764208183,-0.07984327137531509,3.602558571903584,4.522771415839331,5.3398674635294645,0.018146562071099555,0.025441446761892233,3048.091365106014,0.031250038853391296,0.21117467077751595,3398.4375,22.072822095751953,3.6982614152672952
OR,12k_Drive_End_OR014@6_0_197.mat,-6.938893903907228e-18,0.8007277227271665,1.0,1.0000000000000002,1.0,6.761098806025762,3.574823282753922,2.9262260572534697,-0.017459111900315627,3.574823282753922,4.464467984920734,5.265619569968697,0.018393162139225584,0.025263789990564077,2985.488054743987,0.031250079970572345,0.23031651513946447,3398.4375,26.64027891419832,4.042425151877422
OR,12k_Drive_End_OR014@6_0_197.mat,-1.5178830414797062e-17,0.7996169729347173,1.0,1.0,1.0,5.679518103707878,2.8501481706432665,2.857270998865941,-0.017173422584162795,2.8501481706432665,3.5643917864609405,4.203595802707169,0.01907981731251092,0.024749398390771286,2945.3546009154775,0.03125015438976108,0.22766199632755796,3398.4375,19.71913216418233,3.334096355213806
OR,12k_Drive_End_OR014@6_0_197.mat,2.7321894746634712e-17,0.7982512388269458,1.0,1.0,1.0,6.332691598289346,3.270164894881589,2.9502740576951583,-0.019295490128736763,3.270164894881589,4.096661221205488,4.829171324897025,0.019231358418982145,0.02463163379946986,2896.096804723892,0.031250000484328654,0.18820786646853954,3398.4375,13.383630254046384,2.813932053412418
OR,12k_Drive_End_OR014@6_0_197.mat,2.6020852139652106e-17,0.785862499068795,1.0,1.0000000000000002,1.0,6.733477338676277,3.6960651707698045,3.2008287888387876,0.00624543285661526,3.6960651707698045,4.703195756445235,5.605050122142057,0.01922239490369909,0.024638721966831412,2926.1582775073143,0.03125007337579509,0.19766846721809997,3410.15625,13.455670088389718,2.84429487199984
OR,12k_Drive_End_OR014@6_0_197.mat,2.0383000842727483e-17,0.7878031569244324,0.9999999999999999,0.9999999999999998,0.9999999999999999,7.207824402153671,3.6180842582710877,3.1863981905512566,-0.022470371673420298,3.618084258271088,4.592624726709672,5.4690443003080595,0.01834514694427252,0.02529862621399932,2861.235410767194,0.03125003847553799,0.2675470113678783,3421.875,29.01873724668708,4.113914957015173
OR,12k_Drive_End_OR014@6_0_197.mat,1.5829351718288365e-17,0.7928954197701231,1.0,1.0,1.0,7.175989258262039,3.8583641011776053,3.128594293212717,0.06297397457758606,3.8583641011776053,4.8661702476427795,5.778904341914745,0.01893863362514602,0.024857411709773465,2840.4421755363323,0.031250004167946835,0.19936420481119263,3398.4375,15.757306799809749,3.0615903818102157
OR,12k_Drive_End_OR014@6_0_197.mat,1.2576745200831851e-17,0.7900313560891101,1.0,1.0,1.0,6.434946962316369,3.374046490999183,3.0860057485842542,0.05298724605649496,3.374046490999183,4.27077541289211,5.093952805353985,0.01949761906244394,0.02442141289205754,2848.1427750874846,0.03125000090797649,0.19363487712981856,3398.4375,13.125348909607766,2.7094535226192096
OR,12k_Drive_End_OR014@6_0_197.mat,-3.903127820947816e-18,0.7941973237465516,1.0,1.0,1.0,6.158378666306824,3.2812960499459556,3.064126157506718,0.0013579401469820326,3.2812960499459556,4.131587896149975,4.88820435659479,0.018868643018830438,0.024910588978487306,2883.236378946414,0.031250010122033434,0.21044667846700285,3421.875,15.434976923886303,3.0350144837239887
OR,12k_Drive_End_OR014@6_0_197.mat,-1.474514954580286e-17,0.7953219346938643,1.0,1.0000000000000002,1.0,6.784176830244071,3.4617142182901883,3.0853844087087543,0.05183574482131373,3.4617142182901883,4.352594927012384,5.140381307915909,0.01869550222756922,0.025040791755281604,2915.566395782217,0.031250008884357534,0.20397675534192114,3421.875,15.42985981454884,3.0760674045335907
OR,12k_Drive_End_OR014@6_0_197.mat,-3.903127820947816e-18,0.7871760901285789,1.0,1.0,1.0,6.753870521802749,3.635935593205482,3.0566599293219356,0.019203200564616607,3.635935593205482,4.618960914592288,5.524989031400584,0.019618039949114287,0.024324791566296328,2955.802642943859,0.03125000761901996,0.20208231014647302,3398.4375,12.983819981769233,2.677757591576968
OR,12k_Drive_End_OR014@6_0_197.mat,2.992397996059992e-17,0.7890006120617415,1.0,1.0,1.0,6.1840688631969245,3.4216824768990293,2.9428770271408053,0.013228361264807587,3.4216824768990293,4.336729813121201,5.1841688435734365,0.019274673289759795,0.02459777279570266,2949.7681960357004,0.03125001531097208,0.15538202207797544,3410.15625,10.992459168486343,2.6151862905334644
OR,12k_Drive_End_OR014@6_0_197.mat,5.637851296924623e-18,0.8024339406348482,1.0,1.0,1.0,6.4398677792187815,3.5333886482206083,2.844864589058048,0.09121613128901304,3.5333886482206083,4.403338978190724,5.179319166292504,0.018582171037507325,0.02512499938309497,2950.0423448726297,0.03125000279148305,0.17073659232518262,3679.6875,13.2646206422501,2.8907311190552503
OR,12k_Drive_End_OR014@6_0_197.mat,-1.3010426069826053e-17,0.8093552622908989,1.0,1.0000000000000002,1.0,6.634254896180897,3.6405525667968925,2.7812405854579847,0.08158716455828602,3.6405525667968925,4.498089697337883,5.247394920451845,0.019497621231586503,0.0244214130781394,2931.8136639776344,0.0312500024067764,0.181875218153702,3421.875,11.260696695867743,2.587734406068461
OR,12k_Drive_End_OR014@6_0_197.mat,-2.7321894746634712e-17,0.7922438774229952,1.0,1.0,1.0,6.307077277125504,3.3303127703080024,2.98914958251873,0.01537233577593115,3.3303127703080024,4.203645954501811,4.9912577195363985,0.0191444787867315,0.024699221554041383,2895.53158697612,0.03125000181425971,0.19968241711733414,3574.21875,15.224337648540754,2.937786658711958
OR,12k_Drive_End_OR014@6_0_197.mat,5.854691731421724e-18,0.7903812084232865,0.9999999999999999,0.9999999999999999,0.9999999999999999,6.068769388554941,3.2005689018403936,2.97302731379043,0.023096497261792383,3.200568901840394,4.049399033948613,4.832729844863772,0.018652111664180022,0.02507313747920328,2872.047619586279,0.03125001588134106,0.2050049420096214,3410.15625,17.180137201511876,3.2154278847490234
OR,12k_Drive_End_OR014@6_0_197.mat,2.6454533008646308e-17,0.7958198199485391,1.0,1.0000000000000002,1.0,6.244023320713637,3.13720989203618,2.9767407762399847,0.07472972900232985,3.13720989203618,3.942110781105005,4.657842039143292,0.019215367237459535,0.024644201128913888,2890.478186764065,0.03125007179756222,0.209660671882354,3574.21875,16.678280791298413,3.1838472543851277
OR,12k_Drive_End_OR014@6_0_197.mat,3.903127820947816e-18,0.7882733578537964,1.0,1.0,1.0,6.565901334401595,3.4218867097489487,3.1798425791164875,-0.024708497012683323,3.4218867097489487,4.340989931545571,5.1567154114275455,0.019902791500082985,0.02409242381729588,2931.3761828930224,0.03125005591815767,0.16920011672340737,3421.875,9.889675641530774,2.4018338972309605
OR,12k_Drive_End_OR014@6_0_197.mat,-2.5153490401663703e-17,0.8005786517948446,1.0,1.0,1.0,6.744572387064698,3.6006745268026528,2.993979416839466,-0.0671371598411611,3.6006745268026528,4.49758998535644,5.297330959746434,0.01915121690287014,0.024694185626094982,2974.6943061516754,0.03125015060118615,0.19066390645435655,3574.21875,13.994826484915054,2.928099730742179
OR,12k_Drive_End_OR014@6_0_197.mat,1.214306433183765e-17,0.8052220763251625,1.0,1.0,1.0,6.591346945229914,3.4992848618063435,2.9341647114197182,0.014644384903690227,3.4992848618063435,4.345738852288089,5.078470681014292,0.018399429340015382,0.025259160565765763,2918.3758171049863,0.03125002708039395,0.18597513382988673,3410.15625,17.794309008081918,3.337321076498883
OR,12k_Drive_End_OR014@6_0_197.mat,3.0791341698588326e-17,0.789927308492765,1.0,1.0,1.0,6.492231894447322,3.3909009244352015,3.130695506554801,-0.013128411596291863,3.3909009244352015,4.292674639778274,5.099495721999998,0.01918415454477299,0.02466861415710144,2942.5989272014112,0.03125015696008069,0.22603245870758007,3410.15625,21.373608366440056,3.5132832837228865
OR,12k_Drive_End_OR014@6_0_197.mat,4.119968255444917e-18,0.7757331565925403,0.9999999999999999,0.9999999999999998,0.9999999999999999,7.893993586219337,4.024020770609683,3.630513304427444,-0.022356895947818818,4.024020770609684,5.187377562002716,6.235062741052933,0.019496198448874572,0.024422690083144908,2982.9245914438125,0.03125011271748062,0.1782676314582007,3421.875,11.770280317514247,2.620093377719952
OR,12k_Drive_End_OR014@6_0_197.mat,-1.6479873021779667e-17,0.7930126624680847,1.0,1.0,1.0,7.064990868177842,3.6024533817935898,3.207370724945523,-0.07396668957763625,3.6024533817935898,4.5427438328433665,5.3608614012381794,0.017978470125799152,0.025560492001759288,2938.023822701328,0.031250026230969036,0.2301566838089088,3410.15625,21.981401186391214,3.7237096976674517
OR,12k_Drive_End_OR014@6_0_197.mat,-2.168404344971009e-19,0.798888284639677,1.0,1.0,1.0,6.4456801400355666,3.3654912726846398,2.9313612363918296,-0.08112606575603029,3.3654912726846398,4.212718270368152,4.969790391007297,0.018475936278950326,0.025203410600452364,2908.3029174810986,0.031250154036081605,0.2023277457075009,3421.875,20.086705156140923,3.550396563428016
OR,12k_Drive_End_OR014@6_0_197.mat,-1.0191500421363742e-17,0.799174267353306,1.0,1.0,1.0,6.506061182662416,3.3385727090649295,2.9715008164531014,0.021843279274130635,3.3385727090649295,4.177527787677107,4.940561567024912,0.01900629098324108,0.024805726384516853,2815.4265556456826,0.03125001053444857,0.20132969304698012,3574.21875,18.020863852416642,3.316285969440485
OR,12k_Drive_End_OR014@6_0_197.mat,-1.5612511283791264e-17,0.8048302546667168,0.9999999999999999,0.9999999999999998,0.9999999999999999,6.361780965981489,3.2032476388646978,2.859188268379052,0.043698691704709844,3.203247638864698,3.980028857378348,4.6771481305252225,0.01867173260231692,0.02505854552123123,2880.2147954994057,0.03125002883217937,0.19627803474495345,3562.5,16.732403552004513,3.18357166235616
OR,12k_Drive_End_OR014@6_0_197.mat,-1.3010426069826053e-17,0.802240025421111,0.9999999999999999,0.9999999999999999,0.9999999999999999,6.564894340876273,3.44379743772047,2.839121117244738,0.09280315200140903,3.4437974377204705,4.29272702507302,5.052861855510977,0.018294238898020773,0.025335436762790913,2894.3989577699585,0.03125001652510336,0.18140926943247915,3410.15625,16.351560171947558,3.2722269309214047
OR,12k_Drive_End_OR014@6_0_197.mat,-2.3852447794681098e-17,0.7840748396365764,0.9999999999999999,0.9999999999999999,0.9999999999999999,8.183423553598562,4.367470702653128,3.809294465313296,0.013409323897453416,4.3674707026531285,5.570221721025352,6.596208016671669,0.018926976786947127,0.02486642933038539,2968.3719959174355,0.03125011612677121,0.21281355547635417,3398.4375,15.436357597495952,3.0138868485072394
OR,12k_Drive_End_OR014@6_0_197.mat,3.0357660829594124e-18,0.7816717444079558,1.0,1.0000000000000002,1.0,8.275234685199157,4.415352932644743,3.888575080853611,-0.078333370727874,4.415352932644743,5.648602452668882,6.711996241813067,0.01870282869390582,0.025035338320437472,2889.138413048005,0.03125002345554883,0.19639412236550396,3398.4375,14.962877109835281,2.989355440800885
OR,12k_Drive_End_OR014@6_0_197.mat,3.0357660829594124e-18,0.798063981186614,1.0,1.0,1.0,6.602084952522707,3.5167632346078532,3.0097033259423744,0.09184113638406925,3.5167632346078532,4.4066181628431575,5.216972391547483,0.018811586938557542,0.02495370653109082,2858.198681455737,0.03125001236458497,0.24214790513163095,3410.15625,21.19968462321252,3.4131568354425443
OR,12k_Drive_End_OR014@6_0_197.mat,-2.862293735361732e-17,0.7925173269547868,1.0,1.0,1.0,6.410193327695378,3.424298987353983,3.117805965299331,0.09532244419407966,3.424298987353983,4.320787534717635,5.124001854935613,0.018499666004214148,0.025185832689193405,2916.4543140054625,0.03125002096824128,0.20371036904674072,3445.3125,16.868665538329427,3.218366368867037
OR,12k_Drive_End_OR014@6_0_197.mat,3.122502256758253e-17,0.7902589480148439,1.0,1.0,1.0,6.462423443782853,3.3116193024791207,3.1343045938692775,-0.011982044411456116,3.3116193024791207,4.19054957972702,4.97073009221185,0.019308562391351567,0.02457116368748861,2906.9702577266507,0.031250002665249084,0.19255043797282068,3398.4375,13.168454051581877,2.7747513447621386
OR,12k_Drive_End_OR014@6_0_197.mat,2.168404344971009e-17,0.8075434672032893,1.0,1.0,1.0,6.361938015088855,3.3267384791303956,2.7587257991809224,-0.02381284729948311,3.3267384791303956,4.119578219921293,4.814324336581489,0.019880736052289315,0.024110597966671966,2899.8501973052807,0.03125003360464245,0.19055572885608024,3398.4375,14.187360627702564,2.828397865084146
OR,12k_Drive_End_OR014@6_0_197.mat,-2.6020852139652106e-17,0.8105987064594053,1.0,1.0,1.0,6.736083636736568,3.444162150572669,2.8411793417701334,-0.1521825557433391,3.444162150572669,4.248911481263451,4.941864287973175,0.01925072370599344,0.02461650720200872,2907.1591952857057,0.03125000464049638,0.17948367483289993,3562.5,14.994435764319235,2.9994889453092712
OR,12k_Drive_End_OR014@6_0_197.mat,-2.992397996059992e-17,0.8003733020549653,1.0,1.0,1.0,6.892944865854803,3.527457762114613,2.891509715170436,-0.14196120958733857,3.527457762114613,4.407265650987902,5.216413585361528,0.018974739878256056,0.024829859355797464,2862.8315054575464,0.031250002705218494,0.177263235274408,3421.875,13.154394045537964,2.89572352024173
OR,12k_Drive_End_OR014@6_0_197.mat,9.974659986866641e-18,0.7979893157282885,0.9999999999999999,0.9999999999999999,0.9999999999999999,7.0771764384397935,3.903616567233733,2.9894269332214907,0.05885920474033546,3.9036165672337333,4.891815579850314,5.788049821807402,0.01907349610665427,0.0247540824111033,2824.7911896355245,0.03125000559593949,0.18994728051214935,3433.59375,15.75383798912085,3.0646439054257413
OR,12k_Drive_End_OR014@6_0_197.mat,-1.734723475976807e-17,0.7959058431140381,0.9999999999999999,0.9999999999999999,0.9999999999999999,7.814664554935291,3.9525962176402967,3.2881764899836434,0.08593243391972344,3.952596217640297,4.96616057268217,5.826505185039313,0.01899761169354499,0.02481236098656006,2855.642854393798,0.031250000124577355,0.2095115273801477,3398.4375,18.186021857791804,3.2320084384734273
OR,12k_Drive_End_OR014@6_0_197.mat,-2.8189256484623115e-18,0.7991797942137058,1.0,1.0000000000000002,1.0,6.704263871530831,3.8367754095905835,3.1717379694439822,-0.09225516197054352,3.8367754095905835,4.800891410631192,5.626862217200023,0.018790640960156126,0.0249694677787472,2873.2696990242603,0.031250000141558265,0.18677670768817056,3398.4375,14.344138671576925,2.9998279572822257
OR,12k_Drive_End_OR014@6_0_197.mat,9.107298248878237e-18,0.8020906591488071,0.9999999999999999,0.9999999999999999,0.9999999999999999,6.657006858823774,3.521460853458485,2.944757980109767,-0.07509431106546097,3.5214608534584855,4.390352653147117,5.159684115836556,0.018845323557762528,0.024928267408174932,2873.4211222318713,0.031250035775503296,0.22354045223579674,3410.15625,19.40110634767042,3.3994667496705633
OR,12k_Drive_End_OR014@6_0_197.mat,-9.974659986866641e-18,0.7968055725691894,1.0,1.0,1.0,6.23141952636795,3.266525939099392,2.8871990387602953,0.09523081972895575,3.266525939099392,4.099526975654714,4.845873441054768,0.01939925222892311,0.024499667712058554,2841.6754961367587,0.03125003528066268,0.2243650147430679,3398.4375,18.19055983731607,3.1965391326721293
OR,12k_Drive_End_OR014@6_0_197.mat,1.2576745200831851e-17,0.8074302533007378,0.9999999999999999,0.9999999999999998,0.9999999999999999,5.93482881959685,2.972471616130395,2.7504405127843854,0.030617948311226512,2.9724716161303952,3.6813973764038037,4.296675259178917,0.019281012980849423,0.02459308753842183,2946.034610431985,0.031250238658931284,0.21052824382293422,3398.4375,17.688023667375447,3.2304651407270475
OR,12k_Drive_End_OR014@6_0_197.mat,-1.3877787807814457e-17,0.8086574943939948,0.9999999999999999,0.9999999999999999,0.9999999999999999,6.124935934539643,3.1964194010331757,2.780345502752271,-0.11049311481426992,3.196419401033176,3.952748132790832,4.612043909164497,0.01900566667461759,0.024806279284981383,2965.6187117587738,0.031250069723300876,0.21450444500374227,3398.4375,17.01889651271518,3.1669972563401716
OR,12k_Drive_End_OR014@6_0_197.mat,-1.1275702593849246e-17,0.7942394202361021,1.0,1.0,1.0,6.194641069809434,3.4086943890306673,2.9685859983960694,-0.08841644197731234,3.4086943890306673,4.29177185390442,5.088285921912633,0.0194794626304947,0.024436219796015436,2966.767022591812,0.031250252835649445,0.18023989577965363,3398.4375,14.722682650359001,2.9948204047047766
OR,12k_Drive_End_OR014@6_0_197.mat,-9.540979117872439e-18,0.8013324930720538,0.9999999999999999,0.9999999999999998,0.9999999999999999,6.547404692529524,3.6401770108309526,2.893297313238008,-0.04144354075896532,3.640177010830953,4.542654943237946,5.348403910881716,0.01874028729135373,0.025007315370317647,2888.9028198374835,0.031250027036676294,0.1813658178645313,3398.4375,15.23639200997971,3.0871144751938777
OR,12k_Drive_End_OR014@6_0_197.mat,1.691355389077387e-17,0.8147240428018421,0.9999999999999999,0.9999999999999999,0.9999999999999999,6.809429190343394,3.4760265021173726,2.7024038835813724,-0.017595186433890853,3.476026502117373,4.26650782289828,4.968480873557993,0.018555524651586473,0.025144699028976307,2916.911324188715,0.03125001414965176,0.22092956951838544,3398.4375,21.785216297519398,3.650246333922033
OR,12k_Drive_End_OR014@6_0_197.mat,2.2551405187698492e-17,0.8091758433617137,1.0,1.0000000000000002,1.0,6.5361878455693585,3.409066204335171,2.7304382360006443,0.023495904696177315,3.409066204335171,4.21301035158469,4.934782411036419,0.018941454272891588,0.024855305821681203,2884.222644375693,0.03125003867935754,0.2063940246124553,3398.4375,17.893066915689126,3.2336249224289477
OR,12k_Drive_End_OR014@6_0_197.mat,4.336808689942018e-19,0.7917771546596051,1.0,1.0,1.0,7.751656854199373,3.883896643374337,3.2199928063641217,0.04761878958570065,3.883896643374337,4.905290106588226,5.805107690704719,0.019169536391452652,0.02467977794139275,2865.1432457061924,0.03125000103519492,0.16096104826197286,3421.875,10.709829587921984,2.5611749496102307
OR,12k_Drive_End_OR014@6_0_197.mat,-2.688821387764051e-17,0.7889941130439164,0.9999999999999999,0.9999999999999998,0.9999999999999999,7.596966420280351,3.80195704917196,3.229006476879674,-0.104021213480494,3.8019570491719605,4.818739438376948,5.73205678326604,0.01924735397748245,0.024619157755457432,2863.8945002534388,0.03125001701955712,0.17045243710427752,3421.875,13.224367852977034,2.843535183850935
OR,12k_Drive_End_OR014@6_0_197.mat,5.421010862427522e-18,0.8047115214689341,1.0,1.0,1.0,5.520013448696941,3.030913225289062,2.788748559649064,-0.19780346749891692,3.030913225289062,3.7664593390639935,4.433004090011991,0.018372127927789434,0.025278996496391006,2879.9942301971205,0.0312500039753535,0.21920371958671772,3421.875,21.715474297049305,3.616710542760845
OR,12k_Drive_End_OR014@6_0_197.mat,2.1250362580715887e-17,0.8059897014691796,1.0,1.0,1.0,6.281774922144844,3.28112766743649,2.875506476481733,-0.02808734393014823,3.28112766743649,4.0709300149314105,4.7596144895614545,0.019000982990355558,0.024809780499422236,2878.2696517653644,0.03125000100846867,0.23053747968953117,3410.15625,22.18064609932166,3.59300018197461
OR,12k_Drive_End_OR014@6_0_197.mat,-2.2551405187698492e-17,0.801758458669941,0.9999999999999999,0.9999999999999999,0.9999999999999999,6.436499694646653,3.443991983386757,3.034963995255472,0.06212295569551813,3.4439919833867574,4.295548049595996,5.029294731091791,0.01896117551130735,0.02484022621845822,2915.225583908041,0.031250008245675406,0.20900635813890409,3421.875,16.26498068858207,3.118604916635141
OR,12k_Drive_End_OR014@6_0_197.mat,-2.47198095326695e-17,0.8006223741821286,1.0,1.0,1.0,6.858882123755794,3.432649120071142,3.002330459476874,-0.02848141728507045,3.432649120071142,4.287475882219437,5.0381076466114205,0.019055520947465137,0.0247679864479039,2950.710189266778,0.031250056500154264,0.1912920612988473,3410.15625,16.34340415023856,3.1852859505706035
OR,12k_Drive_End_OR014@6_0_197.mat,-4.7704895589362195e-18,0.8020513099199341,0.9999999999999999,0.9999999999999999,0.9999999999999999,6.535185019709333,3.5354071844656128,2.946421226390099,-0.11740335057982927,3.535407184465613,4.407956374784226,5.163325650137431,0.018965328100974482,0.02483713383510544,2941.1453855836435,0.031250070193849996,0.18976702301468534,3421.875,16.42983948296816,3.1262532094547195
OR,12k_Drive_End_OR014@6_0_197.mat,1.9081958235744878e-17,0.8080813643752579,1.0,1.0000000000000002,1.0,5.669903462050366,3.167954278343013,2.7571708986760166,-0.0876648591045344,3.167954278343013,3.9203407206305454,4.572659464231249,0.019062551566963633,0.02476253786101247,2923.0619039929884,0.03125002645696837,0.19921131074530055,3574.21875,20.56652185362809,3.51597330494818
OR,12k_Drive_End_OR014@6_0_197.mat,-3.903127820947816e-18,0.8009204867237633,1.0,1.0,1.0,6.2306043767270225,3.2305031234670074,2.8323005429473973,0.004659308408718241,3.2305031234670074,4.033487939210631,4.753718694137169,0.019028871515991235,0.024788425076399667,2922.475113162249,0.03125002350303728,0.22583114999648418,3562.5,19.6778906609002,3.412741393250248
OR,12k_Drive_End_OR014@6_0_197.mat,-1.0408340855860843e-17,0.8051109982246328,0.9999999999999999,0.9999999999999998,0.9999999999999999,5.545300566389195,2.9216953800138272,2.719357495512947,0.07907956655647386,2.9216953800138277,3.6289348753855295,4.274120879513152,0.0181813345796393,0.025416571147054104,2921.003503256932,0.031250008255519726,0.24858579498713756,3421.875,27.76353904478661,4.159547120039474
OR,12k_Drive_End_OR014@6_0_197.mat,4.7704895589362195e-18,0.8027862836783218,1.0,1.0,1.0,6.153856223667233,3.1273939074420984,2.7962808450625305,0.1200345758205057,3.1273939074420984,3.8956743170953976,4.6003170134756255,0.018524785297475754,0.025167345039879697,2899.4624905736023,0.031250006826782147,0.2320314681884533,3410.15625,25.58069754367011,3.8629961046723476
OR,12k_Drive_End_OR014@6_0_197.mat,1.5612511283791264e-17,0.7986193531868193,0.9999999999999999,0.9999999999999998,0.9999999999999999,6.208494093527203,3.1620972807938363,2.822781687025223,0.10405317454644564,3.162097280793837,3.9594548619135876,4.701486806446441,0.018767507263089112,0.02498686035019183,2860.8225412801894,0.031250000304481454,0.19981508995630284,3574.21875,17.52131146379979,3.26265471648703
OR,12k_Drive_End_OR014@6_0_197.mat,-6.5052130349130266e-18,0.801313748821779,1.0,1.0,1.0,6.00846195747552,3.4448364000723926,2.81204729414853,0.1460053639540681,3.4448364000723926,4.298985765734767,5.095345628615304,0.01949613660908215,0.024422607078038498,2867.6915245819964,0.031250009266690616,0.20327256616228817,3562.5,14.353647929919248,2.8968340363797154
OR,12k_Drive_End_OR014@6_0_197.mat,1.3877787807814457e-17,0.7947185423326031,0.9999999999999999,0.9999999999999998,0.9999999999999999,6.302650925733772,3.453938061594979,3.0621536833629572,0.15854575825728567,3.4539380615949793,4.346114854017648,5.155834927923885,0.019145492920545758,0.024698444337285554,2894.7360896085393,0.031250008829641324,0.17820995328069256,3421.875,15.927814821319808,3.066878114316759
OR,12k_Drive_End_OR014@6_0_197.mat,2.1250362580715887e-17,0.7986676558184715,0.9999999999999999,0.9999999999999998,0.9999999999999999,6.036655729283974,3.150103522885654,2.9626924653075526,0.032056380459727155,3.1501035228856544,3.944198190494443,4.655387780183157,0.019694266024963544,0.024263112270437225,2918.36544529701,0.031250003700957776,0.16893881813306244,3410.15625,13.362227943983429,2.787814217534798
OR,12k_Drive_End_OR014@6_0_197.mat,-7.589415207398531e-18,0.8017884489124993,0.9999999999999999,0.9999999999999998,0.9999999999999999,6.033562376158352,3.0306748160573966,2.916049873267738,-0.0069382266147145965,3.030674816057397,3.779893337410926,4.447184466353084,0.01951342692340979,0.02440878780560723,2917.1703309553304,0.03125000403895036,0.19443888486081995,3574.21875,13.874390119451819,2.7622583170920287
OR,12k_Drive_End_OR014@6_0_197.mat,2.233456475320139e-17,0.7995301611918711,1.0,1.0,1.0,5.9552586636722555,2.990487483596214,2.851626246515077,0.06499847279261098,2.990487483596214,3.7403060306546174,4.433773398727964,0.018691102221953415,0.025044071489216974,2898.672883332833,0.03125000510445594,0.1995431015452292,3562.5,16.168656569314678,3.2039134722368274
OR,12k_Drive_End_OR014@6_0_197.mat,-3.3393426912553537e-17,0.8025311314807146,1.0,1.0,1.0,6.150660435216922,3.079858145258087,2.7778915161327693,0.03258854939103088,3.079858145258087,3.8376805888832966,4.5353885804810306,0.018681970099270306,0.02505088191960997,2893.1582925287166,0.031250003067844194,0.23279528650476183,3574.21875,22.28654855647209,3.639844775917999
OR,12k_Drive_End_OR014@6_0_197.mat,-2.3852447794681098e-17,0.796201855889781,1.0,1.0,1.0,6.927334171446155,3.6949947223731776,3.0590159315686654,0.07189961833222827,3.6949947223731776,4.640776324546372,5.468350388410396,0.019358793851444782,0.02453160543267665,2927.2908259800624,0.03125000103179625,0.20955466486017157,3433.59375,15.825836889510878,2.90811893514785
OR,12k_Drive_End_OR014@6_0_197.mat,-1.9949319973733282e-17,0.8001680532257855,1.0,1.0,1.0,6.567433866835102,3.571804527478195,2.900000011967588,0.1293933788990716,3.571804527478195,4.463817960588249,5.272526987436501,0.019016997591322523,0.02479752393570646,2955.0212675278276,0.03125001425168157,0.19386520355840087,3574.21875,17.19523363336027,3.241952733170532
OR,12k_Drive_End_OR014@6_0_197.mat,6.071532165918825e-18,0.819015852539906,0.9999999999999999,0.9999999999999999,0.9999999999999999,5.729399019706078,2.8884928321748577,2.541390559767079,0.0099755502336678,2.888492832174858,3.526785010591865,4.104805215585815,0.018769013635979586,0.02498577838226101,2948.727229321228,0.031250039907735304,0.21017503090148285,3398.4375,18.343704063367465,3.3559539389135224
OR,12k_Drive_End_OR014@6_0_197.mat,-2.688821387764051e-17,0.8180050660344855,1.0,1.0,1.0,5.801321228870588,2.9885087111058506,2.612495843012466,0.012803865586631876,2.9885087111058506,3.65341100586761,4.243393671043425,0.018863901681666014,0.02491418044189253,2884.3631654487526,0.03125001077994601,0.2266896595835352,3574.21875,20.649603909353228,3.4727900001405247
OR,12k_Drive_End_OR014@6_0_197.mat,-6.071532165918825e-18,0.8129802624333693,0.9999999999999999,0.9999999999999999,0.9999999999999999,6.202639040745179,3.2610953141414103,2.7382284413062767,-0.007279697843896918,3.2610953141414107,4.011284732030853,4.668918109911808,0.01915365932329984,0.02469210398141425,2915.137748461558,0.031250002632031953,0.18125364904665967,3433.59375,14.908586012133732,3.019421962357025
OR,12k_Drive_End_OR014@6_0_197.mat,2.688821387764051e-17,0.7667394099868929,1.0,1.0,1.0,9.079946783020198,4.638470324942028,4.988212765343682,-0.06758737346704723,4.638470324942028,6.049604682536561,7.172990870612776,0.01769647255568908,0.02575650878796933,3025.508900130451,0.03125000617374336,0.22772109636030644,3410.15625,26.06380887047646,4.08844273739618
OR,12k_Drive_End_OR014@6_0_197.mat,-1.3877787807814457e-17,0.7685370420269599,1.0,1.0,1.0,8.994731382023271,4.59094886571914,4.841219323936054,-0.07033335053314461,4.59094886571914,5.973620807672263,7.101441554800326,0.01773462820076318,0.025730263391565412,3022.5747226754843,0.03125001586589415,0.24866318218609712,3398.4375,26.73784324553623,4.058361850372891
OR,12k_Drive_End_OR014@6_0_197.mat,1.474514954580286e-17,0.8009353559636341,0.9999999999999999,0.9999999999999998,0.9999999999999999,6.054388609395772,3.152771149927873,2.8662382588307356,-0.08734607932716226,3.1527711499278737,3.9363615633307396,4.636496506526802,0.01910202307450275,0.02473206878530001,2925.307481915023,0.03125000019103434,0.17913778203868047,3410.15625,14.143895839687163,2.9637653206043737
OR,12k_Drive_End_OR014@6_0_197.mat,-6.505213034913027e-19,0.7907193241210697,1.0,1.0000000000000002,1.0,6.408335093208383,3.266563590659263,3.051847643898291,-0.07002480755336773,3.266563590659263,4.131129075782026,4.911228889188082,0.01884206351110272,0.024930716932706036,2925.8744440107575,0.031250024066153036,0.2123592416721168,3433.59375,20.148960417411676,3.4334766782862474
OR,12k_Drive_End_OR014@6_0_197.mat,-1.3227266504323154e-17,0.7999222358651031,1.0,1.0,1.0,6.029096901557824,3.2009282917920965,2.829612421797937,0.049930438150418546,3.2009282917920965,4.001549336018074,4.740136639166798,0.01776795623062486,0.025707243914885432,2908.7100642322293,0.03125000253300493,0.22080192507883636,3398.4375,25.734218224745657,4.077381271448219
OR,12k_Drive_End_OR014@6_0_197.mat,2.927345865710862e-18,0.8100165529981591,0.9999999999999999,0.9999999999999999,0.9999999999999999,5.400971791036728,2.9099655809122518,2.6387447260211103,0.09427438591798427,2.909965580912252,3.592476684755929,4.219697691428687,0.01839263842853846,0.025264072423900847,2908.3007494241783,0.03125000006084891,0.2854916279883337,3398.4375,34.392745967381764,4.354826441931315
OR,12k_Drive_End_OR014@6_0_197.mat,-1.745565497701662e-17,0.8128400819619672,1.0,1.0,1.0,6.2495208714270785,3.1698950167278994,2.649796626385185,0.017140976762589605,3.1698950167278994,3.8997769512997746,4.554303510155444,0.018874392338205828,0.0249062226373057,2978.1524700339246,0.03125000179512894,0.21386360990469136,3421.875,17.664303686681162,3.201712934745133
OR,12k_Drive_End_OR014@6_0_197.mat,2.6020852139652106e-18,0.808150966338978,1.0,1.0,1.0,6.068227281251943,3.079324825281813,2.78889154029143,-0.03289605259978484,3.079324825281813,3.810333654900554,4.454341408776404,0.018513391812889957,0.02517572784602353,3020.2063847963673,0.03125000718391318,0.2063760139616223,3410.15625,19.48124840435993,3.475485506527827
OR,12k_Drive_End_OR014@6_0_197.mat,-2.3852447794681098e-17,0.8088176721439508,1.0,1.0,1.0,5.7865770579099,2.90678758547809,2.794442378274105,-0.05059254244673754,2.90678758547809,3.5938724951112953,4.187919763126775,0.018311360886267673,0.025323055923238597,2994.693322448562,0.03125000958077618,0.24292220344479956,3398.4375,27.639986092149137,4.1344477927885315
OR,12k_Drive_End_OR014@6_0_197.mat,9.540979117872439e-18,0.807371466058512,1.0,1.0000000000000002,1.0,6.0357757008630895,3.043382692663199,2.7749176081038978,-0.0015083667323558814,3.043382692663199,3.7694949854007334,4.4129069509375585,0.0186427683099281,0.02508007985537519,3005.4963904560027,0.03125001145295239,0.2798600717148873,3398.4375,31.185506250599857,4.059265691694999
OR,12k_Drive_End_OR014@6_0_197.mat,-1.0842021724855044e-17,0.7867454751870964,1.0,1.0,1.0,6.669949924652954,3.5452891002874396,3.1796876086641883,-0.0022533244062071175,3.5452891002874396,4.506271992786908,5.365909432453029,0.018700252561688863,0.02503723335625112,2954.795842930261,0.0312500000001012,0.24137557985109626,3398.4375,18.778277939939404,3.158895561937185
OR,12k_Drive_End_OR014@6_0_197.mat,2.0383000842727483e-17,0.7840099215330933,1.0,1.0,1.0,6.568512396426974,3.4898680261876835,3.3273032266529103,0.0434325158598038,3.4898680261876835,4.451305946949518,5.296624122750797,0.01898703225673775,0.024820474144252414,2926.1803068829927,0.03125001329061962,0.17313159180066462,3398.4375,15.45078880271051,3.076319791849023
OR,12k_Drive_End_OR014@6_0_197.mat,-9.75781955236954e-18,0.7967819534043266,1.0,1.0,1.0,5.759542043596871,2.9092175959526423,2.982911548200822,0.08428400330930039,2.9092175959526423,3.651209196597305,4.303374164836837,0.018392801920980903,0.02526395347911426,2937.424209871295,0.031250000126388615,0.20818337947283463,3398.4375,20.731334157259663,3.5574039138242317
OR,12k_Drive_End_OR014@6_0_197.mat,8.023096076392733e-18,0.7995860683833078,1.0,1.0,1.0,5.492992489905474,2.778735079424923,2.842203730915247,0.05745839020975396,2.778735079424923,3.475216977008215,4.0904895875474425,0.018611979446057397,0.025102961807874934,2974.446881537744,0.03125003152683355,0.25603098394194096,3398.4375,22.930934301748657,3.51357534939534
OR,12k_Drive_End_OR014@6_0_197.mat,-2.7538735181131813e-17,0.7925926518636508,0.9999999999999999,0.9999999999999999,0.9999999999999999,6.23964252796231,3.1264911938568605,2.9792908006121785,0.08507427801409378,3.126491193856861,3.944638127170915,4.6734556293833425,0.018723722628343896,0.025019689315885087,2963.2751908277155,0.031250002280425064,0.22447787618804552,3398.4375,18.949100012884088,3.271171332099474
OR,12k_Drive_End_OR014@6_0_197.mat,5.421010862427522e-18,0.7899848029356296,1.0,1.0,1.0,6.160142480940449,3.087873684108473,3.09355860003643,-0.018882375349543137,3.087873684108473,3.9087760582656204,4.638497851919115,0.018404658356678073,0.025255507717620987,3023.8144619045975,0.03125015390843465,0.21449303538134282,3398.4375,18.109409483062386,3.3405448025892794
OR,12k_Drive_End_OR014@6_0_197.mat,-1.0842021724855044e-17,0.8064106534901277,1.0,1.0,1.0,6.236079974744218,3.2229988252677804,2.8605725421504555,-0.10012601626759005,3.2229988252677804,3.996721535508877,4.681178787050286,0.01862580986045142,0.0250927496305726,2979.4659753683163,0.031250070031606174,0.24404187978748487,3398.4375,21.050492047130724,3.471025196183701
OR,12k_Drive_End_OR014@6_0_197.mat,-3.0357660829594124e-17,0.8057235964749501,1.0,1.0,1.0,6.206482951488772,3.184882480950841,2.765399751097237,-0.04360425656753112,3.184882480950841,3.9528226489639104,4.640196064833931,0.019062613288047515,0.024762588632884018,2972.862414972039,0.03125010433856313,0.23521718828461652,3398.4375,22.72535043339652,3.618271058319345
OR,12k_Drive_End_OR014@6_0_197.mat,-1.6479873021779667e-17,0.7920450249912356,1.0,1.0,1.0,6.1277880963044105,3.0796148523016793,3.0196649099650115,-0.006694174131192436,3.0796148523016793,3.8881815491938188,4.6112996527892225,0.018676094453511097,0.025055332265152993,2978.243145853689,0.03125005886320351,0.22961600158862736,3398.4375,20.126053433409673,3.428104747672924
OR,12k_Drive_End_OR014@6_0_197.mat,-1.474514954580286e-17,0.7977526330598772,1.0,1.0,1.0,6.222519757999919,3.1738056346902535,3.0087974222042915,0.04489756359617706,3.1738056346902535,3.978433292682139,4.697640149058537,0.01836018680362656,0.025287709224209688,2926.0478380503373,0.031250035156336106,0.1951238686373562,3398.4375,20.368122741136478,3.5978302550651677
OR,12k_Drive_End_OR014@6_0_197.mat,7.806255641895632e-18,0.8024398455770423,1.0,1.0,1.0,6.242951778826045,3.28739595405302,2.890281124554021,-0.08073605850062165,3.28739595405302,4.096750643892841,4.830412434400862,0.019243688615733643,0.02462201890146657,2893.0764731886447,0.03125001386117283,0.17156998019717803,3421.875,12.894947665121542,2.7346247772165633
OR,12k_Drive_End_OR014@6_0_197.mat,-2.168404344971009e-17,0.7904053233135984,1.0,1.0,1.0,6.619973543781806,3.384762875517497,3.14319361853598,-0.043289434380607075,3.384762875517497,4.28231285352132,5.093104079729461,0.018599101611189345,0.02511250873405919,2891.1540357289527,0.03125003481056533,0.21737925127152635,3398.4375,20.32944991437539,3.4436291052007144
OR,12k_Drive_End_OR014@6_0_197.mat,1.951563910473908e-18,0.7892558971288468,1.0,1.0,1.0,6.461257614702793,3.3020536929309383,3.1199038067605063,0.06334226960762784,3.3020536929309383,4.183755490384223,4.98741538042645,0.01785450939161384,0.025647202598644475,2855.753848324786,0.031250000108018275,0.2564997735996308,3398.4375,26.69138283213866,3.932488111110865
OR,12k_Drive_End_OR014@6_0_197.mat,1.691355389077387e-17,0.8062213470665139,1.0,1.0,1.0,5.904397456475455,3.3340736089406287,2.761493661819755,0.025503654922939347,3.3340736089406287,4.135432063504472,4.857322123353065,0.01820445901402108,0.025400011957605016,2820.7013605091875,0.031250006967033644,0.20858496101282578,3410.15625,23.28801695953628,3.8774590151533657
OR,12k_Drive_End_OR014@6_0_197.mat,-1.7780915628762273e-17,0.809678069430587,1.0,1.0,1.0,6.114291026052173,3.2530175122089906,2.7360046288145976,-0.06622086361477383,3.2530175122089906,4.017667805300325,4.702767273479547,0.019195621009590165,0.0246595260986432,2849.4770042067635,0.03125002549364535,0.1650059570771349,539.0625,11.717666600218395,2.697463196022756
OR,12k_Drive_End_OR014@6_0_197.mat,1.214306433183765e-17,0.7977256439710163,1.0,1.0,1.0,5.924346363173477,2.9697417143573746,2.834798742231177,-0.009553633409348755,2.9697417143573746,3.7227607471338526,4.42825110803017,0.01895338857098118,0.024846180696582558,2836.182283013386,0.031250018136472046,0.1864711269865727,3421.875,16.984044647676455,3.230468326332603
OR,12k_Drive_End_OR014@6_0_197.mat,-2.949029909160572e-17,0.8000233549263313,1.0,1.0,1.0,6.292949996932211,3.3657067825801166,2.8463500428359643,0.06399822445501022,3.3657067825801166,4.207010660195091,4.981068288777508,0.018522773037799263,0.025168868318687646,2904.2920358370275,0.03125004085522549,0.2454652959581486,3398.4375,25.046831240245968,3.7988334113200546
OR,12k_Drive_End_OR014@6_0_197.mat,-6.071532165918825e-18,0.8083057545771604,1.0,1.0000000000000002,1.0,6.145320550742479,3.3173755763738795,2.7534668832781657,0.03552434053700226,3.3173755763738795,4.104109809423861,4.8000034496643424,0.01858878424152279,0.02512010803660985,2890.034393737057,0.031250003637581174,0.21715578718890227,3398.4375,21.760641725545813,3.6821882487491897
OR,12k_Drive_End_OR014@6_0_197.mat,-8.239936510889834e-18,0.8119235826980601,1.0,1.0000000000000002,1.0,5.538293027436698,2.8148070417971476,2.6563927231728903,-0.013073256518777568,2.8148070417971476,3.466837399208694,4.041376768041167,0.01878312661443625,0.024975125987284658,2936.8882797929277,0.03125000421591467,0.15872371428949048,3562.5,10.524317636251036,2.576397676451333
OR,12k_Drive_End_OR014@6_0_197.mat,2.233456475320139e-17,0.8044836014999233,0.9999999999999999,0.9999999999999998,0.9999999999999999,5.953050054130468,3.0357505145513723,2.7874365518697384,0.019597609986706517,3.035750514551373,3.773539334911679,4.426838481533646,0.018885811083193885,0.024897564259492657,2916.0757749994264,0.03125000106121046,0.1720939382791482,3421.875,12.240416640169782,2.710860778426967
OR,12k_Drive_End_OR014@6_0_197.mat,-1.8648277366750676e-17,0.792723090666501,0.9999999999999999,0.9999999999999999,0.9999999999999999,5.970358001387069,3.1623868884475157,2.9052862246867104,0.009394524356429183,3.162386888447516,3.989270560781398,4.755578850712826,0.018759927054243397,0.02499255410486738,2868.2616371335303,0.031250001980244045,0.21911370613877046,3398.4375,20.550462528398988,3.465948191351984
OR,12k_Drive_End_OR014@6_0_197.mat,7.37257477290143e-18,0.7935904436716985,0.9999999999999999,0.9999999999999999,0.9999999999999999,5.916605564909368,3.029923756965988,2.8076505092776713,-0.02170848384823048,3.0299237569659883,3.8179942577779338,4.567576963024423,0.01874222883877422,0.025005832432194272,2898.943091008994,0.03125000475955098,0.21273352494779973,3398.4375,22.407874209161836,3.6061365675876242
OR,12k_Drive_End_OR014@6_0_197.mat,-8.673617379884035e-19,0.7988026831602114,1.0,1.0,1.0,6.224983788578221,3.266066901370062,2.880528664164419,0.04200245354828891,3.266066901370062,4.088702967857965,4.8329920097564125,0.01940505108533378,0.024495046971914673,2902.106109997439,0.03125001334048867,0.21665431287683198,3562.5,16.196923393500306,2.9867092479350523
OR,12k_Drive_End_OR014@6_0_197.mat,1.3010426069826053e-17,0.7993775069938526,1.0,1.0,1.0,6.7618677778489875,3.425106570754242,2.937228222473463,0.05204397225919123,3.425106570754242,4.284717221572488,5.052106109731279,0.01976310820637364,0.024207112015650838,2872.439422202312,0.03125003548982145,0.15132781425687428,3433.59375,10.813854140240313,2.555673749383724
OR,12k_Drive_End_OR014@6_0_197.mat,1.214306433183765e-17,0.793072538562489,1.0,1.0,1.0,6.164320321679766,3.1691805907598942,2.961971587353999,-0.004952129358981226,3.1691805907598942,3.9960790932243118,4.734324283027956,0.019220762126984745,0.024640039085197133,2861.6802407719865,0.031250107565609656,0.2134807775234689,3410.15625,19.12979967984805,3.306364699503428
OR,12k_Drive_End_OR014@6_0_197.mat,-1.474514954580286e-17,0.7991783394409945,0.9999999999999999,0.9999999999999998,0.9999999999999999,5.952389028726367,3.0478292221246854,2.8099484478808274,-0.031554605876330924,3.047829222124686,3.813703489832528,4.521611495147505,0.019100764876737668,0.024733061413270346,2893.3957143633565,0.03125001673197981,0.18388765205037372,3421.875,15.960801912488462,3.0927496221047366
OR,12k_Drive_End_OR014@6_0_197.mat,-8.673617379884035e-19,0.8059689192312688,1.0,1.0,1.0,6.490713591931211,3.3103260524453275,2.761738516707369,0.04800406468929621,3.3103260524453275,4.10726266665805,4.837194359618919,0.020145163413985052,0.023890291561061715,2920.519391464519,0.03125017823707088,0.16138216548192164,3421.875,10.43597486479316,2.4826237753112905
OR,12k_Drive_End_OR014@6_0_197.mat,2.6454533008646308e-17,0.7947276158063186,1.0,1.0,1.0,6.6006128049771045,3.4350228723395104,3.170824857883258,-0.0022375707380169266,3.4350228723395104,4.322264388477791,5.078732627028145,0.018790740150805254,0.02496940213167206,2840.7754418690706,0.031250007331650884,0.21557085753973307,3410.15625,18.70790690439306,3.345393912856844
OR,12k_Drive_End_OR014@6_0_197.mat,8.890457814381136e-18,0.7956231759458252,0.9999999999999999,0.9999999999999998,0.9999999999999999,6.177640946863554,3.149727664208805,3.0083657617004866,-0.0021086880246334464,3.1497276642088052,3.9588183947312174,4.669013760329765,0.0179839108665232,0.02555669008916179,2852.4570058189624,0.03125004733386034,0.3027114229040199,3410.15625,39.47008483715376,4.725653289907944
OR,12k_Drive_End_OR014@6_0_197.mat,-1.6696713456276768e-17,0.7724469971332819,1.0,1.0,1.0,9.165685626409127,4.901851300085751,4.45392479212013,-0.08679264999065384,4.901851300085751,6.345873980062817,7.573541825209402,0.01815592073259391,0.02543476838729046,2962.490686799158,0.0312500384089899,0.25440153263476833,3421.875,23.79978249045542,3.7066881993584078
OR,12k_Drive_End_OR014@6_0_197.mat,6.071532165918825e-18,0.7570951150343722,0.9999999999999999,0.9999999999999999,0.9999999999999999,9.878771093540212,5.277885725618392,5.281568232100384,-0.14273397344427327,5.277885725618393,6.971232043121525,8.406035831439121,0.018929225655706802,0.02486457164216677,2942.1470141458367,0.031250000109969804,0.15074099085666573,3410.15625,10.044329801541567,2.509616513147632
OR,12k_Drive_End_OR021@6_0_234.mat,5.421010862427522e-18,0.5200989165500174,0.9999999999999999,0.9999999999999999,0.9999999999999999,12.193738283479174,6.371433842534921,15.333077347715713,-0.25712517706384863,6.3714338425349215,12.250427062603169,18.50149872867673,0.017251739988757304,0.026056483219156015,2734.870373533743,0.031250005606237044,0.14542455049681358,2765.625,9.672959527615037,2.558058351276128
OR,12k_Drive_End_OR021@6_0_234.mat,-1.1492543028346347e-17,0.5426880340927487,1.0,1.0,1.0,12.82424761680649,6.738858736527613,14.037384201783826,-0.18716947232373457,6.738858736527613,12.417555415227564,18.231391377266586,0.01765280958499371,0.02578644631988929,2746.9984800260427,0.031250000000841244,0.1362197233121694,2789.0625,8.229763386676284,2.3278476345857935
OR,12k_Drive_End_OR021@6_0_234.mat,-1.3010426069826053e-18,0.49773317743519585,1.0,1.0,1.0,16.122932190362956,8.387949712988217,23.382768269170185,-0.0016529731623181332,8.387949712988217,16.85230178187251,25.375476157778852,0.017003071333648687,0.026219426014946964,2841.48393157501,0.03125000376528655,0.16669537254028893,3445.3125,10.898920766987562,2.7145352905791262
OR,12k_Drive_End_OR021@6_0_234.mat,-3.686287386450715e-18,0.489814215444324,0.9999999999999999,0.9999999999999999,0.9999999999999999,14.214544581449813,7.394595134154134,19.48384333797718,-0.02368917564280472,7.394595134154135,15.096734437252485,23.453676017731397,0.0176249872027845,0.025805552096144598,2875.6625704838775,0.0312500670860904,0.1488200016849126,3492.1875,9.379795771905306,2.519969113086702
OR,12k_Drive_End_OR021@6_0_234.mat,-9.974659986866641e-18,0.5249397898433344,1.0,1.0,1.0,13.5983064009992,6.844103288993606,17.003136996692213,-0.09224699787855666,6.844103288993606,13.0378824798863,19.487142911767048,0.017148154422683526,0.0261247650256319,2784.086195316563,0.03125000076397888,0.1482563898881255,3480.46875,9.434047233380323,2.527420089596928
OR,12k_Drive_End_OR021@6_0_234.mat,2.3852447794681098e-18,0.5444962749097988,1.0,1.0,1.0,16.534070468971734,8.320701906016504,21.92027281491015,-0.21828249164130903,8.320701906016504,15.28146709065165,21.829119089695006,0.01896573189853946,0.024836893178529707,2809.3763950664757,0.0312501239870976,0.13911738593438172,3480.46875,8.60933659175508,2.3710265337905265
OR,12k_Drive_End_OR021@6_0_234.mat,-1.474514954580286e-17,0.4948253296697964,0.9999999999999999,0.9999999999999998,0.9999999999999999,19.424086965761063,9.954059742641649,34.22879541047412,0.05073916008911881,9.95405974264165,20.116310030620554,29.37986674150113,0.017298203218383157,0.02602565476695156,2794.7130224810676,0.03125000065012847,0.15729639279608712,3445.3125,9.725311401557212,2.5337260916312956
OR,12k_Drive_End_OR021@6_0_234.mat,1.734723475976807e-18,0.48375727818738534,1.0,1.0,1.0,15.582589383424459,8.452056352839742,22.33174181268996,0.39440609811576016,8.452056352839742,17.471688249341035,27.258426297465707,0.01637819414577927,0.02661423049544591,2827.3878806193416,0.03125000013346498,0.15110634343963023,3550.78125,10.364873058030255,2.6651400415916178
OR,12k_Drive_End_OR021@6_0_234.mat,-1.0625181290357943e-17,0.5213066886470942,1.0,1.0,1.0,16.67653052937139,9.044751100187215,20.57725929247151,0.2869673467889053,9.044751100187215,17.35015356058511,25.855186783071016,0.016896995138342405,0.026287907306211715,2786.2428740166492,0.03125000024392234,0.1419267624056612,2765.625,8.792824118548163,2.4369884471266197
OR,12k_Drive_End_OR021@6_0_234.mat,-1.0842021724855044e-17,0.5398734516709198,1.0,1.0,1.0,12.849113405621695,6.758406191884537,16.995334612817846,-0.4827351334004288,6.758406191884537,12.518500717097915,17.794627068266728,0.01811559282487064,0.025463460781303827,2676.1313483199483,0.03125000061372004,0.14040720238596902,2871.09375,8.273727951889258,2.3081473276498006
OR,12k_Drive_End_OR021@6_0_234.mat,1.734723475976807e-18,0.45762210992884556,1.0,1.0,1.0,18.996601140156944,9.67408472016992,32.36033443027855,0.14619757731233338,9.67408472016992,21.139897986297292,32.46910246729557,0.0173056902360123,0.026020676933711295,2833.568359294311,0.031250000682134176,0.15058683712196322,3421.875,9.087356019166462,2.47188018923927
OR,12k_Drive_End_OR021@6_0_234.mat,2.6020852139652106e-18,0.48250863025140245,0.9999999999999999,0.9999999999999999,0.9999999999999999,14.828562204730234,7.547812083576977,18.935059888855818,0.2533189293231788,7.547812083576978,15.642854055572695,24.787124395148666,0.016336334260638977,0.02663994623363951,2849.750759829408,0.03125000083850448,0.1837001744086916,3457.03125,11.63414772014907,2.7913230882008793
OR,12k_Drive_End_OR021@6_0_234.mat,-9.540979117872439e-18,0.5313598827681975,1.0,1.0000000000000002,1.0,12.381087598950884,6.434500867405595,14.12593752209256,0.38210386886896175,6.434500867405595,12.109496926798682,18.189803684151077,0.016870799559838924,0.026304728129674906,2770.7404776691733,0.0312500015962299,0.16056648323424522,2812.5,8.995506205713776,2.4364379541739383
OR,12k_Drive_End_OR021@6_0_234.mat,6.288372600415926e-18,0.5111232797413321,0.9999999999999999,0.9999999999999999,0.9999999999999999,12.71566391199982,6.776205089275533,16.92390025743842,0.35712144067913976,6.776205089275534,13.257476929450007,19.84183609650583,0.017526125888457072,0.0258727155779554,2713.3495922228326,0.03125000000057314,0.15255038390966544,2800.78125,8.984947995862173,2.3987869717962473
OR,12k_Drive_End_OR021@6_0_234.mat,5.421010862427522e-18,0.4738773014840053,0.9999999999999999,0.9999999999999998,0.9999999999999999,17.94505800374533,9.017900277668202,28.96277563685182,0.05487236522562858,9.017900277668204,19.030032140023447,29.012058568217427,0.016985973574538404,0.026230504698361058,2823.540796870307,0.03125000280009041,0.16391128254166426,3468.75,10.824947961224932,2.6984883044927885
OR,12k_Drive_End_OR021@6_0_234.mat,4.7704895589362195e-18,0.5084739867924702,0.9999999999999999,0.9999999999999998,0.9999999999999999,15.408920748242942,7.742320620296222,20.209191494725573,0.11277082141702599,7.742320620296223,15.22658153888252,23.319650610840256,0.016844138629831085,0.02632180720923608,2836.58835404632,0.031250000655058556,0.16686091493977423,3457.03125,9.994749380041144,2.5765737061362493
OR,12k_Drive_End_OR021@6_0_234.mat,-6.071532165918825e-18,0.5169633998489751,1.0000000000000002,1.0000000000000004,1.0000000000000002,13.634961095988173,7.644983516778546,16.074715366094296,-0.04514443316580288,7.644983516778544,14.788249069493004,22.697326951171966,0.016549567747377765,0.026508006984065614,2804.4284764492522,0.031250002030277016,0.17288061151655373,3421.875,12.608084970146242,2.901566934233675
OR,12k_Drive_End_OR021@6_0_234.mat,-8.239936510889834e-18,0.5013808704375243,0.9999999999999999,0.9999999999999999,0.9999999999999999,14.859870846800414,7.432066726954757,22.006146196619678,-0.3841153518842891,7.432066726954758,14.823195628643047,22.280715642981583,0.01703834584089224,0.026196512619981793,2764.527781642491,0.03125000003908344,0.18870442490676675,3410.15625,12.066136463156912,2.8095645862264926
OR,12k_Drive_End_OR021@6_0_234.mat,7.589415207398531e-18,0.5107530275073993,1.0,1.0,1.0,15.686787990230371,8.08810101957736,20.955278216083606,-0.38389768630746013,8.08810101957736,15.835639896349294,23.711073287621925,0.017425132791231403,0.025940844037923096,2730.6535432141955,0.031250002275070285,0.14146343488993746,3421.875,9.840937786874468,2.560895408524007
OR,12k_Drive_End_OR021@6_0_234.mat,8.456776945386935e-18,0.5259993247586346,0.9999999999999999,0.9999999999999998,0.9999999999999999,12.277386863560693,6.330139522209738,13.475074631293877,-0.13426247547708814,6.3301395222097385,12.034501232704908,18.333136704240975,0.017070597518370256,0.0261755076517899,2790.646469774085,0.03125000000740961,0.15181596934886893,3433.59375,9.70733209331723,2.5618085691272166
OR,12k_Drive_End_OR021@6_0_234.mat,-9.974659986866641e-18,0.506920118112114,1.0,1.0,1.0,15.056954960224854,7.73515528227074,17.98020394498498,0.17263993182041873,7.73515528227074,15.259120729077038,23.395758662276492,0.01602802289873425,0.026826591190478418,2876.920019025446,0.03125001620709025,0.1924015628449792,3515.625,14.561422708152826,3.1709872331445856
OR,12k_Drive_End_OR021@6_0_234.mat,3.686287386450715e-18,0.47026600717722566,0.9999999999999999,0.9999999999999999,0.9999999999999999,17.955414728156736,9.223995270992809,29.893866076008422,0.25764447838472926,9.22399527099281,19.614420626232146,29.962053966246945,0.016578855171679424,0.026489697265238952,2853.559393375142,0.03125000000012047,0.1709840772462058,3410.15625,11.930653396813065,2.833772668375807
OR,12k_Drive_End_OR021@6_0_234.mat,-8.239936510889834e-18,0.5026727696381071,1.0,1.0000000000000002,1.0,15.132697533304036,7.714120330321197,19.923580369371173,-0.06806259616977058,7.714120330321197,15.34620690887012,23.35107239966046,0.01698057134760958,0.026234032753424476,2788.4439453726995,0.03125002844477118,0.1561815971550416,3328.125,11.954335618250028,2.8656817430628467
OR,12k_Drive_End_OR021@6_0_234.mat,-3.686287386450715e-18,0.4958369847113882,1.0,1.0,1.0,14.474045371122536,7.432964415008552,19.542651826782727,-0.00791116705556446,7.432964415008552,14.990742208016325,23.154406955694796,0.016376646271390197,0.026615183198460433,2828.3719913640293,0.03125000031657358,0.1951432710350924,3550.78125,13.147767309090186,2.9495552066079282
OR,12k_Drive_End_OR021@6_0_234.mat,1.0842021724855044e-18,0.4919072338507705,1.0000000000000002,1.0000000000000004,1.0000000000000002,15.683131800319787,8.053430496400765,23.028496946536052,0.01899340973077753,8.053430496400763,16.371848068499695,24.822470057598764,0.01627431657394933,0.026677878048944843,2884.1596260204055,0.03125000091429591,0.18798346889166875,3398.4375,14.060249411283827,3.114747970357645
OR,12k_Drive_End_OR021@6_0_234.mat,8.673617379884035e-18,0.5104664722359489,1.0,1.0,1.0,14.054832809009204,7.330082780282627,18.203216389666373,-0.48110125610178334,7.330082780282627,14.359577325765091,21.788835762528464,0.018114901971457528,0.025464159647189764,2874.1264184101437,0.03125016959910911,0.19871664551684348,3410.15625,16.692861788779414,3.332683244678357
OR,12k_Drive_End_OR021@6_0_234.mat,-2.6020852139652106e-18,0.5292194854145916,1.0,1.0,1.0,13.154428664551304,7.761856833784402,16.250007563123496,-0.4937267266844269,7.761856833784402,14.666611959126463,21.792560376678967,0.017119867833997715,0.02614330980903942,2774.131513496001,0.03125000035879946,0.18311474898867697,3468.75,11.537933487637257,2.745767989198162
OR,12k_Drive_End_OR021@6_0_234.mat,6.071532165918825e-18,0.5170225278524809,1.0,1.0,1.0,15.380641218500601,7.803569073535248,21.002274552810412,0.1790176874475793,7.803569073535248,15.093286371772557,22.122411976276243,0.01916015249866511,0.024687319048703422,2723.0842206038633,0.031250202648696185,0.15010213921214624,2800.78125,10.503220483623007,2.601891754239973
OR,12k_Drive_End_OR021@6_0_234.mat,2.168404344971009e-18,0.4977539422227544,1.0,1.0000000000000002,1.0,15.096909906369444,7.653167386667327,21.42628790537046,0.4630296380809763,7.653167386667327,15.37540285967718,23.060831615345624,0.017117716548283896,0.026144718431496412,2705.6931677121797,0.03125000034703393,0.17216515071879673,2789.0625,9.909410685161022,2.5488350083987217
OR,12k_Drive_End_OR021@6_0_234.mat,1.3010426069826053e-17,0.536729595417848,1.0,1.0,1.0,11.24522968759728,6.312532897696853,12.574369257658233,0.4465527172317183,6.312532897696853,11.761104570323718,17.764315192169693,0.017165436855567966,0.02611341564112236,2722.5781907105657,0.03125000318221592,0.1674490513907418,2718.75,11.39363128186657,2.7063535946201576
OR,12k_Drive_End_OR021@6_0_234.mat,-8.673617379884035e-19,0.5584245374047652,0.9999999999999999,0.9999999999999998,0.9999999999999999,12.523869918019567,7.031108020519915,12.662878171910595,0.2924945159785368,7.031108020519916,12.590972547869129,18.333734081511057,0.01711762337363954,0.026144779739507157,2695.3249006643837,0.031250000601425826,0.16739514452742366,2800.78125,10.194621811078711,2.6077979300159226
OR,12k_Drive_End_OR021@6_0_234.mat,4.7704895589362195e-18,0.48967871958192416,1.0,1.0000000000000002,1.0,18.092355431411633,9.050192746308005,28.572409432295707,-0.04811124804789295,9.050192746308005,18.481899221666893,27.575943779509622,0.017278036002326698,0.026039059755382076,2820.718208360947,0.03125001057667111,0.16324340172820948,3445.3125,9.702235112201143,2.5203345165624897
OR,12k_Drive_End_OR021@6_0_234.mat,6.288372600415926e-18,0.4786894280216929,1.0,1.0000000000000002,1.0,14.811392740562702,7.699929286074085,20.61064959218443,0.11927068995944681,7.699929286074085,16.085438355921127,25.385587008522787,0.01774702560426025,0.02572191922852081,2925.1370323452375,0.03125018474500299,0.17310811703313694,3515.625,12.039690522483246,2.8278307813932604
OR,12k_Drive_End_OR021@6_0_234.mat,3.0357660829594124e-18,0.5113954077677865,1.0,1.0,1.0,13.798494423249949,7.3471369625980785,16.298843166833027,0.042974875391247044,7.3471369625980785,14.366841882033977,22.052121183394924,0.015836665645379923,0.026939980522482556,2845.5978310541655,0.031250000469044734,0.21353637118647956,3445.3125,17.37964657428313,3.396425317052561
OR,12k_Drive_End_OR021@6_0_234.mat,1.3118846287074604e-17,0.49742083570018003,1.0,1.0,1.0,15.308333438624116,8.169116768668916,20.904407413202502,-0.17496445692904644,8.169116768668916,16.422948502287596,25.047292995204877,0.01798959011067042,0.02555297563627088,2933.1085274059874,0.03125027865824214,0.16338288995826608,3433.59375,12.993592489202712,2.9637316382350534
OR,12k_Drive_End_OR021@6_0_234.mat,8.673617379884035e-19,0.5027823885782271,1.0,1.0000000000000002,1.0,15.215222073282257,7.69196479836811,22.496007523074866,-0.23129391478605107,7.69196479836811,15.298795210626853,22.728438864798754,0.01749519968734058,0.025893642712388348,2633.274334957932,0.03125000392026766,0.14436515654412113,2800.78125,8.870430620681603,2.4386555319783385
OR,12k_Drive_End_OR021@6_0_234.mat,1.951563910473908e-18,0.5282407938339312,1.0,1.0,1.0,11.092706762858358,5.697324431059565,13.100282760929584,0.04749145424375059,5.697324431059565,10.785468478700444,16.66185248380595,0.01709869987460497,0.026157165108776158,2746.8943586385426,0.031250005182873054,0.18218767847780823,2789.0625,11.048589420591867,2.6592687734114095
OR,12k_Drive_End_OR021@6_0_234.mat,1.5395670849294163e-17,0.5471233109903844,1.0,1.0,1.0,13.456288076477556,7.547681583127158,13.453197795737447,0.4726728182234071,7.547681583127158,13.79521111879623,20.813792695684384,0.017012787225004183,0.026213122362691885,2783.5846015567195,0.03125000341063538,0.15756471101918923,2800.78125,9.568645297786672,2.5153091492487936
OR,12k_Drive_End_OR021@6_0_234.mat,4.553649124439119e-18,0.5092079097285918,0.9999999999999999,0.9999999999999999,0.9999999999999999,17.448757235691335,9.789926893028081,24.57005807409358,0.8243528124449201,9.789926893028083,19.225795016118504,28.656406433009387,0.017856294581106106,0.025645965172928265,2719.523908487296,0.03125000457309229,0.15714622480850798,2789.0625,8.691456162723666,2.349168836015616
OR,12k_Drive_End_OR021@6_0_234.mat,2.8189256484623115e-18,0.48982744159767977,1.0,1.0,1.0,16.384253985972634,8.655333151666477,22.46892457156642,0.7428193784344123,8.655333151666477,17.670167933905883,27.34742194959841,0.017675424196893247,0.025771018255613582,2778.9237835782137,0.03125005603949036,0.14326123585631464,2847.65625,9.024609808488663,2.434423840307123
OR,12k_Drive_End_OR021@6_0_234.mat,-6.830473686658678e-18,0.5183602289070024,0.9999999999999999,0.9999999999999999,0.9999999999999999,13.925972384964176,7.354443582914242,15.040194182553716,0.5170976268331754,7.354443582914243,14.187900947612404,22.122396092683065,0.01680473745595469,0.026346980745478005,2767.4525597332677,0.03125000152585845,0.15570757197053872,2765.625,10.33163729536687,2.627266556546012
OR,12k_Drive_End_OR021@6_0_234.mat,8.673617379884035e-19,0.5533646604678176,0.9999999999999999,0.9999999999999999,0.9999999999999999,12.79726703221106,7.048185878889259,12.131652119552431,0.019447146037177294,7.04818587888926,12.736964216201814,18.921474702184476,0.01729806782090569,0.026025770071370413,2767.1008579616423,0.031250021730304334,0.15343469627192596,3550.78125,9.57470672008124,2.53083518136337
OR,12k_Drive_End_OR021@6_0_234.mat,-1.3227266504323154e-17,0.5397206859997389,0.9999999999999999,0.9999999999999998,0.9999999999999999,12.980064708225495,7.097434278974827,15.772409823733607,-0.21854569917222022,7.097434278974828,13.15019872886299,19.16602653414409,0.017698826098798272,0.025754884652744874,2651.3444525777454,0.03125000046002714,0.14872498312312685,3433.59375,9.675470874107171,2.538189933907915
OR,12k_Drive_End_OR021@6_0_234.mat,-7.047314121155779e-18,0.5070041063850271,1.0,1.0,1.0,15.460043573464212,8.441003414675905,20.542637451355432,0.3433136871819607,8.441003414675905,16.648787077605384,25.148219919167616,0.017130822627176287,0.026136132909724646,2654.626069741653,0.03125000043773707,0.159063485003836,2742.1875,11.064114817429104,2.691128779507431
OR,12k_Drive_End_OR021@6_0_234.mat,6.179952383167375e-18,0.5288802132112678,0.9999999999999999,0.9999999999999999,0.9999999999999999,12.755124748151118,6.963704846625752,14.524267500263912,0.05778488097242545,6.9637048466257525,13.16688481186195,19.88637919631522,0.017156668419661854,0.026119173588507887,2717.3722245737818,0.031250000003341286,0.15672784360787367,3433.59375,10.227236086197404,2.5748146141676376
OR,12k_Drive_End_OR021@6_0_234.mat,1.0733601507606494e-17,0.5286714572236444,1.0,1.0,1.0,12.366705900543675,6.500517339756748,15.640855581450243,-0.3620961949993691,6.500517339756748,12.295949121018705,18.29288068063651,0.01688515480124929,0.0262955138389907,2761.200690254125,0.03125000001149925,0.17900497473406035,3445.3125,10.906895977165286,2.7127197150048272
OR,12k_Drive_End_OR021@6_0_234.mat,-3.2526065174565133e-18,0.5382716516302123,1.0000000000000002,1.0000000000000004,1.0000000000000002,14.039117242160533,7.138122884003127,18.837375276764853,-0.3547886188964562,7.138122884003125,13.261190446096448,19.236471845598462,0.01744114683489712,0.025930084608620996,2727.522593266359,0.03125000625162634,0.15876099997202098,3468.75,10.838727812857133,2.696605679638124
OR,12k_Drive_End_OR021@6_0_234.mat,6.071532165918825e-18,0.5284490309673759,1.0,1.0,1.0,14.490655550722726,7.268991677390294,18.451621813003626,-0.5285649329417362,7.268991677390294,13.755331643022823,20.164060276927437,0.017367517790863405,0.0259794501013679,2692.642272360001,0.031250000028566746,0.1689603240460145,3527.34375,11.17726672819073,2.7101242812190636
OR,12k_Drive_End_OR021@6_0_234.mat,4.553649124439119e-18,0.5200450737136229,1.0,1.0,1.0,12.496009533519391,6.305927847564497,16.35031815540782,-0.3933452893606353,6.305927847564497,12.125733261030813,18.251702617891638,0.017482357644577916,0.025902312461284164,2741.5034165445495,0.0312500019144788,0.1495013462236602,3468.75,8.977677366470598,2.427207741426336
OR,12k_Drive_End_OR021@6_0_234.mat,-1.5178830414797062e-18,0.5141414868030127,0.9999999999999999,0.9999999999999999,0.9999999999999999,16.319257408013378,8.489934309780931,21.565336247806435,0.257769550728225,8.489934309780933,16.512836500653272,24.68313145234123,0.016813975825557693,0.02634108786056387,2801.6088585263956,0.03125000308384599,0.17237284259270966,3445.3125,11.38206424173022,2.7341306668612555
OR,12k_Drive_End_OR021@6_0_234.mat,-3.686287386450715e-18,0.5126581313736875,0.9999999999999999,0.9999999999999999,0.9999999999999999,18.776861856292484,9.767942389729523,28.154717956642013,0.474142581196569,9.767942389729525,19.053520839620624,27.9432294209904,0.01704020272055686,0.026195304756051977,2778.744139764703,0.031250000000321805,0.1550461805113966,3457.03125,9.68345887929843,2.5210854322781757
OR,12k_Drive_End_OR021@6_0_234.mat,8.673617379884035e-18,0.5469983314279978,1.0,1.0000000000000002,1.0,13.040331813472278,6.921249221284585,14.584843417667994,-0.4010402836847956,6.921249221284585,12.653145034676653,18.544642356140915,0.01692555910702325,0.02626953833861251,2725.442702876621,0.031250011129744744,0.14609513714635125,3503.90625,10.512080277821997,2.6908586724783556
OR,12k_Drive_End_OR021@6_0_234.mat,-4.7704895589362195e-18,0.5465248168288782,1.0,1.0,1.0,11.781341727922964,6.314033340017506,13.776796395951482,-0.48442843151520865,6.314033340017506,11.553058791828818,17.022409211599612,0.01703265666080891,0.026200213167571297,2741.5166842092653,0.03125000100721878,0.1648468367005757,3468.75,10.433715994496296,2.6363747269062516
OR,12k_Drive_End_OR021@6_0_234.mat,7.26415455565288e-18,0.5151081601344534,0.9999999999999999,0.9999999999999998,0.9999999999999999,16.1092184055449,8.390543305899794,20.741098860046804,0.10802287142698326,8.390543305899795,16.28889611010957,24.278221936957852,0.01652296501078554,0.026524597623080622,2785.648728234023,0.031250002429023545,0.16911741226957955,3445.3125,10.766162586542972,2.720118083378857
OR,12k_Drive_End_OR021@6_0_234.mat,-8.673617379884035e-18,0.5141757991602667,0.9999999999999999,0.9999999999999999,0.9999999999999999,16.49826666668318,8.599028434619704,21.792024513984988,0.13124994642584537,8.599028434619706,16.72390736526948,24.92856924102236,0.0179407210436799,0.02558697010744982,2825.6556605438727,0.03125000017354671,0.17117628149289146,3468.75,9.985429619722922,2.5346961500324423
OR,12k_Drive_End_OR021@6_0_234.mat,-8.673617379884035e-18,0.4687485235447849,1.0,1.0,1.0,19.238829939400865,10.123609958496727,31.5083894332525,0.2883232840905898,10.123609958496727,21.59710260405653,33.584035409282826,0.01657393243400036,0.026492779507253615,2856.445329911979,0.03125000163754822,0.1583168218886756,3468.75,10.244180383772624,2.6580873133532745
OR,12k_Drive_End_OR021@6_0_234.mat,0.0,0.4415058602068801,1.0,1.0,1.0,18.463915684883208,9.712814356501767,31.149110017342007,0.3430832510552247,9.712814356501767,21.999287511043573,35.55274825464428,0.01757228506770586,0.025841389346526286,2867.5674740740264,0.031250001693751646,0.15234726500212362,3503.90625,9.814276853042346,2.515118941678447
OR,12k_Drive_End_OR021@6_0_234.mat,-6.071532165918825e-18,0.47769472324223133,1.0,1.0,1.0,15.155655469789075,7.690229456540905,23.23305060807178,0.12221471258562362,7.690229456540905,16.098627601212403,25.220893852238817,0.016893050217298675,0.026290442578167643,2802.4987063179133,0.03125000026560168,0.17905648502508553,3433.59375,11.447666362971098,2.742007159398928
OR,12k_Drive_End_OR021@6_0_234.mat,2.8189256484623115e-18,0.5196609644394978,1.0,1.0000000000000002,1.0,12.588799617258232,6.562582961535196,13.909529443767802,0.17687300360539232,6.562582961535196,12.628585579087215,19.47935779138287,0.016704056417490343,0.026410926419709387,2804.8543962232984,0.031250000562336046,0.1640170855283438,3421.875,10.77353374765334,2.6663916938980776
OR,12k_Drive_End_OR021@6_0_234.mat,-1.5178830414797062e-17,0.5116915805728113,1.0,1.0000000000000002,1.0,13.088352545142826,6.57056046131461,15.600163155541175,0.07330881002752535,6.57056046131461,12.840861000603567,19.569554251725815,0.017222644109908664,0.026075719232762962,2779.5049607394117,0.03125000165827925,0.14778445890957262,3515.625,9.370960435517022,2.46175664028327
OR,12k_Drive_End_OR021@6_0_234.mat,1.6046192152785466e-17,0.5224374563539373,1.0,1.0000000000000002,1.0,12.477708808945522,6.47537150512876,17.733341067865215,0.16111146877606766,6.47537150512876,12.394539147939405,18.028050599401553,0.017397974641421152,0.025959064859432432,2602.8148247887384,0.031250001119996026,0.16361673910588567,2753.90625,10.275426843806317,2.542081375857078
OR,12k_Drive_End_OR021@6_0_234.mat,1.734723475976807e-18,0.4915735645587161,1.0,1.0000000000000002,1.0,16.09498001244476,8.087986153523525,20.3825339598911,0.17256891370364769,8.087986153523525,16.453256921543538,25.411574076281422,0.019197480519912664,0.024658204858958675,2772.4656383596252,0.031250125202609974,0.15063926540928965,2789.0625,8.007273643498579,2.1440823675656118
OR,12k_Drive_End_OR021@6_0_234.mat,1.1275702593849246e-17,0.5156197403512721,1.0,1.0,1.0,14.662276508544167,7.3698460638521395,16.47303003480586,0.4171564137723507,7.3698460638521395,14.293180588530888,21.977558053879203,0.016850085569482462,0.026318001597848292,2726.17329302594,0.03125000146885159,0.1531814908570318,2789.0625,10.853481852892106,2.675428070651552
OR,12k_Drive_End_OR021@6_0_234.mat,-3.0357660829594124e-18,0.5497523611864896,0.9999999999999999,0.9999999999999998,0.9999999999999999,13.14960027854331,7.409776427473826,13.691599555261734,0.5294406637137885,7.409776427473827,13.47838945426602,19.69604264469427,0.018235044121552847,0.0253782060842574,2772.163683032962,0.03125012285047882,0.14750493196542747,2800.78125,10.351989433831324,2.623804901496523
OR,12k_Drive_End_OR021@6_0_234.mat,8.239936510889834e-18,0.49871436330233976,1.0,1.0,1.0,15.488044923820677,8.761782320336291,24.15915394721846,-0.6364436418664097,8.761782320336291,17.56873867100668,25.965463675807896,0.017235261815024897,0.0260673798776012,2747.7354820656506,0.03125000069624996,0.17305030290973133,3527.34375,10.882754875763268,2.6674815809194152
OR,12k_Drive_End_OR021@6_0_234.mat,1.734723475976807e-18,0.5050606272490712,1.0,1.0,1.0,12.583837729382015,7.120864439788977,15.459535145084033,-0.42293254597923297,7.120864439788977,14.099029018702966,21.87276809345181,0.01695123781125682,0.026252962870526936,2768.0208843606238,0.03125000036504078,0.1620026507108394,3410.15625,11.269464992323053,2.738648025173104
OR,12k_Drive_End_OR021@6_0_234.mat,7.37257477290143e-18,0.5387961643191098,1.0,1.0,1.0,11.778473420609393,6.444607532294272,12.623598856751595,0.24477991689786155,6.444607532294272,11.961123629078696,18.054867626980343,0.017108563516941427,0.02615079106740303,2826.7310610309996,0.031250069104950554,0.16853912159047948,3410.15625,11.108750659432337,2.733762784867108
OR,12k_Drive_End_OR021@6_0_234.mat,0.0,0.5261615914552458,1.0,1.0,1.0,14.254455755817084,8.078214470783053,19.92241322740097,0.6462572007316484,8.078214470783053,15.353105589559494,22.297803317496804,0.017779329267388143,0.025699377006685373,2676.6009789605423,0.03125000044367925,0.15390056718656597,2789.0625,8.271717736981195,2.2922483397019553
OR,12k_Drive_End_OR021@6_0_234.mat,7.15573433840433e-18,0.5194702225439696,1.0,1.0,1.0,14.153339671026618,7.229546818536414,18.00836423589354,-0.4335331224482867,7.229546818536414,13.917153485971918,20.431484719353044,0.017979535179436144,0.02555979753581591,2702.5730342999213,0.03125007096536715,0.14455450863175948,2800.78125,9.675697639521577,2.5373518589895188
OR,12k_Drive_End_OR021@6_0_234.mat,2.168404344971009e-19,0.5183680654681571,1.0,1.0000000000000002,1.0,12.009561571827405,6.138876686120535,14.998655364194905,-0.47658776078404685,6.138876686120535,11.842698451295012,17.832201390133747,0.01714665092677148,0.026125750940527402,2740.998409182101,0.03125000000337635,0.1413408052485583,3468.75,9.261758792505686,2.509813004954807
OR,12k_Drive_End_OR021@6_0_234.mat,5.204170427930421e-18,0.5248124602382946,0.9999999999999999,0.9999999999999999,0.9999999999999999,15.269360256262459,8.26865228966939,18.188481915571796,0.11859020146031317,8.268652289669392,15.755442021927133,23.490701855903676,0.016753297434346684,0.026379725751534217,2804.1948376088294,0.031250006490396845,0.14117641409281256,3468.75,9.2177504092546,2.5304911453606156
OR,12k_Drive_End_OR021@6_0_234.mat,1.3660947373317356e-17,0.5069404838666838,1.0,1.0000000000000002,1.0,16.5769557213082,8.978759352545298,21.611631529819434,0.3996163098129258,8.978759352545298,17.711663673139487,26.6362859601157,0.016761185163727967,0.02637471508551542,2808.293937937441,0.03125000678295749,0.16842967440543805,3515.625,10.989847830178837,2.725239382873016
OR,12k_Drive_End_OR021@6_0_234.mat,-1.2793585635328952e-17,0.49107512021882826,1.0,1.0,1.0,15.224489569033405,7.6507787728372385,19.65097434657549,-0.10264283619431011,7.6507787728372385,15.579650562276441,24.070411902152856,0.016328185151415188,0.026644941055895596,2824.621150633374,0.031250000227376735,0.18682785823602618,3550.78125,13.533745722049273,3.038215086529965
OR,12k_Drive_End_OR021@6_0_234.mat,-1.1817803680091998e-17,0.5062559440053769,1.0,1.0,1.0,14.540194210273501,7.30754747781454,17.676146122076013,-0.28943336461575975,7.30754747781454,14.434492205659767,21.91264322961722,0.016754452017202902,0.0263789887144957,2795.378811533521,0.03125000332793975,0.1512962612782548,3468.75,10.101029105793778,2.653611852352423
OR,12k_Drive_End_OR021@6_0_234.mat,1.452830911130576e-17,0.5084620554001584,1.0,1.0000000000000002,1.0,17.060779123593917,9.210795361360805,23.005760552609544,0.0753531755855979,9.210795361360805,18.115010281567482,26.761386717564324,0.016957864773760805,0.026248683742133978,2775.2464383719534,0.0312500012140756,0.16103004921685368,3468.75,9.993924549168183,2.6087329995004853
OR,12k_Drive_End_OR021@6_0_234.mat,4.933119884809045e-18,0.4990169545466695,1.0,1.0,1.0,16.98448780895409,9.170355868089592,23.67709810283139,0.3639291279020525,9.170355868089592,18.376842278676435,27.571111597850344,0.016577798585000574,0.02649035862489069,2877.599544838519,0.03125000009600268,0.15592387616087675,3515.625,10.899029678977078,2.7422361819460064
OR,12k_Drive_End_OR021@6_0_234.mat,4.9873299934333204e-18,0.5284039740896556,1.0,1.0,1.0,13.247197343762672,6.844129869169783,14.03749806549888,-0.07384497547595897,6.844129869169783,12.952457219802293,19.530049017062392,0.01719191690250316,0.02609599800797358,2784.356609748626,0.03125000990103419,0.20073801018798643,3515.625,12.425707111825599,2.7783817142360356
OR,12k_Drive_End_OR021@6_0_234.mat,-3.469446951953614e-18,0.5030732766580248,0.9999999999999998,0.9999999999999997,0.9999999999999998,13.430551368930711,7.3229972706014115,16.495587714292927,-0.3918038865904774,7.322997270601413,14.556522102006584,22.52838017161304,0.017251353231894896,0.02605673308092269,2743.915083140093,0.03125000043491298,0.15644279484797594,2765.625,9.143507478255405,2.4767302973878933
OR,12k_Drive_End_OR021@6_0_234.mat,1.0299920638612292e-17,0.4876706715260918,0.9999999999999999,0.9999999999999998,0.9999999999999999,14.910330539350431,7.67896019724913,20.57888297760833,-0.007387709218094676,7.678960197249131,15.746200552145124,24.270361856340358,0.0169006944954379,0.026285543068691998,2828.151635429565,0.03125001198150469,0.16235374393755944,3410.15625,10.639003967844499,2.68750289159558
OR,12k_Drive_End_OR021@6_0_234.mat,8.239936510889834e-18,0.5213596523197678,0.9999999999999999,0.9999999999999999,0.9999999999999999,15.710750430743204,8.090778960010635,19.077046732535116,0.20139693796048835,8.090778960010637,15.518613540597274,23.042105835817345,0.016409398214497647,0.026595005451283835,2834.0643107542223,0.031250002635452294,0.18286943566379382,3410.15625,13.47507956207761,2.9909914849830646
OR,12k_Drive_End_OR021@6_0_234.mat,1.7780915628762273e-17,0.5286757586911792,0.9999999999999999,0.9999999999999999,0.9999999999999999,12.76570394875742,6.473224099565657,15.632992096968337,-0.07339947088895257,6.473224099565658,12.244223407540288,18.20838079512151,0.017374878446151123,0.025974528769331644,2736.5558229373905,0.03125000073291782,0.15129326960093387,2800.78125,9.34005367245407,2.4700267298814476
OR,12k_Drive_End_OR021@6_0_234.mat,7.697835424647081e-18,0.49945069597386804,1.0,1.0000000000000002,1.0,14.531189053636277,7.462456003714127,19.864073940271485,-0.15216663785854723,7.462456003714127,14.941326669218563,22.492868055550574,0.017281092415393343,0.026037019479802064,2711.482105240751,0.03125000061537531,0.17556277350725735,2800.78125,10.889449006762003,2.636861886386885
OR,12k_Drive_End_OR021@6_0_234.mat,-4.228388472693467e-18,0.4941831373442356,1.0,1.0,1.0,14.049965350061129,7.214712317387016,19.70924467169234,0.035103962196509464,7.214712317387016,14.599268514420046,22.274941132337972,0.016831382769662288,0.02632996518596531,2808.193465697286,0.031250000202128474,0.15992220144210403,3410.15625,9.779121258611312,2.5370006174179953
OR,12k_Drive_End_OR021@6_0_234.mat,-2.3852447794681098e-18,0.5234633416768613,1.0,1.0,1.0,13.32675418349258,6.726523849003186,15.161076965959257,-0.09651759481645644,6.726523849003186,12.850038032186658,19.34345570548217,0.01758365881348302,0.02583364949308312,2796.5802831028027,0.03125000005440724,0.17078688036125006,3515.625,11.457178817014007,2.7014583190769685
OR,12k_Drive_End_OR021@6_0_234.mat,4.336808689942018e-19,0.5346632274650643,1.0,1.0,1.0,12.28013795978815,6.4096984821911125,14.881549067802638,-0.46558176330641865,6.4096984821911125,11.98829123255897,17.610204513719843,0.016989099289720727,0.02622847802809989,2731.4572059257334,0.03125000086954412,0.17835240732086335,3410.15625,11.709188287720917,2.775529452638128
OR,12k_Drive_End_OR021@6_0_234.mat,-1.6263032587282567e-17,0.5304568778804811,1.0000000000000002,1.0000000000000004,1.0000000000000002,11.736864425236828,5.966938248788856,14.80753373612965,-0.1776041198208642,5.966938248788855,11.248677314979194,16.64481815734815,0.017698632480470794,0.025755021215979484,2678.78158171317,0.031250003352229085,0.17069304668894245,2800.78125,9.841976842224161,2.5098777014717695
OR,12k_Drive_End_OR021@6_0_234.mat,-2.168404344971009e-18,0.5234454693782041,1.0,1.0000000000000002,1.0,12.02276383138923,6.221139269983229,14.277022902167236,0.03758019481315175,6.221139269983229,11.884980640625777,17.889942953739734,0.017792747174079852,0.0256900887133609,2706.6308213121665,0.031250000161617275,0.15206394722443475,3433.59375,8.44754660490159,2.304651889231603
OR,12k_Drive_End_OR021@6_0_234.mat,-5.204170427930421e-18,0.5211433643556849,1.0,1.0,1.0,16.325830477968807,9.082185967141442,19.376129728074876,0.45004718198805005,9.082185967141442,17.42742321658493,26.158278730002753,0.017482357376716773,0.02590232888867905,2785.4954379721203,0.03125001538086886,0.14615367990420416,2765.625,9.100552740173082,2.4442259247566605
OR,12k_Drive_End_OR021@6_0_234.mat,-1.4094628242311558e-17,0.5308896271233878,1.0,1.0,1.0,17.708421188571563,9.854278123254714,23.705947598970287,0.40301286679489867,9.854278123254714,18.561820800021792,26.742967935391448,0.017522399815265887,0.025875241761662046,2715.8466365880513,0.031250002104167764,0.14121722271421783,2789.0625,9.11649705361851,2.4692430616742476
OR,12k_Drive_End_OR021@6_0_234.mat,2.168404344971009e-19,0.5072343126557429,1.0,1.0,1.0,17.43224732819871,8.835363728416299,28.54581752471537,-0.2033825674735964,8.835363728416299,17.41870277299795,25.22835871162182,0.01747375662394756,0.025908124135341017,2760.720883548735,0.031250009068241734,0.13781821515140122,3468.75,8.732219695868537,2.435892126020836
OR,12k_Drive_End_OR021@6_0_234.mat,-9.107298248878237e-18,0.4960720182707986,0.9999999999999999,0.9999999999999999,0.9999999999999999,13.495844774479734,6.839266750144408,18.658691851365358,-0.11840345365744541,6.839266750144409,13.786842430630607,21.30325349017363,0.017029346521532526,0.02620240067452255,2854.379394884602,0.03125003110492294,0.17264536653106397,3550.78125,13.722811054320871,2.999796177904704
OR,12k_Drive_End_OR021@6_0_234.mat,3.0357660829594124e-18,0.5208979757600366,1.0,1.0,1.0,13.542178523466221,7.187095488859656,15.911640220657556,0.2815966070240081,7.187095488859656,13.79751088180568,21.247726035097738,0.01627862593685523,0.026675251120267786,2828.7614775639004,0.03125000295554232,0.17024528284744367,3515.625,12.064886362524168,2.8567711825751445
OR,12k_Drive_End_OR021@6_0_234.mat,4.336808689942018e-19,0.5281698783123183,0.9999999999999999,0.9999999999999998,0.9999999999999999,16.357732441181955,8.678596873012676,19.75396684071059,0.5954272102188717,8.678596873012678,16.431449859927138,24.345311050355402,0.01777076542627816,0.025705336084571342,2775.290583045683,0.0312500305128902,0.1424680258448899,3457.03125,7.869671520466847,2.2813459637224587
OR,12k_Drive_End_OR021@6_0_234.mat,-1.8431436932253575e-17,0.5190446244547468,1.0,1.0,1.0,14.696687984288511,7.675091557036893,21.28523986191645,-0.4739877082325693,7.675091557036893,14.786958953865538,21.344791009503414,0.017635809532119864,0.025798102214285253,2665.3602211695033,0.03125002169138318,0.13824330065363666,3433.59375,9.378948985518125,2.4952376473486653
OR,12k_Drive_End_OR021@6_0_234.mat,-3.903127820947816e-18,0.4733957776702252,1.0,1.0000000000000002,1.0,14.946983236207238,7.560079219326052,22.367888422728598,-0.06727333050163192,7.560079219326052,15.969891528252116,24.9182095193829,0.01678217061531874,0.026361360284807782,2837.5928525208146,0.03125000106603372,0.17197460718438853,3445.3125,10.714259943041228,2.6969408297603414
OR,12k_Drive_End_OR021@6_0_234.mat,-1.0842021724855044e-18,0.49095536461137734,0.9999999999999999,0.9999999999999998,0.9999999999999999,13.8175838115611,6.9882268328160295,19.906032810167112,0.30063236287022294,6.98822683281603,14.233935173205937,22.277592857273056,0.01679085233502334,0.026355845554314587,2883.091321749996,0.03125001307230835,0.16727727998395786,3480.46875,10.92918212848392,2.690871649145108
OR,12k_Drive_End_OR021@6_0_234.mat,8.131516293641283e-18,0.5064784727051878,0.9999999999999999,0.9999999999999998,0.9999999999999999,15.850053250790452,8.208835178571281,21.74555720459197,0.516992756438922,8.208835178571283,16.207668481399605,24.153804317334885,0.01672362767689902,0.026398541294805514,2784.7430593866443,0.03125000328270535,0.15410428828360778,2800.78125,8.493851026091757,2.4039228826614214
OR,12k_Drive_End_OR021@6_0_234.mat,4.7704895589362195e-18,0.5270523537325486,1.0,1.0,1.0,12.393367413726686,6.237163104740012,14.472028300944006,0.30533276656158065,6.237163104740012,11.834048478426956,17.675593046955868,0.017616384817720966,0.02581142742853757,2754.9562291947636,0.031250068799039334,0.16823443603236118,2789.0625,10.426520052801571,2.588255689648787
OR,12k_Drive_End_OR021@6_0_234.mat,3.903127820947816e-18,0.5084149790340157,1.0,1.0,1.0,14.094054374421344,7.121966605910594,17.032658069223313,0.06924828816941025,7.121966605910594,14.008176193868781,21.455739929535078,0.01726915136810161,0.02604494324715798,2764.866561916229,0.03125000252355327,0.17666949970625043,2800.78125,9.963005868223759,2.5297292856695965
OR,12k_Drive_End_OR021@6_0_234.mat,4.336808689942018e-19,0.4992931990589886,0.9999999999999999,0.9999999999999998,0.9999999999999999,14.944981571112473,7.556077533199855,20.860230519076207,0.15634095687472965,7.556077533199856,15.133547878161961,22.813336939493645,0.016980438635964386,0.026234096499207295,2809.9565300042814,0.03125000984639001,0.1753033150857033,3515.625,11.608515265083362,2.747526004544954
OR,12k_Drive_End_OR021@6_0_234.mat,1.3010426069826053e-18,0.5220757790692071,1.0,1.0000000000000002,1.0,14.489002838983843,7.37186080820398,18.432930363159894,0.3798310616983331,7.37186080820398,14.120288861795206,20.918742188804504,0.017497438553815456,0.025892136938616417,2741.7788137773136,0.03125000977908026,0.15106222119899432,3515.625,9.018482545153756,2.433270200078633
OR,12k_Drive_End_OR021@6_0_234.mat,-1.1709383462843448e-17,0.4894302626731351,1.0,1.0,1.0,17.71660068885625,9.759612838866337,25.186164029234796,0.7309368551378692,9.759612838866337,19.94076293027322,30.50220343579937,0.01728715032388501,0.026032997089738233,2691.685937642602,0.031250000060718666,0.17479394791899963,2812.5,10.926853604867075,2.634667649275116
OR,12k_Drive_End_OR021@6_0_234.mat,-6.071532165918825e-18,0.4945802886737695,1.0,1.0,1.0,15.636735643799984,8.611220260783636,19.383383384088912,0.6715983347670831,8.611220260783636,17.411167525246217,26.987444433559098,0.016496904582946507,0.026540813376581728,2676.8951673637976,0.031250002168150014,0.20063698995733872,2812.5,15.059885284491523,3.1190901616322066
OR,12k_Drive_End_OR021@6_0_234.mat,1.3444106938820255e-17,0.5165565409592825,0.9999999999999999,0.9999999999999998,0.9999999999999999,12.647587444221227,7.000436456443015,15.831716023691996,0.4664640986925797,7.0004364564430155,13.55212043863137,20.350214359735048,0.017546004985975437,0.025859238644019195,2695.1187041548646,0.031250000227459364,0.1436266836474299,2800.78125,7.568019375865673,2.2135956619574952
OR,12k_Drive_End_OR021@6_0_234.mat,-1.9081958235744878e-17,0.525894380912615,1.0,1.0,1.0,13.601941705436996,7.27616516244697,15.334664901388685,0.388153533023321,7.27616516244697,13.835791798764268,20.687081898082976,0.01751782863797533,0.02587833456757634,2745.7193356509197,0.03125000032289416,0.13777844825993132,3269.53125,7.1199731500501775,2.1312752585781816
OR,12k_Drive_End_OR021@6_0_234.mat,-3.0357660829594124e-18,0.5297248328249138,1.0,1.0000000000000002,1.0,12.277142611794577,6.232705054961385,13.330034808215476,0.10836033035828069,6.232705054961385,11.76592953311939,17.68880983667579,0.017034253284964426,0.02619917531560344,2693.4419885889906,0.03125000115510471,0.1598556413312255,2812.5,10.509246040235116,2.6431230541391786
OR,12k_Drive_End_OR021@6_0_234.mat,1.0408340855860843e-17,0.5194115876471508,1.0,1.0000000000000002,1.0,11.83870493838515,6.333839068715156,14.02657491054717,0.08689096244207241,6.333839068715156,12.194258309496727,18.486114180139065,0.016994209276354345,0.02622516914858552,2665.6584138529383,0.03125000233280711,0.1954003426932047,2765.625,13.566400125444202,2.9103826074617256
OR,12k_Drive_End_OR021@6_0_234.mat,-1.463672932855431e-17,0.5197867155453536,1.0,1.0,1.0,12.598805765111447,6.7401919587234636,15.453321926931135,0.31363334108615804,6.7401919587234636,12.967226281748543,19.477553445026675,0.017705799946199335,0.025750093760761043,2686.7314361307176,0.031250002886764945,0.1383828738673815,2824.21875,7.519010729852051,2.19701660866728
OR,12k_Drive_End_OR021@6_0_234.mat,2.9815559743351372e-18,0.4934654369484295,0.9999999999999999,0.9999999999999998,0.9999999999999999,15.240891307009115,7.875594400390288,19.31597523742202,0.045167037257481654,7.8755944003902885,15.959769034874354,24.658277529905607,0.016687005431843482,0.026421702516300837,2851.4594775891173,0.031250000226276345,0.16070323317250962,3550.78125,11.957715828835527,2.8618293818099
OR,12k_Drive_End_OR021@6_0_234.mat,-2.6020852139652106e-18,0.4883210130489333,1.0,1.0,1.0,14.66210385877126,7.709025540058424,19.110969120372367,0.23442994980093138,7.709025540058424,15.786798712440262,24.871977859701076,0.016770448983837533,0.026368817597552732,2827.2449455352826,0.031250000009800064,0.16501726373002792,3457.03125,10.177858414486934,2.6034186004849538
OR,12k_Drive_End_OR021@6_0_234.mat,-9.540979117872439e-18,0.496176731801387,1.0,1.0000000000000002,1.0,14.830841671652323,8.175728780109107,20.83403759314436,0.07353617939833024,8.175728780109107,16.477453004349556,24.942590899925833,0.01669944418528252,0.026413842333000977,2725.821648512505,0.031250000046240005,0.18430985621276622,2812.5,11.620814234330147,2.7714077294878914
OR,12k_Drive_End_OR021@6_0_234.mat,-1.5070410197548512e-17,0.5194962058357548,1.0,1.0,1.0,15.343450165754096,8.219269013919723,22.072944895081967,-0.4771506432641842,8.219269013919723,15.821615098606411,22.886006414708124,0.01758252738877661,0.02583441957794051,2712.5485627580183,0.031250000068898484,0.13261770814831808,3480.46875,7.989112567636281,2.298967981829088
OR,12k_Drive_End_OR021@6_0_234.mat,-1.0842021724855044e-17,0.4919908502512239,1.0,1.0,1.0,16.98520795577776,8.771113919519188,25.803700240188114,0.6859659070196745,8.771113919519188,17.82779886056909,27.386097145322026,0.019722122071405064,0.024241039633383463,2983.5608476803627,0.031250441620986266,0.14778885565767572,3480.46875,9.122478224903045,2.438192292193928
OR,12k_Drive_End_OR021@6_0_234.mat,-6.071532165918825e-18,0.4935769825059182,1.0,1.0,1.0,15.855590364054942,8.192123408367554,23.889287944601502,0.41740792382240754,8.192123408367554,16.59745834738014,25.803612335849927,0.016576918948227506,0.026490908972696913,2834.1313471053277,0.03125000000025308,0.1616276823591788,3562.5,10.589751672594314,2.685876035970064
OR,12k_Drive_End_OR021@6_0_234.mat,1.1275702593849246e-17,0.4935467509115348,1.0,1.0,1.0,16.181697530741133,8.574212457638204,24.408714336982353,-0.03050207688711329,8.574212457638204,17.372644925333685,26.335984801041356,0.01888913034842353,0.02489556552436879,2913.268869402713,0.03125041484681243,0.12898338290937988,3492.1875,8.850319758444785,2.5020812634625047
OR,12k_Drive_End_OR021@6_0_234.mat,1.1058862159352145e-17,0.47856899565794997,1.0,1.0,1.0,18.197592209519247,9.636313033522214,29.418724640534325,0.1535608380068651,9.636313033522214,20.13568183679334,30.507272670017247,0.01721807124189451,0.026078737303142713,2834.534320793728,0.03125000026587651,0.15844677274497185,3445.3125,9.60679541544236,2.528246223760452
OR,12k_Drive_End_OR021@6_0_234.mat,1.1926223897340549e-18,0.4755919837173489,0.9999999999999999,0.9999999999999998,0.9999999999999999,15.974688072783081,8.368691640907686,24.33606222457432,0.44112331694889134,8.368691640907688,17.59636816309612,27.929706224173163,0.01621938546260497,0.02671131280826644,2875.5841239822325,0.03125000314760977,0.17727154869945624,3421.875,13.677096093009785,3.052298730358971
OR,12k_Drive_End_OR021@6_0_234.mat,2.6020852139652106e-18,0.4832472230757392,1.0,1.0,1.0,15.89013211939431,8.325521773277245,23.942104965208657,0.40615880508646335,8.325521773277245,17.22828683895487,26.74006318220855,0.01630712387552106,0.02665783672505819,2860.78982210333,0.0312500007672232,0.15112746475452826,3527.34375,10.502925662192634,2.699469409266462
OR,12k_Drive_End_OR021@6_0_234.mat,1.0191500421363742e-17,0.5000923981670666,1.0,1.0000000000000002,1.0,16.31485356524493,8.639210618619623,24.56406709111921,-0.08339837548463562,8.639210618619623,17.27522883827862,25.496651015392835,0.017084549788920548,0.026166410958255643,2799.5466126312253,0.03125000646282215,0.14788922508891508,3468.75,8.832059519608618,2.4618839525087597
OR,12k_Drive_End_OR021@6_0_234.mat,-8.239936510889834e-18,0.49973317320694854,1.0,1.0,1.0,14.877132307527758,7.879655658758512,19.28307696197669,-0.23436212947577884,7.879655658758512,15.76772582094606,24.08729085965184,0.017357515318467395,0.025986134746250496,2795.948405255516,0.031250000593297876,0.14907407894522565,3410.15625,9.659699311800866,2.547672851611715
OR,12k_Drive_End_OR021@6_0_234.mat,-9.974659986866641e-18,0.5398789066277191,0.9999999999999999,0.9999999999999998,0.9999999999999999,12.456278086555615,6.35226676551363,13.965939333005172,0.02811145497485774,6.3522667655136305,11.766095484619335,17.51280796394108,0.017315770127233628,0.026013969441951213,2776.313325334559,0.03125000001961548,0.14358418141276572,3421.875,9.297619644898022,2.5094680845179815
OR,12k_Drive_End_OR021@6_0_234.mat,-9.107298248878237e-18,0.5397283475236118,1.0,1.0000000000000002,1.0,13.22368526480804,6.741481659985532,15.921581833989297,0.3805503575175096,6.741481659985532,12.490508773379945,18.299121983293052,0.017625044381523472,0.02580543801776882,2729.5539182564453,0.03125000513183287,0.14137433784264009,2871.09375,8.369011569732017,2.3292139320256178
OR,12k_Drive_End_OR021@6_0_234.mat,1.0842021724855044e-18,0.4619416789046903,1.0,1.0,1.0,16.25506203684744,8.33025130403701,26.749030943451476,0.3543897016928418,8.33025130403701,18.033123410273056,28.13398790704538,0.01709221224611361,0.026161407898322112,2846.2033655593177,0.031250007723016435,0.14939686266576258,3410.15625,8.992641137767343,2.4704753316382884
OR,12k_Drive_End_OR021@6_0_234.mat,-9.75781955236954e-19,0.4331925793355179,0.9999999999999999,0.9999999999999998,0.9999999999999999,15.708124339586114,7.905665049108095,25.83896580454745,0.4481893675460066,7.905665049108096,18.249770255147816,30.704163187232307,0.01599410046146766,0.02684681361539971,2912.467265075025,0.03125000241394441,0.16598154975345616,3503.90625,11.531403811840788,2.8267241470089814
OR,12k_Drive_End_OR021@6_0_234.mat,1.0842021724855044e-18,0.4715259027290354,1.0,1.0,1.0,17.65621469447558,8.885780239427495,27.490565331063532,0.5055945011570591,8.885780239427495,18.84473406020655,29.997103397892666,0.016817420547741838,0.026338905914635696,2880.4293432737427,0.031250017578549304,0.1600778795761206,3480.46875,10.158514399513914,2.6370183311113067
OR,12k_Drive_End_OR021@6_0_234.mat,1.431146867680866e-17,0.5011135933607216,1.0,1.0,1.0,15.637428778699316,7.883166235320405,21.898152763217283,0.3769715050609541,7.883166235320405,15.731295937218345,23.70086799875244,0.016949191694914573,0.02625428767914839,2768.9070917607546,0.031250003530406904,0.15977668152218513,3410.15625,9.551067108333305,2.5181959914563943
OR,12k_Drive_End_OR021@6_0_234.mat,6.505213034913027e-19,0.5002960566297673,0.9999999999999999,0.9999999999999999,0.9999999999999999,14.482448776592081,7.451512497134078,20.44241553603977,-0.0004233457891422017,7.451512497134079,14.894205937442358,22.805513430130315,0.017255389755756148,0.026054117477885295,2823.289499397898,0.031250048210754854,0.14230160893065294,3468.75,9.80330156493892,2.581413522636256
OR,12k_Drive_End_OR021@6_0_234.mat,-7.806255641895632e-18,0.45987501725327223,1.0,1.0,1.0,14.849429523826956,8.010002965653703,22.117340292282343,0.2011254248429552,8.010002965653703,17.417782365077382,28.433740680884295,0.016384170474369478,0.02661055163550053,2881.627073915804,0.03125000000766145,0.18677623835300927,3398.4375,12.479676152096287,2.867039365122674
OR,12k_Drive_End_OR021@6_0_234.mat,-4.336808689942018e-18,0.4562932312236823,1.0,1.0,1.0,15.758671800721377,8.501317448710335,25.38318718810724,0.39362945417503636,8.501317448710335,18.631259170581146,29.784852015098064,0.01670689571800237,0.02640915976643627,2905.7719931209094,0.03125002534561152,0.17001114261870678,3457.03125,11.629619312901543,2.7850026098031804
OR,12k_Drive_End_OR021@6_0_234.mat,-6.505213034913027e-19,0.5275548520797826,0.9999999999999998,0.9999999999999996,0.9999999999999998,14.844319268625137,7.576349982928954,17.63142220659939,0.2351139531135385,7.576349982928956,14.361255427868144,21.177930390937227,0.018462583371554594,0.025213112965779157,2815.386064121632,0.03125008880270175,0.15097550144795624,3445.3125,8.43168557851053,2.3447940301828334
OR,12k_Drive_End_OR021@6_0_234.mat,7.15573433840433e-18,0.5286395655891452,1.0,1.0,1.0,12.30312009659913,6.481039325713309,14.078504700504944,0.17073009307344567,6.481039325713309,12.259845360780895,18.269566056127534,0.017222943506454022,0.026075521461394763,2684.3414771716475,0.03125000164016261,0.1768880251230901,2765.625,11.125947695960392,2.6164317225297755
OR,12k_Drive_End_OR021@6_0_234.mat,9.107298248878237e-18,0.5012025862745835,1.0,1.0,1.0,14.980326176947322,7.714625717591809,19.23432117299528,0.07601106595913788,7.714625717591809,15.392230464998752,23.478904199451126,0.017263394854480706,0.026048821122046144,2811.930754652694,0.03125005413995419,0.16144177906513696,2765.625,9.904098199647857,2.594582155465559
OR,12k_Drive_End_OR021@6_0_234.mat,6.396792817664476e-18,0.4892752171224794,1.0,1.0,1.0,17.77185075118161,9.153469180475192,28.744896408433462,0.030941085452963125,9.153469180475192,18.70822159010727,27.926570718761273,0.01742143131165258,0.02594332895064279,2791.0547006945703,0.0312500013758062,0.17566165779241266,3433.59375,10.092280133880564,2.524066185036098
OR,12k_Drive_End_OR021@6_0_234.mat,6.071532165918825e-18,0.5398627907200519,0.9999999999999999,0.9999999999999998,0.9999999999999999,13.461565113709154,6.906863913123811,14.907031620534662,-0.19718816730920852,6.906863913123812,12.793739505387386,18.64498618534002,0.017485695832054768,0.025900057207491344,2721.277133846307,0.03125000035331939,0.17019837092735185,3445.3125,10.39837053040685,2.577266246867036
OR,12k_Drive_End_OR021@6_0_234.mat,-7.48099499014998e-18,0.5341072385980382,0.9999999999999999,0.9999999999999999,0.9999999999999999,13.579017882853648,7.659413132814077,15.969923291350359,0.12600183188714048,7.659413132814078,14.340590389523715,21.111295478819173,0.017318832537842468,0.02601193131100031,2734.877419917324,0.031250000496032465,0.15863678236676043,2789.0625,9.045860670227892,2.4280574670404036
OR,12k_Drive_End_OR021@6_0_234.mat,-4.553649124439119e-18,0.5246349826153718,1.0,1.0000000000000002,1.0,14.179159730436856,7.40268895129098,18.489741705836472,-0.06116465768800464,7.40268895129098,14.110170302383647,20.604324533954085,0.016931780806841903,0.026265515402169766,2716.27356277864,0.03125000001012091,0.17397392313224994,2800.78125,10.669669247492608,2.656997280918433
OR,12k_Drive_End_OR021@6_0_234.mat,-4.7704895589362195e-18,0.5286863882445058,1.0,1.0000000000000002,1.0,16.675402380707688,8.754678973222228,25.78013815186589,-0.6685947069260757,8.754678973222228,16.55930466129834,23.604184388561936,0.01805419140465617,0.025507035106778923,2674.404993411292,0.031250002675430495,0.14668701035816095,3433.59375,8.04743106652963,2.2700853303791817
OR,12k_Drive_End_OR021@6_0_234.mat,6.5052130349130266e-18,0.5121733861234811,1.0,1.0000000000000002,1.0,16.548736232631107,8.552304739052543,21.631257196971866,0.5621565482689117,8.552304739052543,16.698065480877307,24.976227647342775,0.01723585616886432,0.026066986844677807,2707.067612068873,0.03125000065655014,0.15132732430473791,2859.375,8.547657952485968,2.3479789982789128
OR,12k_Drive_End_OR021@6_0_234.mat,4.336808689942018e-19,0.517180588554614,1.0,1.0,1.0,13.481911431541882,6.966240723559534,16.124543452397816,0.42008262462817825,6.966240723559534,13.46964847042766,20.490831144774912,0.017091212176897307,0.026162052032282203,2735.3937377940256,0.031250000003449026,0.17325550261650177,2789.0625,10.490552877720912,2.5377469445701117
OR,12k_Drive_End_OR021@6_0_234.mat,5.854691731421724e-18,0.5126066237859528,1.0,1.0,1.0,15.250155275456372,7.764042974260877,20.381612049874416,0.22352463740854134,7.764042974260877,15.146201032124937,22.612060807732753,0.016792415993511285,0.026354834992736054,2807.5900868162116,0.03125000099829564,0.1611709035130775,3515.625,9.47680885374497,2.5306311234714514
OR,12k_Drive_End_OR021@6_0_234.mat,4.0115480381963664e-18,0.4907842991100926,1.0,1.0,1.0,18.221311599701217,9.279145337575038,30.674827139581517,0.22444067160324793,9.279145337575038,18.906768929650585,28.105395259668605,0.01720278649738522,0.026088822109242005,2820.771897776455,0.0312500000371567,0.1405485590638043,3433.59375,8.640385829789958,2.409363946743271
OR,12k_Drive_End_OR021@6_0_234.mat,-7.37257477290143e-18,0.5063388779552349,1.0,1.0,1.0,16.63678581767573,8.466414035191674,22.536282603747026,0.2554498757035222,8.466414035191674,16.72084527536553,24.896918613226433,0.018590405440519667,0.025119107403983706,2741.7089463934344,0.03125016369902359,0.16474451451371103,2753.90625,10.427891143164313,2.5497029105054456
OR,12k_Drive_End_OR021@6_0_234.mat,-6.5052130349130266e-18,0.5131082317354132,1.0,1.0,1.0,14.914996848166243,7.59220868601896,18.029550985595524,0.20519553680564873,7.59220868601896,14.79650533054383,22.266391378071333,0.016978841619720658,0.026235118424899607,2688.225796847122,0.03125000002425704,0.18667385762845523,2789.0625,12.373927885016588,2.7798714586019275
OR,12k_Drive_End_OR021@6_0_234.mat,-5.637851296924623e-18,0.5172578461537454,1.0000000000000002,1.0000000000000004,1.0000000000000002,14.94156135071394,7.612365879989612,19.42304221622634,-0.3584893373319463,7.612365879989611,14.71677217966642,21.60284478102889,0.017679368231512567,0.025768421316837018,2777.37950018185,0.031250145571299924,0.14431235883481855,2765.625,9.863241639997556,2.598352642988608
OR,12k_Drive_End_OR021@6_0_234.mat,-1.0842021724855044e-19,0.5026210245154313,0.9999999999999999,0.9999999999999998,0.9999999999999999,17.60938251612132,8.975318837072232,27.441644922226818,-0.6647226349890799,8.975318837072233,17.857030246049078,25.95598957749887,0.017534438954805685,0.025867082530407953,2722.665999616869,0.03125000012951589,0.13879470389180745,2789.0625,8.51684851722282,2.374157186049001
OR,12k_Drive_End_OR021@6_0_234.mat,-1.0842021724855044e-18,0.5071582582867675,0.9999999999999999,0.9999999999999999,0.9999999999999999,12.443802766755292,6.6763107079793,15.599261640221366,0.08553867903439367,6.676310707979301,13.164156550526378,20.229827642986248,0.017044835869158906,0.026192298794357565,2728.764598858025,0.03125000713503072,0.16080714535624532,2753.90625,10.69563559730948,2.6835564199424518
OR,12k_Drive_End_OR021@6_0_234.mat,9.75781955236954e-19,0.521505418272946,1.0000000000000002,1.0000000000000004,1.0000000000000002,11.802918156633726,6.3322509024493066,13.947548391389269,0.050178674311113836,6.332250902449305,12.142253331556233,18.519841141619874,0.01701740505648964,0.026210121399752866,2709.460576557817,0.03125000061834275,0.14033249265866818,2789.0625,9.210355119081,2.4820345927731173
OR,12k_Drive_End_OR021@6_0_234.mat,-1.3010426069826053e-18,0.5027545113182963,0.9999999999999999,0.9999999999999999,0.9999999999999999,16.1523513505251,8.078691078335858,21.8103575941933,-0.17409418600218185,8.07869107833586,16.068858451717006,23.939819033573016,0.017125913704327866,0.026139355319989392,2769.144591371526,0.03125000506804347,0.15965428563462686,3410.15625,9.581625075795301,2.55390326033255
OR,12k_Drive_End_OR021@6_0_234.mat,-2.6020852139652106e-18,0.489874457758519,0.9999999999999999,0.9999999999999998,0.9999999999999999,14.861360581172743,7.43075048243452,18.307226865271467,-0.36961421251314924,7.4307504824345205,15.168683250877857,23.69619196410514,0.017582795164277683,0.025834237774760994,2779.5849271833335,0.031250000435069356,0.15614345712231484,3468.75,10.108685815554898,2.5839648830060487
OR,12k_Drive_End_OR021@6_0_234.mat,-3.903127820947816e-18,0.516914254015856,1.0,1.0000000000000002,1.0,14.050061086211237,8.008844763784076,16.15393360093622,-0.04871839399146555,8.008844763784076,15.493565328415977,23.588681332658542,0.01732524105296889,0.026007662764362578,2761.550574184188,0.031250000000132644,0.1562223356831468,3468.75,10.276373536180458,2.609672705176799
OR,12k_Drive_End_OR021@6_0_234.mat,3.0357660829594124e-18,0.5365042803389162,1.0,1.0000000000000002,1.0,15.531489649899978,8.850689024903547,18.31502747585615,0.20482034336482452,8.850689024903547,16.496958830062756,23.990377337476527,0.017669209463842706,0.025775211981228067,2714.4567811081083,0.03125000025207026,0.1515165613793847,3433.59375,8.643796788354834,2.3956779631850362
OR,12k_Drive_End_OR021@6_0_234.mat,-2.168404344971009e-18,0.5379853390654992,1.0,1.0,1.0,13.612324944919187,7.671819809778686,15.469230065189965,0.1285507266144179,7.671819809778686,14.260276726322926,20.973449877089863,0.0181781374526286,0.025418893278420753,2669.9423350293805,0.031250037067920455,0.18435711864953008,2789.0625,11.132603462713217,2.6426548579064733
OR,12k_Drive_End_OR021@6_0_234.mat,-4.336808689942018e-18,0.5298246378474789,1.0,1.0,1.0,12.28120409866241,6.408566590661373,12.654519524488435,0.043081256158231024,6.408566590661373,12.095637184215304,18.581938406356855,0.017194055877214676,0.026094576898564797,2722.2723098698307,0.03125000001638228,0.18667614466771415,2800.78125,10.501835684149638,2.5918285519452313
OR,12k_Drive_End_OR021@6_0_234.mat,5.421010862427522e-19,0.5388639134440216,1.0,1.0000000000000002,1.0,12.41476415204794,6.329831682734759,12.823601748830637,-0.030333500968485805,6.329831682734759,11.746623822477057,17.584346295741803,0.017765343900157358,0.025709081190756322,2781.6483526154425,0.031250028793006875,0.14980163146122338,3468.75,8.340959421032005,2.342363462912737
OR,12k_Drive_End_OR021@6_0_234.mat,8.239936510889834e-18,0.5180252287877699,0.9999999999999999,0.9999999999999998,0.9999999999999999,16.099804301656732,8.12409782211958,22.46412912702512,0.31635725735190456,8.124097822119582,15.68282270948612,22.866914122391716,0.017415707314919184,0.025947170163283066,2703.2615398165135,0.03125000001218074,0.1636358756308588,3445.3125,8.648354280705641,2.368915003051876
OR,12k_Drive_End_OR021@6_0_234.mat,-7.48099499014998e-18,0.5346200604411812,0.9999999999999999,0.9999999999999998,0.9999999999999999,13.762469376902398,6.945965234415536,15.110129230443246,0.014078928029603205,6.945965234415537,12.992339323525497,19.47089124572775,0.017122556341166714,0.02614157896288824,2771.2586852043437,0.03125002538125928,0.14257282520474518,3410.15625,9.506334502136122,2.557070218248904
OR,12k_Drive_End_OR021@6_0_234.mat,-1.431146867680866e-17,0.5569766646823364,1.0,1.0000000000000002,1.0,10.743263712770407,5.61135623678551,11.065459387786223,-0.23939877982732863,5.61135623678551,10.074670255684529,14.986072026503011,0.017133974373689336,0.02613407579646724,2730.3755490849494,0.0312500079291788,0.14659201208470005,2765.625,9.3237647426231,2.5214286067116616
OR,12k_Drive_End_OR021@6_0_234.mat,-2.6020852139652106e-18,0.5594422959873313,1.0,1.0,1.0,12.946237489115862,6.8721791249366175,14.081193020586825,-0.25299141973314615,6.8721791249366175,12.28398205539368,17.513020036676085,0.018319952704600927,0.02531689192740187,2691.2386954060808,0.03125005094335945,0.1428959797585754,2835.9375,8.45887452987556,2.324646115991658
OR,12k_Drive_End_OR021@6_0_234.mat,-3.0357660829594124e-18,0.5366404419479974,1.0,1.0,1.0,14.169086424161787,7.383062110523948,17.105794068797813,-0.2189546281031376,7.383062110523948,13.757930885200404,20.03100990454221,0.01868597209777463,0.025048190956215088,2788.630154367065,0.03125023877377303,0.16011900386794412,3410.15625,10.115209335722753,2.5786508998369007
OR,12k_Drive_End_OR021@6_0_234.mat,3.469446951953614e-18,0.5189227936166196,0.9999999999999999,0.9999999999999999,0.9999999999999999,11.85258923076157,6.001052302635226,13.49612690641508,-0.14251836606964305,6.001052302635227,11.56444152474213,17.898978663216813,0.016274221125653382,0.026677935666661354,2793.3619279820264,0.031250000394898954,0.17724445393926,3468.75,12.872807064830699,2.9344670021568553
OR,12k_Drive_End_OR021@6_0_234.mat,-2.2768245622195593e-18,0.5427410831288924,0.9999999999999999,0.9999999999999999,0.9999999999999999,11.801644677043688,6.314203437520861,12.403686296094023,0.1591212536515646,6.314203437520862,11.633914648803799,17.66656095278155,0.0174797677127537,0.025904130551814716,2817.2232844442015,0.03125006014293872,0.15298901712962656,3468.75,9.138771826609807,2.47159014853805
OR,12k_Drive_End_OR021@6_0_234.mat,-3.2526065174565133e-18,0.5510669842500888,0.9999999999999999,0.9999999999999999,0.9999999999999999,15.376410397060496,8.357277451672317,19.040799344493106,0.3755161034076038,8.357277451672319,15.165629026106856,21.950575345941655,0.01782466351958514,0.02566795437089153,2657.6926144430254,0.03125000017876158,0.1525620001560206,2800.78125,8.200940202778996,2.2881963775227754
OR,12k_Drive_End_OR021@6_0_234.mat,4.553649124439119e-18,0.5751922542186633,1.0,1.0,1.0,12.31524671834271,6.340841972645598,14.324644084417326,-0.5394066504341347,6.340841972645598,11.023865370473303,15.324662133610557,0.01807392872191994,0.02549305177625097,2688.5057868179383,0.03125000141298645,0.16082190309915997,3410.15625,10.028853781800718,2.51770736895267
OR,12k_Drive_End_OR021@6_0_234.mat,3.903127820947816e-18,0.5135324881937026,1.0,1.0,1.0,13.986663714453158,8.068840058547279,16.07231687728439,0.15276746520684548,8.068840058547279,15.712423739593554,23.820434903373044,0.01655741226718447,0.026503106568526957,2814.12067681778,0.0312500009402913,0.17074149815474918,3468.75,10.738317023386438,2.6859980649654283
OR,12k_Drive_End_OR021@6_0_234.mat,8.456776945386935e-18,0.5175518925791921,1.0,1.0,1.0,13.568874859799823,7.82878258343767,16.19648409296426,0.09567871904539099,7.82878258343767,15.126565462688875,22.78260370228142,0.016631886932677642,0.026456433702349968,2809.500460399317,0.031250000755011394,0.17021154809625347,3468.75,10.647541939315445,2.6816063603965357
OR,12k_Drive_End_OR021@6_0_234.mat,1.4094628242311558e-18,0.5398110520928362,1.0,1.0,1.0,14.443825103863155,7.821027281902131,19.08988959796679,-0.5282626640690562,7.821027281902131,14.488453416394814,20.712474939794618,0.017790716115989313,0.025691495182895704,2734.749771841245,0.0312500000744396,0.14668345440565939,3515.625,8.412320785971101,2.339089037519245
OR,12k_Drive_End_OR021@6_0_234.mat,-5.095750210681871e-18,0.5297971341317366,1.0,1.0,1.0,12.49547456725769,7.289474339651456,16.123029625865403,-0.44247541460091333,7.289474339651456,13.758991640447215,20.191130737352363,0.0173095179108401,0.026018130450624975,2741.7325429066454,0.03125000035922292,0.1661153954721448,3550.78125,10.72086570159978,2.632031636961564
OR,12k_Drive_End_OR021@6_0_234.mat,1.0299920638612292e-17,0.5222610989277662,1.0,1.0,1.0,12.601784158820108,6.344362958568548,14.343006463717371,-0.180346947223466,6.344362958568548,12.147875787788736,18.429042234936237,0.01644610327122275,0.026572323357853842,2794.1011523887005,0.03125000290307296,0.18320602980141323,3515.625,12.238437452768656,2.878912122026419
OR,12k_Drive_End_OR021@6_0_234.mat,-4.9873299934333204e-18,0.5182488254235942,0.9999999999999999,0.9999999999999999,0.9999999999999999,13.054028541472224,7.063163872110895,15.477352206636796,0.35088653632050376,7.063163872110896,13.628904737676482,20.86597862965618,0.016866277075800407,0.026307630380151145,2788.443880154251,0.03125000349786095,0.16028754293249964,3468.75,11.03416133657315,2.7149339664278394
OR,12k_Drive_End_OR021@6_0_234.mat,1.951563910473908e-17,0.5030899664554694,1.0000000000000002,1.0000000000000004,1.0000000000000002,15.700678162096267,8.587129988639601,20.261441668455063,0.5616416913810467,8.5871299886396,17.06877608619468,25.996916400296364,0.01747394088811595,0.02590798946889119,2758.9748217393108,0.03125000045570475,0.14772223628479286,3363.28125,9.123237457108605,2.41023620625477
OR,12k_Drive_End_OR021@6_0_234.mat,7.806255641895632e-18,0.5216990616448831,1.0,1.0,1.0,12.915415434880122,6.4936381070487075,14.626719748207151,-0.06955346189335951,6.4936381070487075,12.447095623623877,18.82306956971862,0.017741753140788383,0.02572534670947932,2716.0114767529362,0.031250012285303067,0.16606179286356235,3550.78125,9.702527970615026,2.506502078831697
OR,12k_Drive_End_OR021@6_0_234.mat,3.903127820947816e-18,0.5076685595095762,1.0,1.0,1.0,12.664452236136475,6.887635434665704,15.64062785020097,-0.19712542624310328,6.887635434665704,13.56718927270063,21.018352151207846,0.01665799424160752,0.0264400024817763,2774.116836981393,0.031250000054236254,0.16134256530327215,3433.59375,10.832043517295507,2.7239538229334417
OR,12k_Drive_End_OR021@6_0_234.mat,3.469446951953614e-18,0.49760973694570776,1.0,1.0,1.0,16.099760625021787,8.986429532149115,21.93263085161539,0.37235491627529893,8.986429532149115,18.059191500767575,27.5369385095435,0.01754295751477917,0.025861339480907256,2821.5764886144366,0.031250027809780895,0.1462079933753887,3515.625,9.250359302815424,2.468538062606298
OR,12k_Drive_End_OR021@6_0_234.mat,-9.107298248878237e-18,0.5029985988457424,1.0,1.0000000000000002,1.0,18.946030118203588,10.573666853888206,29.922443055005246,0.792829181719443,10.573666853888206,21.02126502569224,31.09457376453748,0.017693838372825434,0.025758314100478463,2758.824376119366,0.031250002586601135,0.15212655716492332,2800.78125,8.485907039665781,2.324496700706736
OR,12k_Drive_End_OR021@6_0_234.mat,-2.1033522146218786e-17,0.5325278677403675,1.0,1.0,1.0,13.79977506586331,7.397830165536791,14.911336578391184,-0.10528964991886305,7.397830165536791,13.891911792198606,20.7947643630566,0.017297177952665117,0.026026337733876293,2750.683023116596,0.03125000193542326,0.19213291702949267,3468.75,12.17088563062564,2.764687798838945
OR,12k_Drive_End_OR021@6_0_234.mat,-6.288372600415926e-18,0.5273978693631816,1.0,1.0,1.0,12.512851868273192,6.706819607308534,13.745768267308936,-0.1505972072934399,6.706819607308534,12.716812101282917,19.24239761419281,0.016789348529276767,0.026356790224294206,2767.049156309996,0.03125000183943961,0.17115428394392757,3468.75,12.411510770540167,2.886793750528833
OR,12k_Drive_End_OR021@6_0_234.mat,-4.119968255444917e-18,0.4959852886917004,0.9999999999999999,0.9999999999999999,0.9999999999999999,17.54420693057575,9.450532598702404,25.791127660922168,0.4576839934521248,9.450532598702406,19.054058283927777,28.62365200858841,0.01714632755901163,0.02612596978778126,2777.9261312711005,0.031250005537807206,0.15034655738002983,3492.1875,9.42483783043056,2.510248385081738
OR,12k_Drive_End_OR021@6_0_234.mat,0.0,0.4945312076971066,1.0,1.0,1.0,16.2204677580018,8.737572838858714,22.90073643945398,0.10388289870448891,8.737572838858714,17.66839524556427,27.1068935148117,0.017522389703457535,0.02587530073412646,2793.5092262254325,0.03125004526398834,0.1441533420234501,3503.90625,8.997067637218104,2.4668815560345676
OR,12k_Drive_End_OR021@6_0_234.mat,1.496198998029996e-17,0.5378779535676662,1.0,1.0000000000000002,1.0,13.897088976967725,7.632941060944148,16.3688839114176,-0.4869270260255541,7.632941060944148,14.19084201223709,21.017786954988892,0.01729335591204326,0.02602887524633095,2749.873389865452,0.031250000084634584,0.17656777214398867,3468.75,10.160781367570271,2.550817158494833
OR,12k_Drive_End_OR021@6_0_234.mat,-1.5178830414797062e-18,0.4856711184089507,1.0,1.0000000000000002,1.0,18.083278585016735,9.367680897121028,27.69449525223405,0.210916105688082,9.367680897121028,19.28811605641565,29.334363292621646,0.01712499248258297,0.02614001618508647,2898.351663305819,0.031250053018916715,0.1812678673119187,3445.3125,11.992381663148047,2.777010374099455
OR,12k_Drive_End_OR021@6_0_234.mat,-3.903127820947816e-18,0.4682252879566666,1.0,1.0,1.0,15.41422967811205,7.98545434114551,21.22108858293252,0.4079384365340142,7.98545434114551,17.05472674488386,27.278029518739935,0.016441954875695556,0.026574927892008045,2912.926326035812,0.03125003476157804,0.16816040116979258,3515.625,11.82344618623278,2.864607896066436
OR,12k_Drive_End_OR021@6_0_234.mat,-6.071532165918825e-18,0.5217234045410437,0.9999999999999999,0.9999999999999998,0.9999999999999999,12.288081662418147,6.928297584671195,14.327468992965285,0.1792035458549045,6.928297584671196,13.279637302769592,20.368201743633332,0.01654104090199842,0.026513328143246015,2801.143552114813,0.03125000165364837,0.18224141684533762,3515.625,11.638836745970405,2.8001644265698316
OR,12k_Drive_End_OR021@6_0_234.mat,6.938893903907228e-18,0.5313906263554502,0.9999999999999999,0.9999999999999998,0.9999999999999999,12.415937813641598,6.6383302415554954,15.70593928511739,-0.2858740477576015,6.638330241555496,12.492373618037965,18.480441774414853,0.018219210222521265,0.025389523237785937,2805.884262229415,0.03125008018188906,0.13755946088869714,3550.78125,8.570348097641366,2.3619732438858114
OR,12k_Drive_End_OR021@6_0_234.mat,-8.239936510889834e-18,0.44670871478497487,0.9999999999999999,0.9999999999999999,0.9999999999999999,20.762006012895405,10.510944759671565,43.86340593348356,0.5659554634140682,10.510944759671567,23.529750846099013,36.05146850654175,0.016990227070385944,0.02622774903516095,2868.9027108538335,0.03125000216567451,0.15810799393691435,3515.625,9.647005043301743,2.5234030015002777
OR,12k_Drive_End_OR021@6_0_234.mat,4.336808689942018e-18,0.48272291592350836,1.0,1.0,1.0,16.640091604588306,8.426955950667333,24.847251505218708,0.43613134434961776,8.426955950667333,17.457128453381024,27.19025997103465,0.01578800558672904,0.026968535523579782,2905.2561188126697,0.03125000845908961,0.19345847101536096,3515.625,15.34822787603587,3.2195725694043165
OR,12k_Drive_End_OR021@6_0_234.mat,-7.589415207398531e-18,0.5369583600052847,1.0,1.0,1.0,15.283330103413153,8.08736483638985,16.750791313091916,0.12278456863657343,8.08736483638985,15.061437606279666,22.210367717160523,0.01618158764437705,0.02673422385187254,2805.6439134944626,0.03125000005847498,0.16620729464135522,3410.15625,12.503968995945389,2.9391454052446675
OR,12k_Drive_End_OR021@6_0_234.mat,3.469446951953614e-18,0.5284339230192425,1.0,1.0,1.0,15.240107453038696,7.6883507753284865,20.860430784731825,-0.42308899777380343,7.6883507753284865,14.549313434309026,20.719178578043895,0.01808576322145073,0.025484667760014096,2665.3112972053586,0.03125000995424933,0.141814201915842,2800.78125,9.080418896975488,2.4239148280034155
OR,12k_Drive_End_OR021@6_0_234.mat,-1.734723475976807e-18,0.4507479192550502,1.0,1.0000000000000002,1.0,20.195507413398147,10.260990597232551,38.91702860305328,0.20356283843345765,10.260990597232551,22.76436597686543,35.23463543031696,0.018515304777073537,0.025174555480021975,2899.7338110555497,0.031250196073058914,0.14346790486367408,3515.625,8.428258884996959,2.3610116840192914
OR,12k_Drive_End_OR021@6_0_234.mat,-1.1600963245594897e-17,0.48368994978161883,1.0,1.0,1.0,17.09413048483128,8.685653007610021,23.300422845368033,0.1452029748331158,8.685653007610021,17.957067355919854,28.5554093126089,0.016351897265333242,0.026630395400400703,2833.2986412025516,0.03125000005372313,0.1910486287829315,3515.625,14.13183511586265,3.0553048877582603
OR,12k_Drive_End_OR021@6_0_234.mat,-1.474514954580286e-17,0.5017236628635543,0.9999999999999999,0.9999999999999999,0.9999999999999999,14.134657611153772,7.501513362757241,17.474264894052354,0.1485091159358641,7.501513362757242,14.951484089753421,23.004010159966587,0.016947280869119084,0.02625567108298802,2923.239256270153,0.03125012948572954,0.19208900149179384,3410.15625,15.176856534754462,3.180502079312933
OR,12k_Drive_End_OR021@6_0_234.mat,-8.239936510889834e-18,0.4567642953306343,0.9999999999999999,0.9999999999999999,0.9999999999999999,16.447819128557413,8.730853867143454,27.16058531351551,0.22642511397614534,8.730853867143455,19.114571686964982,29.758801104130903,0.016908124580834516,0.02628075022103345,2854.1633389124013,0.03125000014434192,0.15231902886042112,3445.3125,10.077237711952739,2.627385993409916
OR,12k_Drive_End_OR021@6_0_234.mat,-2.3852447794681098e-18,0.47971159066365593,0.9999999999999999,0.9999999999999998,0.9999999999999999,15.750937149955712,7.976315790938611,24.08978630550426,-0.12679960275039048,7.976315790938612,16.62731513304441,25.442695820396523,0.01728913718872136,0.026031683289330143,2774.162852244058,0.03125000479370232,0.14315696710744646,3515.625,8.673326105572423,2.4325055790336925
OR,12k_Drive_End_OR021@6_0_234.mat,9.432558900623889e-18,0.5090487289348835,0.9999999999999999,0.9999999999999999,0.9999999999999999,13.158015257434503,6.615548402846903,16.055001989017967,-0.09961841801364267,6.615548402846904,12.995903980919577,20.106702404620943,0.016793813332709122,0.026353943614774316,2811.1492414188433,0.03125000016487332,0.17457769817897345,3515.625,12.039211621921051,2.8091950506348264
OR,12k_Drive_End_OR021@6_0_234.mat,-7.589415207398531e-18,0.5258077351487649,1.0,1.0,1.0,13.287411871344485,7.1445769371646675,15.144150214862005,-0.23869448319092987,7.1445769371646675,13.587812539774216,20.49399689396485,0.017020140396635505,0.026208349658984283,2771.5545976868384,0.031250004335499945,0.1520758733365724,3468.75,10.404235199126727,2.658270453446092
OR,12k_Drive_End_OR021@6_0_234.mat,-3.686287386450715e-18,0.5069942968726708,1.0,1.0,1.0,14.521171127268024,7.615314924318543,22.04646867450272,-0.2941727814080797,7.615314924318543,15.020513980714645,22.201442834065592,0.017797653121653958,0.025686711417933807,2769.2131328138016,0.031250017601705926,0.1379992456271147,3457.03125,8.343464592920313,2.335248181209503
OR,12k_Drive_End_OR021@6_0_234.mat,3.0357660829594124e-18,0.4556796687703265,1.0,1.0,1.0,16.628324901709533,8.326818951725167,26.462199274598614,0.1595398698306855,8.326818951725167,18.273404591860526,28.836958784959894,0.01686437013224351,0.02630884971432958,2828.658763874733,0.031250000851975775,0.16163568586324764,3468.75,10.084082128071746,2.586490170673254
OR,12k_Drive_End_OR021@6_0_234.mat,6.7220534694101275e-18,0.4982533319890099,0.9999999999999999,0.9999999999999999,0.9999999999999999,14.715104831880048,7.368256792142201,18.304983306023907,0.10468883046259725,7.368256792142202,14.788173643974195,22.87596625261109,0.017132779345240566,0.026134859898419998,2841.1739878278518,0.031250008480042744,0.15290539563682545,3433.59375,8.99719436382557,2.4516418159674287
OR,12k_Drive_End_OR021@6_0_234.mat,6.288372600415926e-18,0.5359490046329541,1.0,1.0000000000000002,1.0,13.357413263611072,7.380698949708656,15.762085456971985,0.4285605246977166,7.380698949708656,13.771270934187749,20.348667607329,0.01711725495358791,0.0261450202331405,2762.7561010358286,0.031250000002199296,0.14940806385973351,2765.625,9.411962001610457,2.4902823566356402
OR,12k_Drive_End_OR021@6_0_234.mat,-7.48099499014998e-18,0.5114991960764003,1.0,1.0000000000000002,1.0,15.802536702465034,8.762396334958979,22.809540092391238,0.7255608966342134,8.762396334958979,17.130811548040402,25.335486052482654,0.017284572456826606,0.026034708835595853,2715.08922247286,0.03125000014671266,0.14563364096488784,2800.78125,8.646114073084615,2.3951801639536447
OR,12k_Drive_End_OR021@6_0_234.mat,-1.089623183347932e-17,0.4890340780700884,1.0,1.0,1.0,16.102172783191072,8.29966054541786,21.968288891545296,0.06861073950046757,8.29966054541786,16.9715382170736,26.145747875097186,0.017060703394630363,0.02618195780401057,2810.080603145897,0.031250000236328665,0.17342030015156826,3433.59375,12.695874272325769,2.8809773776865644
OR,12k_Drive_End_OR021@6_0_234.mat,-1.0408340855860843e-17,0.4990664745057346,1.0,1.0,1.0,14.538461771851189,7.493016980980976,18.229375984524964,-0.13817733498496346,7.493016980980976,15.014065988708037,23.24987827040063,0.016695652028446584,0.02641623968712334,2849.115983021702,0.03125000025380036,0.16943442579589463,3468.75,11.96451904202931,2.8330273369966177
OR,12k_Drive_End_OR021@6_0_234.mat,-5.854691731421724e-18,0.5303261837276538,1.0,1.0000000000000002,1.0,14.460493602593381,7.567813753114269,17.320451264706605,0.09081487063317104,7.567813753114269,14.270111462195272,21.0845532318992,0.017082575709338906,0.026167692285001477,2799.225685728981,0.03125000019820515,0.15034031826648148,2789.0625,9.930643311869844,2.576612897769765
OR,12k_Drive_End_OR021@6_0_234.mat,5.421010862427522e-19,0.5245900743853344,1.0,1.0,1.0,15.580332503819072,8.303195292394552,20.648085401843577,0.5031668090575919,8.303195292394552,15.827968728008168,23.345391044253518,0.01726716489045963,0.026046272659121655,2755.762339150281,0.03125001284459944,0.1555302424112732,2800.78125,8.150522957913864,2.331894788458882
OR,12k_Drive_End_OR021@6_0_234.mat,1.0950441942103595e-17,0.5214898560158732,0.9999999999999999,0.9999999999999998,0.9999999999999999,14.661010681322125,7.607537209920074,20.470120695165615,-0.3214597809163208,7.607537209920075,14.588082821094252,21.575048908809517,0.01687600235640091,0.02630139006645605,2750.276776194404,0.03125000119937793,0.19701081577668667,3433.59375,13.145613450490128,2.9025970791043774
OR,12k_Drive_End_OR021@6_0_234.mat,1.4094628242311558e-18,0.5042291750306598,0.9999999999999999,0.9999999999999999,0.9999999999999999,13.450631833886643,6.731312156470222,18.681272163875565,-0.34972041724677005,6.7313121564702225,13.349707811058181,20.29132443242701,0.016765088911666167,0.026372226267225397,2810.8031031008013,0.03125000039209288,0.16368645225853837,3468.75,10.873989327129719,2.7150839731432646
OR,12k_Drive_End_OR021@6_0_234.mat,9.378348791999613e-18,0.474007640583943,1.0,1.0000000000000002,1.0,13.607023886879109,7.0100502796066255,20.84687360899737,0.24381622109888515,7.0100502796066255,14.788897223198243,23.112431063195544,0.01640228511362237,0.026599390484670735,2822.322207792429,0.03125000049767279,0.15250601910028072,3468.75,11.454825195371486,2.811021303319878
OR,12k_Drive_End_OR021@6_0_234.mat,4.7704895589362195e-18,0.5003948205859774,1.0,1.0,1.0,12.10561161225829,6.338400648317665,15.720059778741131,0.19593612427096946,6.338400648317665,12.666799070572328,19.76458389616539,0.017146515953189646,0.026125865260075227,2845.8816414020457,0.031250021518722075,0.16856202401165585,3410.15625,9.8785206450355,2.5448674463392233
OR,12k_Drive_End_OR021@6_0_234.mat,1.3010426069826053e-18,0.5103405710111857,1.0,1.0000000000000002,1.0,14.193580195825785,7.4189075830714675,17.695708877437358,-0.03591252160583658,7.4189075830714675,14.537169891023341,21.955208600706936,0.016716845896252837,0.026402833542975998,2786.8375885940495,0.03125000089307461,0.17634331955156163,3515.625,11.86639843020809,2.78655411762449
OR,12k_Drive_End_OR021@6_0_234.mat,-1.8431436932253575e-18,0.4779046049851191,0.9999999999999999,0.9999999999999999,0.9999999999999999,16.71307426806044,8.565132398673828,27.34345506403877,-0.06135480003798168,8.56513239867383,17.922263793504413,26.99275444775181,0.01806056404659692,0.025502540258062385,2790.090710288396,0.03125001653272078,0.14181224216644978,3445.3125,8.366534210093118,2.3390243911563573
OR,12k_Drive_End_OR021@6_0_234.mat,-8.023096076392733e-18,0.47002494581531573,1.0,1.0,1.0,15.262684452753152,7.821458417849127,22.189344396730014,0.039629527427103614,7.821458417849127,16.640517673549965,26.212382199166026,0.01745989260775447,0.02591749248298472,2831.4324496815766,0.031250028263665436,0.1481964099573396,3550.78125,9.51648987369451,2.515529761715824
OR,12k_Drive_End_OR021@6_0_234.mat,7.15573433840433e-18,0.5178243915736421,1.0,1.0,1.0,12.968219274448916,6.524149993644851,14.639645380825524,-0.0070585459103133935,6.524149993644851,12.599155427611839,19.297360594632853,0.017450905565329987,0.02592351107382457,2738.443937992547,0.03125000050311632,0.14648577599195783,2765.625,8.149479684804897,2.2973660485961434
OR,12k_Drive_End_OR021@6_0_234.mat,-5.854691731421724e-18,0.5117511656096019,1.0,1.0,1.0,13.499851985126522,6.793126593494602,17.88285091697178,-0.08605604043649046,6.793126593494602,13.274276738388233,19.962161786763403,0.017825909408105217,0.025667129692484743,2771.219286154285,0.03125003348601096,0.15587284247262595,2789.0625,8.733103796888798,2.3401706476222923
OR,12k_Drive_End_OR021@6_0_234.mat,9.75781955236954e-19,0.43494360746796246,0.9999999999999999,0.9999999999999998,0.9999999999999999,17.34821522438887,8.820629131279322,33.026899896302815,0.3575620532357117,8.820629131279324,20.279937398388,32.26330045039439,0.01683427957523464,0.026328113270902325,2844.485178447845,0.031250000275562004,0.146869656584874,3585.9375,10.075967199435441,2.6119637297914697
OR,12k_Drive_End_OR021@6_0_234.mat,-3.903127820947816e-18,0.4632811632482724,1.0000000000000002,1.0000000000000004,1.0000000000000002,14.99627811560493,7.625172659978528,21.51273032898669,0.24236603741686838,7.625172659978526,16.459060425671133,27.003947665000826,0.016573516224542454,0.026493045536456643,2877.4022466553724,0.03125000642947034,0.18037490778990986,3433.59375,12.116169101699118,2.8391365114151568
OR,12k_Drive_End_OR021@6_0_234.mat,-6.5052130349130266e-18,0.5059201943047735,1.0,1.0,1.0,13.98734425969711,7.111479128903723,17.266113193226982,0.06488217914754965,7.111479128903723,14.056523556400414,21.769081669510243,0.01589154277338245,0.026907645394964114,2859.158216569224,0.031250000198710035,0.197343690445558,3515.625,16.283257943356684,3.3264240054621554
OR,12k_Drive_End_OR021@6_0_234.mat,-3.0357660829594124e-18,0.4828928791750756,0.9999999999999999,0.9999999999999998,0.9999999999999999,17.586843278462297,8.940341334271183,28.510202353414048,0.04481787625605868,8.940341334271185,18.514129571643178,27.73221377407847,0.01694441385309748,0.026257371646600497,2834.177570010332,0.03125000362580366,0.164979823766206,3515.625,11.225868519054682,2.7272906147271803
OR,12k_Drive_End_OR021@6_0_234.mat,4.119968255444917e-18,0.4825627339973192,1.0,1.0,1.0,17.223759516759742,8.811691793739776,27.101962462998056,-0.31970275548913896,8.811691793739776,18.260199499343702,27.145566912122327,0.017749614188525636,0.0257199375971988,2789.2453026432545,0.031250023901515836,0.16454356759325578,3468.75,9.786675341790088,2.5556076096786087
OR,12k_Drive_End_OR021@6_0_234.mat,-5.421010862427522e-19,0.5056850733227115,1.0,1.0,1.0,13.598393239444796,6.957438402358666,16.197042992288353,-0.1808326018751153,6.957438402358666,13.758441309416817,21.29808404043778,0.01698536885496219,0.02623089467060884,2826.592716879238,0.031250001445755085,0.152617579203028,3410.15625,10.462721086630069,2.6596901044181602
OR,12k_Drive_End_OR021@6_0_234.mat,1.3227266504323154e-17,0.5286960531964537,1.0,1.0,1.0,12.426013775386515,6.285242437705035,13.271484972683123,-0.08580462264035785,6.285242437705035,11.88819625133376,18.294365417020398,0.01628666504211486,0.026670351200968712,2849.3334888720638,0.03125000946203152,0.1708647485328924,3515.625,13.536912014190042,3.038474970772717
OR,12k_Drive_End_OR021@6_0_234.mat,-3.686287386450715e-18,0.502181495913292,1.0,1.0000000000000002,1.0,15.14373446770113,7.818836871483329,19.256267077986916,-0.1442724709977261,7.818836871483329,15.569743081161539,23.675536581375802,0.016699904378003297,0.026413553542512406,2827.1546600550782,0.03125000187164192,0.1773046931705896,3410.15625,13.570061826403645,3.002020637738121
OR,12k_Drive_End_OR021@6_0_234.mat,-2.8189256484623115e-18,0.5096258842748487,0.9999999999999999,0.9999999999999999,0.9999999999999999,15.653049334927733,8.065894209587018,21.530926605094198,-0.27081010945743655,8.06589420958702,15.82708896559297,23.44458937670755,0.01723691146505664,0.026066288357254917,2779.281342095559,0.03125000008924422,0.19169437835788206,3468.75,12.366618715102234,2.7998602999485054
OR,12k_Drive_End_OR021@6_0_234.mat,-1.5178830414797062e-18,0.523155984805421,0.9999999999999999,0.9999999999999998,0.9999999999999999,13.063796712463919,6.729602951758118,16.827218043603743,-0.27925151422192207,6.729602951758119,12.863473126970113,19.166799724506145,0.017072830721759497,0.026174051223459185,2801.7654396127923,0.031250000100833925,0.15081234093478516,3550.78125,9.622512054853571,2.543239915472786
OR,12k_Drive_End_OR021@6_0_234.mat,-5.204170427930421e-18,0.5371871603558842,1.0,1.0,1.0,14.056238945387673,7.1458730062225815,15.471879907250809,-0.36576325929363385,7.1458730062225815,13.302389806726712,19.703124489871453,0.01723517244966958,0.026067438331349283,2780.7785651280556,0.031250000168456755,0.16153009542242844,3515.625,9.874812815812703,2.5604590598225263
OR,12k_Drive_End_OR021@6_0_234.mat,5.204170427930421e-18,0.5580430967633758,1.0,1.0,1.0,11.95303089917818,6.633410226109053,13.055097957833778,-0.3784092980832952,6.633410226109053,11.886913868449454,17.232110492096425,0.01740122290642796,0.025956900301604222,2765.65876696625,0.031250011710503636,0.19279367131154637,3515.625,14.156542509406746,3.033132811039769
OR,12k_Drive_End_OR021@6_0_234.mat,-2.8189256484623115e-18,0.5354227212720959,1.0,1.0,1.0,14.110935390324617,7.957086237526677,17.711835997181307,-0.587149951772778,7.957086237526677,14.8613159684775,21.697335943870996,0.017110493959291546,0.02614944557133256,2747.718342193254,0.031250000115504585,0.16414194908521765,3468.75,10.724927895761152,2.6779732336003517
OR,12k_Drive_End_OR021@6_0_234.mat,5.9631119486702744e-18,0.5082115550458972,1.0,1.0,1.0,16.543673988278822,8.413307718723068,23.20622749234814,0.002781720006934607,8.413307718723068,16.55473519873678,24.49973541554726,0.01735451938103832,0.025988144578902205,2744.9518004768324,0.031250008025611106,0.15561699793090014,2765.625,9.299574141050682,2.4588190101803518
OR,12k_Drive_End_OR021@6_0_234.mat,1.3769367590565906e-17,0.5278725132163564,1.0,1.0,1.0,17.77033009756211,9.037191599618001,25.21794598921176,0.49273472459239526,9.037191599618001,17.120026849956428,24.57863026348859,0.017529829211106004,0.02587021025528,2743.7345445345522,0.03125000305316689,0.1609545673551496,2789.0625,10.01047168997161,2.5445565593247776
OR,12k_Drive_End_OR021@6_0_234.mat,-3.903127820947816e-18,0.5698087550205421,1.0,1.0,1.0,14.413148615260749,8.058349279218524,15.191330665245975,0.15161946664186246,8.058349279218524,14.14219983146453,19.914445755491716,0.017616574013855024,0.02581121526967703,2742.7338954504407,0.03125000021893185,0.1427279167068259,3585.9375,9.582727775455856,2.5170271792269485
OR,12k_Drive_End_OR021@6_0_234.mat,1.0842021724855044e-17,0.5344163321178692,1.0,1.0,1.0,14.966361623640314,7.544286492077625,18.60917835654573,-0.3169073749895599,7.544286492077625,14.116871133372625,20.701711205237697,0.01700542560504647,0.02621790326084694,2711.990081381328,0.031250007222461545,0.18478212166760297,3468.75,12.238775032233816,2.8609190553918338
OR,12k_Drive_End_OR021@6_0_234.mat,1.3010426069826053e-18,0.5068917287926574,0.9999999999999999,0.9999999999999999,0.9999999999999999,14.191281566660258,7.223180376891172,19.96957831917492,0.012542435550133183,7.223180376891173,14.249947210809179,21.292294410173987,0.017009979904746727,0.026214940242536254,2683.288497093005,0.03125000013247414,0.16105090286327386,2765.625,10.775425660110821,2.6704730148325235
OR,12k_Drive_End_OR021@6_0_234.mat,2.168404344971009e-17,0.5277722835425794,0.9999999999999999,0.9999999999999999,0.9999999999999999,16.74836182159212,8.524821418833834,22.813680427687878,0.3365504018885762,8.524821418833836,16.152461363852716,23.12418245827393,0.017692689710018035,0.02575910109303706,2658.870286630301,0.03125000093274048,0.19207119663687336,2789.0625,10.80729742619628,2.546580310162981
OR,12k_Drive_End_OR021@6_0_234.mat,1.214306433183765e-17,0.5549274889412982,1.0,1.0000000000000002,1.0,13.724320223667116,7.016017662913113,16.630894789752965,-0.006054512020364083,7.016017662913113,12.643125097836498,17.676220169298674,0.017538866029433886,0.025864081261600287,2729.6730830520314,0.03125000033768149,0.16531875098361745,2800.78125,10.584503308204113,2.5774092727198683
OR,12k_Drive_End_OR021@6_0_234.mat,-2.2659825404947043e-17,0.5223422314411887,1.0,1.0,1.0,12.030292218486785,6.176084886500594,15.99504615882749,-0.2519624317239406,6.176084886500594,11.823828353798286,17.368768053418034,0.01709568919904851,0.026159126726496826,2683.296004824905,0.03125000000453415,0.15514528497450425,2824.21875,10.129603920272361,2.5956867571717694
OR,12k_Drive_End_OR021@6_0_234.mat,-1.5395670849294163e-17,0.5062828498556848,1.0,1.0,1.0,12.293978721064562,6.37991823434962,17.665229088872465,-0.4649526943631469,6.37991823434962,12.601489930319001,18.774607845878254,0.017016642486768555,0.026210616555432012,2636.7975105326477,0.03125000066781412,0.1611244581649688,2765.625,11.592442356143048,2.7599924679864625
OR,12k_Drive_End_OR021@6_0_234.mat,1.0842021724855044e-18,0.4970373051324952,1.0,1.0000000000000002,1.0,16.462315963169047,9.161227558039464,23.116986859932712,0.15620759529708023,9.161227558039464,18.431669943963975,27.600558081471156,0.017307859594121976,0.02601923324325762,2746.30684212804,0.031250000036750124,0.16844284283468938,3433.59375,10.09582763924409,2.5379809929822383
OR,12k_Drive_End_OR021@6_0_234.mat,6.938893903907228e-18,0.4967508022592366,1.0,1.0000000000000002,1.0,15.273280770703632,8.318588497659874,19.479759987455434,0.2686693296144522,8.318588497659874,16.745999120336997,26.185332398827853,0.0170974083164389,0.026158064786563184,2890.8519719726787,0.03125005159223054,0.16388454427588312,3410.15625,12.226547815483865,2.866268993094964
OR,12k_Drive_End_OR021@6_0_234.mat,6.7220534694101275e-18,0.4897630180428162,0.9999999999999999,0.9999999999999998,0.9999999999999999,17.235354608458962,9.385913400129882,23.829863231934297,0.20688478455393067,9.385913400129883,19.164193812831627,29.513077516632404,0.01711994016124288,0.02614326205486312,2829.9353304271217,0.031250000031900524,0.1606555959888771,3445.3125,9.590456477580565,2.511562229458964
OR,12k_Drive_End_OR021@6_0_234.mat,5.637851296924623e-18,0.5259048966419518,1.0,1.0,1.0,15.579005555712136,8.219823145122275,22.33489484497952,-0.2381496291047815,8.219823145122275,15.629866155664491,22.541630555119458,0.018630602628281253,0.025089289109535978,2693.899825103524,0.0312501485166839,0.15347446453288932,2800.78125,10.060826103049509,2.5795781134091045
Normal,normal_0_97.mat,1.474514954580286e-17,0.807749719223026,1.0,1.0,1.0,5.554912668843755,2.815115355689914,2.7563276925724267,-0.16297304961203085,2.815115355689914,3.485133190015556,4.090516979045696,0.012044078050173261,0.02883579563360396,1146.5141780071192,0.03125000681442547,0.31831180644975915,1066.40625,53.63085718197046,6.117113707399955
Normal,normal_0_97.mat,8.673617379884035e-18,0.8027500915824348,0.9999999999999999,0.9999999999999998,0.9999999999999999,6.682965490852478,3.934609918250351,3.021876704983337,-0.15654572842352482,3.9346099182503513,4.901413228734965,5.762855566671008,0.011952123911216687,0.028874029561983067,1139.0569226362734,0.0312500055861651,0.31484873122916873,1031.25,50.144157492025386,5.988164061117832
Normal,normal_0_97.mat,-2.7755575615628914e-17,0.7933316925707388,1.0,1.0,1.0,6.982340463781647,4.094946631425492,3.184806349614667,-0.10738270578287126,4.094946631425492,5.161708109953465,6.128906490440167,0.012678830691181775,0.028562432814415194,1262.0032543201035,0.031250045055545676,0.32121173314413726,1031.25,48.66396802132722,5.853077041673127
Normal,normal_0_97.mat,-2.7755575615628914e-17,0.8027959210637181,0.9999999999999999,0.9999999999999998,0.9999999999999999,5.358957769344038,2.7771551782725044,2.695151069994483,0.08150119491283017,2.777155178272505,3.4593538723922848,4.094400605562082,0.011999886347199593,0.028854214204294123,1142.5407367672449,0.03125000719508711,0.3052884979053884,1031.25,54.19964994703483,6.231578531153138
Normal,normal_0_97.mat,1.734723475976807e-18,0.8140386313278454,1.0,1.0,1.0,5.462187649263252,2.8942025423395314,2.6238211488423957,0.050324468596113905,2.8942025423395314,3.55536264614194,4.154740220149106,0.011349754412000566,0.02911608750503559,1183.4830962841222,0.031250015629013944,0.33534174172657866,1031.25,57.29849980450505,6.468491733496663
Normal,normal_0_97.mat,4.5102810375396984e-17,0.7954810336218521,1.0,1.0000000000000002,1.0,5.502069765127445,2.9347543068571107,2.898501990946581,-0.0885023780150466,2.9347543068571107,3.6892825634007576,4.373421874915907,0.011402489160761541,0.02909546095547548,1060.8610934933397,0.03125000171636608,0.27871012357970704,1031.25,46.2031338951856,5.949017537722341
Normal,normal_0_97.mat,-5.204170427930421e-18,0.7946366786996267,0.9999999999999999,0.9999999999999998,0.9999999999999999,5.698120038276259,3.011392875607731,2.9654382574083553,-0.16358215064802897,3.0113928756077315,3.7896474657269628,4.50337514991435,0.012259306887336658,0.0287449479942941,1057.4681101207689,0.03125000224884107,0.29101100904961935,1031.25,37.3885838173552,5.140201291431496
Normal,normal_0_97.mat,-1.734723475976807e-18,0.8011502247374559,0.9999999999999999,0.9999999999999998,0.9999999999999999,5.675628354349527,3.1077239238349432,2.7994962678899236,-0.06484777133543597,3.1077239238349437,3.8790776409672385,4.587579191615336,0.01132504290117995,0.029125692371420396,1106.9198611224751,0.03125000084525091,0.3265902824274271,1031.25,60.3677383611897,6.646510258434841
Normal,normal_0_97.mat,-6.938893903907228e-18,0.8043638681120893,1.0,1.0,1.0,5.011992655603455,2.6731585498613275,2.678396902293475,-0.028447632889961074,2.6731585498613275,3.323320024475315,3.9072920482813323,0.012325383421940546,0.028716692688406764,1165.315750895913,0.03125001624732764,0.33027870627199535,1031.25,61.25815874599805,6.489812360634156
Normal,normal_0_97.mat,1.3877787807814457e-17,0.8048729604051001,1.0,1.0,1.0,5.175049605009512,2.7827174759971,2.697180801805514,-0.003751295948073302,2.7827174759971,3.4573375090107783,4.064215473712817,0.012052446526709783,0.028832309276258874,1224.1234945232213,0.031250016407692364,0.32152185176602516,1042.96875,61.74759444442276,6.6902530937354605
Normal,normal_0_97.mat,-1.3877787807814457e-17,0.7976179637488547,1.0,1.0,1.0,5.872707072298626,2.964308747426919,2.8942366223336125,0.08259865273863819,2.964308747426919,3.7164518380384526,4.391036274589733,0.011891865954202491,0.02889889635936787,1172.6792853227166,0.031250002986595145,0.36480618360347206,1031.25,63.9826029132283,6.578617225783925
Normal,normal_0_97.mat,2.2551405187698492e-17,0.8015351594148811,1.0,1.0,1.0,6.12836101976799,3.4149425605130954,2.8469409622821233,-0.06940739428302571,3.4149425605130954,4.2605025124612075,5.032896253699082,0.011804207101164855,0.02893483983100686,1204.3741506056924,0.03125002818131869,0.3352769789003158,1066.40625,59.22528580508714,6.567082259709999
Normal,normal_0_97.mat,-1.214306433183765e-17,0.8091541285358653,1.0,1.0,1.0,6.175097751871931,3.582593982430207,2.7512427126393177,-0.12292580034265609,3.582593982430207,4.427579191757668,5.198492463195384,0.012049703786724854,0.028833440143630762,1108.157785132181,0.03125000210982632,0.31477958148913265,1066.40625,50.711994539718006,5.973370645759519
Normal,normal_0_97.mat,-5.204170427930421e-18,0.7966092717752109,1.0,1.0,1.0,6.150996446819194,3.3483887073293253,2.9772690229655545,-0.039939174123511556,3.3483887073293253,4.203301199178337,4.9725345945512265,0.012028060305075474,0.02884249833115889,1190.79777253355,0.03125002311495842,0.30470094050371166,1031.25,55.45647318843908,6.357286350081188
Normal,normal_0_97.mat,-2.3418766925686896e-17,0.787788347897515,1.0,1.0,1.0,6.316002323750497,3.2441176650362524,3.1020283566729434,-0.17104664282152077,3.2441176650362524,4.118006662188264,4.9001903404800915,0.011773531082183925,0.028947317106935103,1167.977187842256,0.031250011229319724,0.326405551754754,1066.40625,56.35801645263953,6.2948156486603715
Normal,normal_0_97.mat,8.673617379884035e-18,0.8073283435824347,0.9999999999999999,0.9999999999999999,0.9999999999999999,5.667344680820097,3.1187755732740943,2.7890286684867767,-0.22739012825654784,3.1187755732740947,3.8630819765782722,4.524653883761414,0.011416504218827096,0.02908996283614038,1105.0455373446994,0.0312500001021844,0.31919782267195423,1066.40625,56.49076992670103,6.462259902776068
Normal,normal_0_97.mat,2.0816681711721685e-17,0.7994265953443962,1.0,1.0,1.0,5.946014394728633,3.020839178181529,2.9173992401641042,-0.08765615830887125,3.020839178181529,3.778757419097546,4.4564801439891,0.012069333227371613,0.028825228390540417,1129.9795615312464,0.031250001541122424,0.34319548964965074,1031.25,60.83863547860181,6.493704141571974
Normal,normal_0_97.mat,-2.0816681711721685e-17,0.7976465564250128,1.0,1.0,1.0,6.105688438821167,3.0579781698527593,2.987936165061406,-0.08331189378561059,3.0579781698527593,3.8337508577212063,4.531743952583289,0.012376593368562776,0.028694650761520425,1185.1915154782243,0.03125000873178081,0.3211896982376145,1031.25,60.27682241804839,6.533873828244361
Normal,normal_0_97.mat,1.5612511283791264e-17,0.8127698766269402,1.0,1.0000000000000002,1.0,5.68478756027131,3.016095206241479,2.670233704381137,-0.07949008794043216,3.016095206241479,3.710884584894453,4.334465667784568,0.011530150211298317,0.029045105389209895,1121.6572834909073,0.031250000175446595,0.34645182532258506,1031.25,65.55463820786186,6.795104665581564
Normal,normal_0_97.mat,2.6020852139652106e-18,0.8072137671939579,1.0,1.0,1.0,5.561010987899274,2.87673819096246,2.701840996110265,-0.05022938712186027,2.87673819096246,3.5637873236015256,4.190722539750186,0.011347641962485205,0.029116912542500064,1213.977659854426,0.03125001718585692,0.33061291392604547,1031.25,69.42672805826706,7.283601235461656
Normal,normal_0_97.mat,5.204170427930421e-18,0.7926263182760522,1.0,1.0000000000000002,1.0,5.555308405255271,2.905066753371872,2.9459900315748166,-0.033879733683572055,2.905066753371872,3.665115182763978,4.343701312636468,0.011885568469887534,0.028901485268773293,1130.2194923852198,0.03125000141749604,0.3613588767629818,1031.25,61.28825221228243,6.4557932310138115
Normal,normal_0_97.mat,-1.474514954580286e-17,0.7993319563870753,1.0,1.0,1.0,5.744137734657036,2.946347133111721,2.867835457812264,-0.14510661785491316,2.946347133111721,3.6860119373045017,4.336981208548881,0.012609923570763137,0.02859291063726736,1271.5762378138909,0.031250035378719884,0.3002464842964347,1066.40625,50.54124626778721,6.052718949849258
Normal,normal_0_97.mat,-1.3877787807814457e-17,0.7992599308673701,0.9999999999999999,0.9999999999999999,0.9999999999999999,5.447502700793345,2.8357542975227115,2.840604943257639,-0.23094232713938698,2.835754297522712,3.5479750554307206,4.188982092587596,0.011395431427822253,0.029098227890312005,1180.7383277868469,0.03125000358052348,0.3593707014061261,1066.40625,66.22653228701162,6.878643331779652
Normal,normal_0_97.mat,-3.469446951953614e-17,0.7978763381350203,1.0,1.0,1.0,5.722110821507896,2.9885370692994377,2.7928477569044663,-0.14187800550422713,2.9885370692994377,3.7456143595947866,4.452583012955115,0.012812821621115196,0.028502575642115252,1284.7411755078606,0.03125004345803408,0.324483934884152,1031.25,62.278350291510584,6.628618646641061
Normal,normal_0_97.mat,1.214306433183765e-17,0.8057715461930132,0.9999999999999999,0.9999999999999999,0.9999999999999999,5.39921849379727,2.918921245715507,2.630038649752903,-0.08205654240059755,2.9189212457155076,3.622517150805811,4.2857729571138545,0.013086417985321862,0.028377965442656722,1118.1559501924928,0.03125001213361644,0.3516670068230935,1031.25,49.955856311703705,5.5181586929713795
Normal,normal_0_97.mat,8.673617379884035e-19,0.809864289566738,0.9999999999999999,0.9999999999999998,0.9999999999999999,5.137076100871749,2.7961264263991956,2.5899437655318627,-0.056374889494776564,2.796126426399196,3.452586393079599,4.057733460699105,0.011366268805959338,0.02910963324935768,1154.4430117681934,0.03125000503170255,0.30819320991353777,1042.96875,61.792010825394975,6.841963978905029
Normal,normal_0_97.mat,-4.336808689942018e-18,0.8034918534711131,1.0,1.0,1.0,6.208415999547709,3.4109117229461985,2.936443067268994,-0.12427375932879073,3.4109117229461985,4.245110523785574,4.9756023048450455,0.012513100025720314,0.02863539179080812,1205.047856150285,0.03125001336426535,0.33030997954865093,1066.40625,56.47648552004515,6.2151740373130275
Normal,normal_0_97.mat,-1.3877787807814457e-17,0.7936764789079651,1.0,1.0,1.0,6.411957731928895,3.50792438260124,3.131856166503825,-0.03263227670461555,3.50792438260124,4.419841680867073,5.234751300785777,0.011967905031736118,0.028867487602787376,1110.8960379160458,0.031250001461531764,0.28726562547119217,1031.25,50.373190300794946,6.067454394878784
Normal,normal_0_97.mat,3.469446951953614e-18,0.8100448718053905,1.0,1.0,1.0,5.3795217773544675,2.7468377935646755,2.6754220348496762,-0.02171558146438659,2.7468377935646755,3.390969919286879,3.9648451821062514,0.012318190800321779,0.028719773518361347,1171.584259761072,0.031250011448623535,0.3340298172255912,1031.25,49.2937374546599,5.864551343178816
Normal,normal_0_97.mat,1.5612511283791264e-17,0.8118116366957973,0.9999999999999999,0.9999999999999999,0.9999999999999999,5.429914912848403,2.8075835132244933,2.6409686156260666,-0.11128058262472963,2.8075835132244937,3.4584174287668574,4.0335619108787215,0.010880741084462032,0.029294572867831655,1154.3934602876695,0.03125000041689278,0.3226428196238128,1031.25,64.08199293700181,6.9826785764320105
Normal,normal_0_97.mat,-8.673617379884035e-18,0.8027926649290489,1.0,1.0,1.0,5.666819430174749,2.879708689929826,2.740622729162852,-0.07140373482806843,2.879708689929826,3.5871138535929896,4.22331730675865,0.012097400133136964,0.028813471321801298,1169.9438714941095,0.031250011513493686,0.33476518153645457,1066.40625,62.4160021847429,6.606171939444867
Normal,normal_0_97.mat,1.9081958235744878e-17,0.8074272207822148,0.9999999999999999,0.9999999999999999,0.9999999999999999,5.61931421693583,2.921455136055063,2.678086222250027,-0.1121200321381892,2.9214551360550636,3.6182272047068613,4.247051737280838,0.011901167993920284,0.02889506844563764,1135.2363024370586,0.031250004481561226,0.3011817054512018,1066.40625,50.980464808905,6.028721206715272
Normal,normal_0_97.mat,1.1275702593849246e-17,0.8084421582181058,1.0,1.0,1.0,5.159342762080378,2.7309093059554246,2.6215469646975142,-0.1368048665363732,2.7309093059554246,3.3779897277680875,3.9786491942772084,0.012033571434297499,0.028840174389471108,1135.0120595925448,0.03125000000447113,0.34330851108299604,1031.25,57.801376121524946,6.303257468384813
Normal,normal_0_97.mat,2.42861286636753e-17,0.8076922176424006,1.0,1.0,1.0,5.251838819939209,2.661411278154478,2.6330495414715496,-0.04941480440613752,2.661411278154478,3.2950809974657904,3.88969045629554,0.011510947595091178,0.0290527230623703,1123.9862007471158,0.03125000211001142,0.302433272763982,1066.40625,53.85214616707231,6.355438855903788
Normal,normal_0_97.mat,2.7755575615628914e-17,0.8165272682613949,1.0,1.0,1.0,5.5977941701025795,3.01126480232283,2.588821473255268,0.009711724121884466,3.01126480232283,3.6878925167246637,4.292478580609979,0.011923114126108011,0.02888601584605749,1077.1393057865873,0.03125000099076608,0.2883159709387583,1031.25,46.12827183174434,5.768660187430535
Normal,normal_0_97.mat,-1.6479873021779667e-17,0.8136594078990425,0.9999999999999999,0.9999999999999999,0.9999999999999999,5.692555353083714,3.04059403433764,2.6519235373585563,-0.15132326872722424,3.0405940343376403,3.7369371076145805,4.357117641254292,0.011899685311341406,0.028895674353573056,1076.6437957524176,0.031250000109707105,0.29850811122740584,1031.25,48.54173187455032,5.996372297557136
Normal,normal_0_97.mat,1.734723475976807e-18,0.8090696720699536,1.0,1.0000000000000002,1.0,5.9301877252063715,3.225453098335295,2.753781217051917,-0.13180309413051264,3.225453098335295,3.9866197061659436,4.665088152418518,0.011618263503778798,0.02900997195445911,1086.8872441004323,0.03125000031426788,0.33397715683241935,1066.40625,55.23557673842105,6.216865434584314
Normal,normal_0_97.mat,8.673617379884035e-19,0.8163046203060489,1.0,1.0,1.0,5.726615002893633,3.1981186657557052,2.6218091625743334,-0.024370864791624265,3.1981186657557052,3.9178005198067685,4.562895063442181,0.012238568652509118,0.028753781867768193,1096.9050903816553,0.03125000054978198,0.31593806516766665,1031.25,52.69146663289073,6.016542858910982
Normal,normal_0_97.mat,-2.6020852139652106e-18,0.8063472468212627,1.0,1.0,1.0,5.469296639473603,2.7395212177247945,2.7042578308992975,-0.0429917649739055,2.7395212177247945,3.3974459868553937,4.0050318604656,0.012347754632069349,0.028707064599360413,1155.5728550371489,0.031250001637850224,0.31933622063677775,1031.25,48.36695550905698,5.815707966303266
Normal,normal_0_97.mat,8.673617379884035e-18,0.7918845433562177,0.9999999999999999,0.9999999999999999,0.9999999999999999,6.3774448786383235,3.467802228983737,3.0948895752053556,-0.08117613057496179,3.4678022289837376,4.379176558095536,5.207075129200342,0.01216139973744501,0.02878650555147535,1135.6154119864495,0.031250000727024774,0.3027773990692182,1031.25,50.89806761071848,5.993934703070707
Normal,normal_0_97.mat,-1.214306433183765e-17,0.8053004442909839,1.0,1.0,1.0,5.85897557117606,3.215964437653615,2.8100228533528533,-0.011740037409850995,3.215964437653615,3.993496415471456,4.682350465549696,0.011589446066403233,0.02902149870719189,1118.6045810301184,0.03125000235740167,0.34072038384451003,1066.40625,58.70355662320015,6.484629633364356
Normal,normal_0_97.mat,-1.0408340855860843e-17,0.813085898279148,0.9999999999999999,0.9999999999999998,0.9999999999999999,5.698399564072284,2.892396472885665,2.649373688609661,0.02539556497121912,2.8923964728856655,3.557307387826138,4.153949195388695,0.01188531507235736,0.02890159549504085,1174.1270344413867,0.03125000698444995,0.3196835315848247,1031.25,56.741272333183325,6.396698431707408
Normal,normal_0_97.mat,-2.2551405187698492e-17,0.809984440129826,1.0,1.0,1.0,5.74828641996663,3.103054096764572,2.713112403013249,-0.14530507110390362,3.103054096764572,3.831004576170881,4.47336381748815,0.012201438758290169,0.028769557886056132,1127.5323304140077,0.03125000109970302,0.30007120722680575,1031.25,42.74693868585596,5.475303567121151
Normal,normal_0_97.mat,1.5612511283791264e-17,0.8103970730059384,1.0,1.0,1.0,5.604411065457766,2.8164486930957247,2.7034461088088713,-0.12572119550836555,2.8164486930957247,3.47539346687039,4.05040053882425,0.012311328287807791,0.02872272601168081,1176.9948880442564,0.03125002070002933,0.30766348122049975,1031.25,45.42392240884793,5.6624029426351115
Normal,normal_0_97.mat,-1.9081958235744878e-17,0.8160484459973466,0.9999999999999999,0.9999999999999999,0.9999999999999999,5.444704596618225,2.7380546593091757,2.5766363526554037,-0.09635432161098119,2.738054659309176,3.355259939209637,3.905201564126605,0.011851096623050934,0.02891564134778819,1103.9978694176891,0.031250004891564535,0.3324355377974932,1031.25,57.17857132690367,6.316521163123807
Normal,normal_0_97.mat,-1.214306433183765e-17,0.8102260870883864,0.9999999999999999,0.9999999999999998,0.9999999999999999,5.742851285677132,3.1202626568204055,2.6993005203874447,-0.06575835756567078,3.120262656820406,3.8511012006948877,4.517734249547693,0.01219181026081775,0.02877365941526231,1185.7685869107968,0.03125001941729468,0.2828624046416119,1066.40625,44.564392724290336,5.653367915048536
Normal,normal_0_97.mat,-7.37257477290143e-18,0.805223010121962,1.0,1.0,1.0,5.809335381906703,3.0774377028460647,2.790310225912055,-0.021803023733399127,3.0774377028460647,3.821845208298189,4.491660264718814,0.012382276066060861,0.028692221022243215,1226.2808034028305,0.031250028924233,0.3185338412319658,1031.25,52.620774534117004,6.1588829584894595
Normal,normal_0_97.mat,6.938893903907228e-18,0.8135406386302367,0.9999999999999999,0.9999999999999999,0.9999999999999999,5.392124395127086,2.7919775570057768,2.570592254389383,-0.0583470232897359,2.791977557005777,3.4318845604402086,4.005120746516096,0.011309659812323958,0.029131670698469902,1117.8366264358299,0.03125000228407328,0.31138948299060826,1066.40625,54.91619201886801,6.359693847442707
Normal,normal_0_97.mat,6.071532165918825e-18,0.8123406475267687,0.9999999999999999,0.9999999999999998,0.9999999999999999,5.415737540701942,2.907236318999406,2.571033564132923,-0.15863293231450518,2.9072363189994066,3.578838911792365,4.180930006236836,0.012515914440933962,0.028634156682707305,1145.3640399613685,0.03125000869156056,0.30945002261621674,1066.40625,53.40856988593254,6.0769314628967805
Normal,normal_0_97.mat,2.0816681711721685e-17,0.796195451076891,1.0,1.0,1.0,6.0416870129582545,3.096567493433469,2.989059593108237,-0.19253600273535992,3.096567493433469,3.8892052061403,4.592359796759532,0.012217001024169866,0.028762951775195233,1085.0018319193703,0.03125000014154838,0.30485010881929797,1031.25,45.36076083746112,5.629647740487996
Normal,normal_0_97.mat,2.42861286636753e-17,0.8067504781931167,1.0,1.0,1.0,5.63310708753956,2.8673536453066726,2.830604196573165,-0.1503009921343116,2.8673536453066726,3.5542013581804124,4.162874546252369,0.011974351640334464,0.028864820188115824,1132.552647516887,0.031250007067177434,0.30249972625034954,1066.40625,51.68956219209795,6.124823383124881
Normal,normal_0_97.mat,2.7755575615628914e-17,0.816266893023575,1.0,1.0,1.0,5.440583528959641,2.925723557462685,2.5929183846565387,-0.14327975729267034,2.925723557462685,3.5842732107207804,4.181434893408581,0.011622057230126052,0.029008457388673407,1146.7735597430308,0.03125000502929249,0.34563246857747704,1066.40625,63.09739029129558,6.664946268436528
Normal,normal_0_97.mat,-3.469446951953614e-18,0.8188565062050855,1.0,1.0,1.0,5.156334673370509,2.6066289301502623,2.4281991157882334,-0.06166968386764499,2.6066289301502623,3.1832548320711793,3.7192754291969674,0.012023867411844757,0.028844234297233914,1145.9622149342508,0.031250011835699316,0.31085655193950484,1031.25,48.668136957970525,5.9015736753469605
Normal,normal_0_97.mat,-1.0408340855860843e-17,0.8142176059946198,1.0,1.0,1.0,5.425808579412732,2.879954325317486,2.576099406750247,-0.12449223092949079,2.879954325317486,3.5370818613034465,4.134310312378703,0.012188577836472664,0.02877501715533747,1141.812780364906,0.03125000867145029,0.33564776691995185,1031.25,49.33695879131157,5.839552141750139
Normal,normal_0_97.mat,1.734723475976807e-18,0.8166201198445171,0.9999999999999999,0.9999999999999998,0.9999999999999999,5.373420430588802,2.8677749556769783,2.647775372204929,-0.19122812129421024,2.8677749556769787,3.511761326947219,4.076275489056242,0.011809726773521873,0.02893256373618873,1116.81910992582,0.03125000625302118,0.2986407515147967,1066.40625,49.102751294782536,5.916578505712657
Normal,normal_0_97.mat,8.673617379884035e-18,0.7995766252639667,1.0,1.0,1.0,6.54260056164326,3.9957628428824385,3.1508235168253815,-0.2637780595977116,3.9957628428824385,4.99734824234426,5.891742957667162,0.012202134425786196,0.028769274949045687,1107.9058994018553,0.03125001225021751,0.3225931439176381,1031.25,58.276144897538224,6.3285736792561575
Normal,normal_0_97.mat,1.734723475976807e-17,0.7906237713870782,0.9999999999999999,0.9999999999999999,0.9999999999999999,7.473231586515076,4.26045225652707,3.457058490590242,-0.121042889190806,4.260452256527071,5.388722690506118,6.398489968542159,0.012020993856273197,0.028845422903507858,1156.6930470794496,0.03125000345239619,0.2902933960805908,1042.96875,49.404474718527496,6.009861399215519
Normal,normal_0_97.mat,2.949029909160572e-17,0.8054192063990121,0.9999999999999999,0.9999999999999999,0.9999999999999999,6.361372390531816,3.1963126024170094,2.7734149893633187,0.018730924167880546,3.19631260241701,3.9685080477625543,4.674893851912847,0.01249134124755887,0.02864489046329924,1192.6797382479858,0.031250013693075035,0.3545463871782902,1031.25,60.99020301502592,6.414879512532656
Normal,normal_0_97.mat,1.3877787807814457e-17,0.812627585511026,1.0,1.0,1.0,5.836456830286374,3.1664668911600113,2.5604235585255175,-0.05125542851772309,3.1664668911600113,3.896578146764189,4.566579334889336,0.011892209579462494,0.02889875399421222,1123.2698912176106,0.03125000209759762,0.3372060416447643,1066.40625,60.11246696338313,6.530793120100108
Normal,normal_0_97.mat,-2.6020852139652106e-18,0.8213759652129271,0.9999999999999998,0.9999999999999997,0.9999999999999998,5.533801632536148,3.114658127726912,2.533353833513117,-0.07960213833574026,3.114658127726913,3.7920005693367136,4.400039689988888,0.012458667314914044,0.028659131848294744,1252.818493038021,0.03125002767297414,0.322848460556722,1066.40625,57.34435998614282,6.318655388861649
Normal,normal_0_97.mat,6.938893903907228e-18,0.8135333303967671,1.0,1.0,1.0,5.884060647472803,3.052543262853729,2.7769163697360417,-0.17067521009809516,3.052543262853729,3.7522043028832974,4.353511626576557,0.012676647582624346,0.028563383839562355,1237.500461476223,0.03125002864479051,0.3147571707751322,1031.25,52.75636363174914,6.124975162039963
Normal,normal_0_97.mat,0.0,0.8183855160350499,1.0,1.0,1.0,5.675953296744273,3.0517183533927303,2.6151171489920095,-0.17922081582979654,3.0517183533927303,3.728949613108782,4.3160984642309,0.012106508516298896,0.02880964173342278,1138.312631319412,0.03125000808421324,0.35482915347830624,1031.25,61.5928375052252,6.428214450818279
Normal,normal_0_97.mat,6.938893903907228e-18,0.8242477177502692,1.0,1.0,1.0,5.686355833180938,3.089766384885107,2.522469161361016,-0.0834396717008502,3.089766384885107,3.748589554264614,4.32675405020559,0.012441122875675456,0.028666774926935392,1309.0685571285067,0.0312500483698702,0.31545633936415945,1066.40625,60.22728220950484,6.668993172891553
Normal,normal_0_97.mat,2.7755575615628914e-17,0.815567281082051,0.9999999999999999,0.9999999999999998,0.9999999999999999,5.821541513776152,3.0519782965537194,2.6542705641467568,0.14682628627667182,3.05197829655372,3.7421539183186923,4.36267643276012,0.01195654872038825,0.02887219157109852,1135.6197587964407,0.031250000054739685,0.3532294651905955,1031.25,62.08417975551051,6.530399088797374
Normal,normal_0_97.mat,-2.2551405187698492e-17,0.80294229556052,1.0,1.0,1.0,6.091876498274514,3.077111837855975,2.87209437110726,-0.06603841305759026,3.077111837855975,3.8322951161862724,4.501786801662936,0.01208142051725501,0.028820171928471864,1205.7258157966378,0.03125000850722169,0.33014785536410435,1031.25,62.05062200168432,6.681253902484968
Normal,normal_0_97.mat,-3.469446951953614e-18,0.8082811608204761,1.0,1.0,1.0,5.321091576609441,2.9459716335953727,2.6491314437090656,-0.16514865638419146,2.9459716335953727,3.6447362333732407,4.277019530310374,0.011784569544050863,0.02894281293622701,1103.3365648048057,0.03125000000000001,0.332155969217275,1066.40625,58.196309369415516,6.334288070447041
Normal,normal_0_97.mat,1.0408340855860843e-17,0.8109112820900377,1.0,1.0,1.0,5.423456650893748,2.8665067302158334,2.6281503498572203,-0.037842179171429464,2.8665067302158334,3.5349202724467177,4.14338394607308,0.011796383250269583,0.02893799996926021,1122.8014931934608,0.03125000000013031,0.342676699914064,1031.25,60.16329096834866,6.544177038122512
Normal,normal_0_97.mat,-1.3877787807814457e-17,0.807359929453654,1.0,1.0,1.0,6.025533803675273,3.0961179177333813,2.779559525038374,0.033098953352343516,3.0961179177333813,3.834866959310881,4.496358084837221,0.012142462248247018,0.0287945023342074,1129.3607589777691,0.031250004065996206,0.3336525110680834,1031.25,45.8291455452548,5.588142918432486
Normal,normal_0_97.mat,-1.3877787807814457e-17,0.812082514026924,1.0,1.0,1.0,5.7166786005736405,2.8981646842845454,2.652315237433225,-0.08203158770566289,2.8981646842845454,3.5688056745776193,4.169907925512474,0.011910344431163783,0.02889129063876934,1140.3587912674072,0.03125000766788378,0.2920301154041839,1066.40625,50.44681269534594,6.050671728637271
Normal,normal_0_97.mat,1.9081958235744878e-17,0.7988302823850111,0.9999999999999999,0.9999999999999998,0.9999999999999999,5.6954036827107615,2.9256709767696036,2.8087742607823416,-0.14008740393541994,2.925670976769604,3.6624437521755366,4.331199914619859,0.011475995689248958,0.029066552516206934,1197.7946212976835,0.03125000723579238,0.3747826430567353,1066.40625,76.83358644985492,7.35112011347215
Normal,normal_0_97.mat,-6.938893903907228e-18,0.8023800629933462,1.0,1.0000000000000002,1.0,5.351895965241422,2.7820061188945733,2.748091534262444,-0.058318354382829354,2.7820061188945733,3.4671924779836454,4.088340647386267,0.011440929926983982,0.029080372512289253,1191.9116060229626,0.031250007088761855,0.3130529311831833,1031.25,61.72949177671648,6.830436331318724
Normal,normal_0_97.mat,1.474514954580286e-17,0.7987413213381218,1.0,1.0,1.0,6.269352230172949,3.5599795069724705,2.925945634930481,-0.15856538528667496,3.5599795069724705,4.456986776405256,5.260704575039733,0.012260694482320061,0.02874435878309764,1141.6467060901048,0.031250004656643425,0.34179545909823467,1031.25,52.25548773767376,6.002281573437099
Normal,normal_0_97.mat,1.3877787807814457e-17,0.8005130505508373,0.9999999999999999,0.9999999999999998,0.9999999999999999,6.33899719378269,3.4495977156492055,2.8698644069464785,-0.07230750077050138,3.449597715649206,4.309233576236538,5.077670923568222,0.011398705075210605,0.02909694472227339,1191.4228889670183,0.03125000271300253,0.2986113628406352,1031.25,53.045442816063556,6.312059262216566
Normal,normal_0_97.mat,5.204170427930421e-18,0.813019811578337,0.9999999999999999,0.9999999999999999,0.9999999999999999,6.055919942300102,3.3680425664050717,2.6279774034458576,-0.07160093615516583,3.368042566405072,4.142632834329831,4.848691088513107,0.011957970314094624,0.02887161277594271,1176.1962296312183,0.03125000925306658,0.3541199616853693,1031.25,65.08403944583351,6.699489753426644
Normal,normal_0_97.mat,-1.0842021724855044e-17,0.8075073288348642,0.9999999999999999,0.9999999999999998,0.9999999999999999,5.925304432952428,3.4504746514305777,2.715877223809034,-0.10788430243771614,3.450474651430578,4.272994842547369,5.036786867835709,0.011965268857598178,0.02886858283646357,1087.1451210971218,0.03125000374112566,0.3145591010684344,1042.96875,51.442826801513775,6.075026137102809
Normal,normal_0_97.mat,-1.0408340855860843e-17,0.802747315000824,1.0,1.0,1.0,5.6082867604141295,2.8635058769939383,2.7374421573351824,-0.03928679346029493,2.8635058769939383,3.567132301141361,4.2066855622182935,0.012783897311856625,0.02851551280503883,1139.9991701957497,0.03125000001623085,0.33061598604600323,1031.25,46.73049817402353,5.579782333018495
Normal,normal_0_97.mat,3.469446951953614e-17,0.8003095453948145,1.0,1.0000000000000002,1.0,5.779914885159708,2.9718530124777285,2.8051153192890608,0.07561219091086985,2.9718530124777285,3.713379441215627,4.3966332125082594,0.01203771693608745,0.028838446718423304,1108.8476236648614,0.031250002210635223,0.2904733399510786,1031.25,43.60504311363197,5.560832149854604
Normal,normal_0_97.mat,-1.0408340855860843e-17,0.8077349824987358,1.0,1.0,1.0,5.729252216167722,2.931613637815317,2.6966349243721037,0.013266943514599935,2.931613637815317,3.6294251225152374,4.283254836738912,0.01290788516356076,0.028459622934099024,1165.4912792592706,0.03125001819114298,0.31791493677214483,1031.25,49.918763610205794,5.749014006524015
Normal,normal_0_97.mat,-2.0816681711721685e-17,0.810423328171461,1.0,1.0,1.0,5.6681134304372485,2.8551914159640015,2.6471374096793774,-0.0145834027760973,2.8551914159640015,3.523086412635853,4.132211669521599,0.012139293762094132,0.028795841503724974,1141.0154864374974,0.03125000705520028,0.29568248639909134,1042.96875,51.460103346704436,6.051882427298752
Normal,normal_0_97.mat,2.7755575615628914e-17,0.8072919329799948,1.0,1.0,1.0,6.289148547237978,3.2717685455873133,2.8302408740804132,0.019393687717258246,3.2717685455873133,4.052770022747632,4.760022498631147,0.012185635851584723,0.028776281559554962,1198.2480484411574,0.03125002562402485,0.3361556999515422,1031.25,54.44149787660637,6.113321994358717
Normal,normal_0_97.mat,-1.5612511283791264e-17,0.8080943892847102,1.0,1.0,1.0,6.26677460097943,3.234128880635024,2.8567800572246944,0.02085901958826652,3.234128880635024,4.002167226402516,4.684187605638931,0.011547958669164802,0.029038029646190802,1083.407236331284,0.03125000024252471,0.32075473211014766,1066.40625,59.038225864975225,6.500964143025686
Normal,normal_0_97.mat,-2.2551405187698492e-17,0.820694572410755,1.0,1.0,1.0,5.681687239602528,2.9805324940908915,2.6148330877102066,0.05873228826069665,2.9805324940908915,3.6317195145274392,4.201236098371027,0.012058546155081333,0.028829745130982843,1160.3102084779143,0.03125000383506626,0.33676484654986305,1031.25,52.96443250072059,6.0559404594372195
Normal,normal_0_97.mat,2.0816681711721685e-17,0.8136583497787739,1.0,1.0,1.0,5.5044730498477055,2.849666872223007,2.657010751081092,0.03651072665380601,2.849666872223007,3.5022892261817318,4.086040344433265,0.013012330901066498,0.028412044404545537,1231.2926679583345,0.03125004036356941,0.32190706443152345,1031.25,48.36001864982542,5.766821978950586
Normal,normal_0_97.mat,2.0816681711721685e-17,0.7885758127453526,1.0,1.0,1.0,6.037767367323122,3.0507674412203794,2.955744262692214,0.14411635530901892,3.0507674412203794,3.8687053190224274,4.619953326470393,0.011553020868220364,0.02903601577432587,1056.511841565918,0.03125000005165497,0.3223092978745673,1066.40625,50.72611408796569,5.959873457039452
Normal,normal_0_97.mat,1.6479873021779667e-17,0.7909358064822549,1.0,1.0,1.0,6.479602637017323,3.2524076717060932,3.0822151117890426,0.04364573991192927,3.2524076717060932,4.112100685100369,4.897224496830578,0.013365178496621156,0.028247792173828595,1262.4839471397759,0.0312500521430342,0.3292449666430853,1066.40625,51.51745156570985,5.861493548124399
Normal,normal_0_97.mat,-2.5153490401663703e-17,0.8101876179881071,1.0,1.0000000000000002,1.0,5.828840503724693,3.266071057844031,2.864792282728269,-0.2883078871800774,3.266071057844031,4.031252743598427,4.693219516075211,0.012605515295950715,0.028594817247466542,1108.112748850601,0.031250001428679286,0.33423197710026115,1031.25,48.107910500695645,5.612346204990622
Normal,normal_0_97.mat,-3.469446951953614e-18,0.8000310439326217,1.0,1.0,1.0,5.887590593606284,2.9860850289036813,2.937318370688369,-0.09357262999619033,2.9860850289036813,3.73246144827746,4.367071442476997,0.012900393671676034,0.02846303537345676,1213.2544333249803,0.03125003263286088,0.32492816146350356,1031.25,45.3741604581745,5.541164575904968
Normal,normal_0_97.mat,-8.673617379884035e-18,0.7999263051274386,1.0,1.0000000000000002,1.0,5.609736597608538,2.9260949827565246,2.8499528162141132,0.12567762970252674,2.9260949827565246,3.6579556941690523,4.303524362997289,0.011758792634847031,0.02895330126639626,1167.1056375905282,0.03125000573523205,0.3282606191089339,1031.25,61.67859627141536,6.6149115462057235
Normal,normal_0_97.mat,0.0,0.8076713462445366,0.9999999999999999,0.9999999999999999,0.9999999999999999,5.647847027530485,2.9768275845398997,2.73410861936241,0.09541865678219885,2.9768275845399,3.6856917091108654,4.319542795061209,0.0126078720986437,0.028593805079391507,1251.7406616494038,0.03125002604437305,0.3211080934499421,1066.40625,57.361553559647994,6.401067444017154
Normal,normal_0_97.mat,-1.5612511283791264e-17,0.8059063803033999,0.9999999999999999,0.9999999999999999,0.9999999999999999,5.698312264190501,3.0088502107940607,2.7834357995554275,0.06647432540039641,3.008850210794061,3.7334984364577406,4.381596189389327,0.012462415436889062,0.028657494257902937,1211.3840642710636,0.03125002041060694,0.35335336623015656,1031.25,55.547670103638865,6.110583170103513
Normal,normal_0_97.mat,-1.734723475976807e-18,0.8002867203541535,0.9999999999999999,0.9999999999999999,0.9999999999999999,5.965501676419693,3.1234666359976004,2.952890697165611,0.05508103410206421,3.123466635997601,3.902934481551015,4.606528910673218,0.011767442640173936,0.028949782316504222,1116.3522797813005,0.03125000163940419,0.3311341505501576,1031.25,53.38999067560523,6.1759432365538744
Normal,normal_0_97.mat,2.0816681711721685e-17,0.8028346056250767,1.0,1.0,1.0,6.054303305991351,3.153495878714488,2.9226598125853678,0.024030361807867114,3.153495878714488,3.9279521044801213,4.613779173888462,0.012717852344906135,0.028545086156869168,1280.5146539213854,0.031250051391476436,0.3326852393481572,1031.25,63.69179486110205,6.709954537449916
Normal,normal_0_97.mat,6.938893903907228e-18,0.8077494392669631,1.0,1.0000000000000002,1.0,5.199600352565342,2.8239674867235425,2.7360035402111045,-0.10801288939650792,2.8239674867235425,3.496093404021807,4.083134011668185,0.012283928155268176,0.028734436584292537,1134.757308204209,0.031250003787848084,0.28481293653461465,1066.40625,42.762829948658045,5.486061038650446
Normal,normal_0_97.mat,3.469446951953614e-18,0.8124746427859642,1.0,1.0000000000000002,1.0,5.781511112933229,3.0462982751541743,2.690748628301227,-0.11008431275472297,3.0462982751541743,3.7494071996000518,4.348719874104773,0.012465690547501957,0.02865605885516486,1112.750362478017,0.031250010398986304,0.2916217576355388,1031.25,40.082418642264074,5.314105998331583
Normal,normal_0_97.mat,0.0,0.8170039037398662,1.0,1.0,1.0,5.978975108690097,3.003878521168728,2.7038085206434688,-0.009238888406578636,3.003878521168728,3.676700328380759,4.256897928995629,0.011665404865282008,0.02899104806879104,1078.2639685044699,0.031250000620766355,0.32183964659323855,1066.40625,52.09648824837285,6.050533595279604
Normal,normal_0_97.mat,-6.938893903907228e-18,0.815604225370282,1.0,1.0,1.0,5.998429836214131,3.1879943602350815,2.6864810971364905,-0.026021853616531213,3.1879943602350815,3.9087516482491753,4.550122477209877,0.012027444403883902,0.02884273125246617,1135.4963706796198,0.031250001039848097,0.328708807587669,1031.25,56.20276302379618,6.2523740915079555
Normal,normal_0_97.mat,6.938893903907228e-18,0.796095945181707,1.0,1.0,1.0,6.8720568977989185,4.167147254203309,3.3371541416116157,0.19939243817100882,4.167147254203309,5.234478682405759,6.159079813967918,0.012101553471964972,0.02881171847548771,1126.3503185186955,0.0312500034871292,0.31257843649568684,1031.25,49.196185336394755,5.91485918295873
Normal,normal_0_97.mat,1.214306433183765e-17,0.8032512981868217,0.9999999999999999,0.9999999999999999,0.9999999999999999,6.847197353246166,4.03190356179477,3.184107203472367,0.21012796554199767,4.0319035617947705,5.019479670802875,5.853335749858471,0.011826445386399608,0.02892574000032049,1175.3038174552719,0.03125001192069586,0.31837522263525964,1066.40625,52.50510958899064,6.158282217458131
Normal,normal_0_97.mat,-3.469446951953614e-17,0.8134283445114544,1.0,1.0,1.0,5.698137298619638,2.976526958475582,2.6287039184908743,-0.01763303525077986,2.976526958475582,3.6592368320571445,4.2746348882416605,0.012207521175437674,0.028766996209008425,1159.9568261376555,0.031250018306200465,0.3193774442787098,1031.25,53.34157097904723,6.048528126564667
Normal,normal_0_97.mat,-2.42861286636753e-17,0.7994001030610758,1.0,1.0,1.0,6.265350504365362,3.188377308478284,2.9984139748019736,0.0013549578030465845,3.188377308478284,3.9884624686302868,4.700068724052392,0.01226704626676653,0.02874164828314945,1136.8962450186339,0.03125000432229183,0.29073058743285846,1042.96875,49.34411655049893,5.920493551139439
Normal,normal_0_97.mat,4.163336342344337e-17,0.8032582900473801,0.9999999999999999,0.9999999999999998,0.9999999999999999,6.027384805895933,3.302604035526823,2.868795134226802,-0.11588683871030325,3.3026040355268234,4.111509431582734,4.851396761971919,0.012854019205368003,0.028483991374768057,1210.7066043236628,0.03125001718991256,0.32729943642486703,1031.25,48.721766864809595,5.719546738710266
Normal,normal_0_97.mat,-1.734723475976807e-18,0.806519939437337,1.0,1.0,1.0,6.004466552500709,3.3873813131443584,2.811982122053583,-0.03268239375325471,3.3873813131443584,4.199996983964887,4.947274415002729,0.011918425896528499,0.028887956059759867,1147.4618321603066,0.03125000609858593,0.3383974533007464,1066.40625,60.9217189396765,6.580095884607523
Normal,normal_0_97.mat,-6.938893903907228e-18,0.8017648938371541,0.9999999999999999,0.9999999999999998,0.9999999999999999,6.545469067163191,3.3063107403118517,3.0382830025224545,-0.05308480572485274,3.306310740311852,4.123790859048755,4.83650074340379,0.012920756783376446,0.02845377754876756,1158.8093335707724,0.031250014602395265,0.33270922293011784,1031.25,64.6509002380481,6.51186656382303
Normal,normal_0_97.mat,-1.734723475976807e-18,0.8013429104996559,1.0,1.0,1.0,5.982666848360241,3.317984968766704,2.8942553110419835,-0.06827585772649898,3.317984968766704,4.140530758171758,4.8784460912078185,0.01200588842121887,0.028851723449421423,1197.4140348608523,0.03125001284455178,0.3109714933935165,1042.96875,54.80448062690302,6.309608819452179
Normal,normal_0_97.mat,-1.214306433183765e-17,0.8044294956416295,1.0,1.0,1.0,5.981171694673983,3.0199553550928258,2.7780330507231215,-0.038513876411223585,3.0199553550928258,3.7541579112337837,4.427506428981541,0.012149748777353267,0.028791425004718506,1115.679748516554,0.031250000786482025,0.33272086613383756,1031.25,51.16282350026081,5.911929391487943
Normal,normal_0_97.mat,-5.204170427930421e-18,0.8120800010026075,0.9999999999999999,0.9999999999999999,0.9999999999999999,5.966920264976929,2.9896119046837293,2.690988598287887,-0.0377225831999035,2.9896119046837297,3.681425353404473,4.306550911961954,0.011750471215695103,0.028956673318281063,1114.907136637334,0.03125000005524047,0.32585107823326365,1066.40625,57.80422442422505,6.4205164805039745
Normal,normal_0_97.mat,1.5612511283791264e-17,0.8216875179606677,1.0,1.0,1.0,5.831130824690174,3.1625459790916324,2.529649511558479,-0.010504874021041145,3.1625459790916324,3.8488426682453465,4.469188660088661,0.013281101960866144,0.028287416529201487,1322.4233849010955,0.03125004965102398,0.31972410561497094,1066.40625,56.44553700476741,6.198414413319652
Normal,normal_0_97.mat,-1.0408340855860843e-17,0.8113110074011923,1.0,1.0000000000000002,1.0,5.949320730890809,3.149287568043135,2.778192427908961,0.05434735691550564,3.149287568043135,3.881726661309571,4.521891857659639,0.012165298711809746,0.028784877839015385,1221.1185278120918,0.031250018959267836,0.3157250371217258,1031.25,59.591778203452655,6.561250407439076
Normal,normal_0_97.mat,3.469446951953614e-18,0.8127315773869648,0.9999999999999999,0.9999999999999998,0.9999999999999999,5.54259133302473,2.77157685127138,2.7505966759518627,0.0876938024651979,2.7715768512713805,3.410199539905108,3.9756570130977655,0.012802551227661661,0.028507167766743106,1243.2389711562796,0.03125002291228181,0.342684199390533,1031.25,56.76160878935862,6.1417803772549515
Normal,normal_0_97.mat,-3.469446951953614e-18,0.8218933078862737,0.9999999999999999,0.9999999999999999,0.9999999999999999,5.62850014752944,2.875108639978708,2.564280948019325,0.020241255026640946,2.8751086399787082,3.4981531208385745,4.061670924965746,0.012889258905134447,0.028468072982435137,1254.0972562482762,0.03125002679129797,0.3061500110905521,1042.96875,57.743297721154555,6.40323464964875
Normal,normal_0_97.mat,-3.469446951953614e-17,0.8124401790956094,0.9999999999999999,0.9999999999999998,0.9999999999999999,6.171831993822336,3.282709535553677,2.774271018780634,0.07613882328102153,3.2827095355536775,4.040555378745445,4.710498972338746,0.012208975745673525,0.028766380828475116,1226.971480099234,0.031250020075630436,0.36289333412038954,1031.25,62.06303394892777,6.537512820103601
Normal,normal_0_97.mat,-6.938893903907228e-18,0.8044426206894063,1.0,1.0,1.0,6.60236530617402,3.481951128928091,3.0143103453255273,0.12353866942528854,3.481951128928091,4.328402100256776,5.065112602136822,0.012280613374509652,0.02873587621541156,1220.305434955713,0.03125002474753646,0.31385230402199304,1042.96875,54.152785451087695,6.216754854823896
Normal,normal_0_97.mat,-3.469446951953614e-18,0.8040059676071267,0.9999999999999999,0.9999999999999999,0.9999999999999999,6.965491635192642,3.6515517440626075,3.0280214880501215,0.06701033791390862,3.651551744062608,4.541697314673315,5.320958945731648,0.012032110442842185,0.02884079439402683,1186.973147908295,0.031250009647795014,0.3259363751139661,1031.25,57.84452121369915,6.360605498641914
Normal,normal_0_97.mat,-2.7755575615628914e-17,0.798453396510201,0.9999999999999999,0.9999999999999999,0.9999999999999999,6.267109411755017,3.4636974514104466,2.927951994279198,0.11144852226356639,3.463697451410447,4.3380082877087425,5.126761689523626,0.012449195011669086,0.028663229380238554,1175.3458372184962,0.03125001079908193,0.3291026322582032,1066.40625,54.50163939558985,6.165463758454705
Normal,normal_0_97.mat,0.0,0.785984965442137,1.0,1.0,1.0,6.218384626978322,3.402837290297427,3.136359014586624,0.2405473904495927,3.402837290297427,4.329392341981048,5.168577741829252,0.012177907125322514,0.0287795261755654,1113.433091314869,0.03125000078148855,0.33072964282775474,1031.25,47.89390119855374,5.684865060869061
Normal,normal_0_97.mat,1.734723475976807e-18,0.7881058726715688,1.0,1.0,1.0,6.051997763396331,3.2911736631752238,3.006028792827305,0.1051115181331218,3.2911736631752238,4.1760552449870785,4.979795847189356,0.011784716837664674,0.028942753162391244,1098.5576466410212,0.03125000018500873,0.28269596036397415,1031.25,46.61477321093017,5.799708713034248
Normal,normal_0_97.mat,-2.0816681711721685e-17,0.8033808134432033,1.0,1.0,1.0,5.696156616982479,2.971897276300944,2.7382035186768463,0.0294819488811187,2.971897276300944,3.699238551097223,4.354734150628541,0.011903461498377845,0.028894123845605916,1124.5871957006539,0.03125000461517688,0.3365840950592026,1031.25,65.27306546282425,6.6438030007529125
Normal,normal_0_97.mat,-2.7755575615628914e-17,0.7983041881398218,1.0,1.0,1.0,6.8999041457211305,3.9856344853615355,3.1286995201283156,-0.07612971663494619,3.9856344853615355,4.992626300318817,5.8759870680367285,0.011625361636497092,0.029007130191157426,1127.3330546388736,0.031250002161697446,0.29909282459202885,1066.40625,56.685801942341115,6.422402142962421
Normal,normal_0_97.mat,-2.2551405187698492e-17,0.7991720662920985,0.9999999999999998,0.9999999999999997,0.9999999999999998,7.018459355866098,4.0120064172374965,3.2687603965210514,-0.19484437322795814,4.012006417237497,5.020203516186341,5.900868824126502,0.012794139933274315,0.02851094964229957,1228.3683066451856,0.03125002825819437,0.3565406052604181,1031.25,55.32363114345646,5.984740509647452
Normal,normal_0_97.mat,2.7755575615628914e-17,0.8192787839705165,1.0,1.0,1.0,5.779891932057611,3.271596712094593,2.6577199720367095,-0.07398529861036104,3.271596712094593,3.9932642906231153,4.617571366251894,0.011640282119332542,0.029001144091413005,1119.3871105961264,0.03125000042285684,0.30792393095561815,1031.25,59.1302565077086,6.548266269330254
Normal,normal_0_97.mat,-3.469446951953614e-18,0.8054737381299422,1.0,1.0,1.0,5.579347123317145,2.8590805897247313,2.7688262873201523,-0.044858318395765526,2.8590805897247313,3.549564007341346,4.159669392269568,0.012025700537233798,0.02884347467924935,1207.8838173430815,0.03125001607973544,0.3542831309944239,1066.40625,68.32668598308668,6.895202587901303
Normal,normal_0_97.mat,6.938893903907228e-18,0.7956670538823722,0.9999999999999999,0.9999999999999998,0.9999999999999999,6.085988757715846,3.1766811816554608,3.032407790383258,0.020453458698386946,3.176681181655461,3.9924754533384093,4.706330386418915,0.012429813668491031,0.028671629416372288,1135.348407624945,0.03125000161957102,0.29088500683643664,1066.40625,46.05284563529221,5.580785973701891
Normal,normal_0_97.mat,6.938893903907228e-18,0.8025794066428922,1.0,1.0,1.0,5.807026626820595,3.131332817434263,2.850930714563698,0.09585202030184717,3.131332817434263,3.9015862997685287,4.5866609431506955,0.012821201767572918,0.028498765437881532,1137.994629897017,0.03125000553997081,0.33389020044339435,1031.25,46.40802223669088,5.453397000384413
Normal,normal_0_97.mat,1.734723475976807e-18,0.8121078582403983,0.9999999999999999,0.9999999999999998,0.9999999999999999,5.663986821859322,2.882687615237474,2.598381694484908,0.06528657530522683,2.8826876152374745,3.549636401109848,4.1603009850234764,0.011664294350584813,0.028991499387486807,1176.26851333464,0.03125000479090736,0.3043286924842641,1031.25,59.192843644879176,6.618112883564295
Normal,normal_0_97.mat,-2.7755575615628914e-17,0.81516633491473,1.0,1.0,1.0,5.5251971906788935,2.89208429482521,2.582237018024535,-0.07705128991558102,2.89208429482521,3.547845600281978,4.127558322785356,0.01245246898493385,0.02866179921925874,1149.204764504642,0.03125000349289326,0.357772436698105,1031.25,65.27896381842085,6.568702644233798
Normal,normal_0_97.mat,-3.469446951953614e-18,0.8010227926776416,0.9999999999999999,0.9999999999999998,0.9999999999999999,5.743661395226398,3.0058489499319174,2.8760051045452646,0.0696948479670862,3.005848949931918,3.752513633081564,4.411209013621442,0.01243337192012092,0.028670085269158676,1109.652877554469,0.031250000426318085,0.28836078775713736,1031.25,46.726733217803265,5.667447913320841
Normal,normal_0_97.mat,1.214306433183765e-17,0.7988567704749927,1.0,1.0000000000000002,1.0,5.725646745684282,2.940265878239885,2.8958200799938565,0.1352824367210237,2.940265878239885,3.6805920496757265,4.350172917784976,0.011987945861518962,0.02885917431528214,1178.6467427140176,0.03125000461021646,0.32991602614724763,1031.25,62.13693236270049,6.586674842539531
Normal,normal_0_97.mat,-3.2959746043559335e-17,0.8046845126109563,1.0,1.0000000000000002,1.0,5.664700354701139,2.8993778251042635,2.750833983653228,-0.047984275324482684,2.8993778251042635,3.603123683462808,4.267673282865435,0.011432877911396485,0.02908353157854335,1166.9875399105051,0.03125000010267241,0.3466007533913197,1066.40625,71.07838559234068,7.188251029427123
Normal,normal_0_97.mat,0.0,0.800032024746639,0.9999999999999999,0.9999999999999999,0.9999999999999999,5.538322376887476,3.01823805174684,2.863673509282493,-0.1859621538170298,3.0182380517468403,3.7726465421214623,4.459873115995581,0.012272172541133424,0.02873948501458946,1235.448273187911,0.031250027484518494,0.31365130345341047,1031.25,48.41193503413625,5.870386527601859
Normal,normal_0_97.mat,-2.0816681711721685e-17,0.8108606205462772,1.0,1.0,1.0,5.5288512706584285,2.9726039037871064,2.6975027334436987,-0.09142471926281832,2.9726039037871064,3.665986272442805,4.282998111506648,0.012803803495241621,0.028506604014253582,1214.2007438329977,0.031250021701915986,0.32935732610760304,1031.25,52.2640005478352,6.03482657383617
Normal,normal_0_97.mat,-3.469446951953614e-18,0.8083987113931097,1.0,1.0,1.0,5.861496350710085,3.167018563072829,2.796104063929041,0.001016260921664753,3.167018563072829,3.917644249599459,4.584784051977344,0.012120939860876718,0.028803582046599815,1179.1578730752665,0.031250016349214885,0.306913176714891,1031.25,51.36556005656318,6.070663416078772
Normal,normal_0_97.mat,-1.2576745200831851e-17,0.798428805914482,0.9999999999999998,0.9999999999999997,0.9999999999999998,5.923575490583173,3.2305546977015704,2.9513196838292206,-0.10899515492896587,3.2305546977015713,4.046139961097031,4.770431927515146,0.012313855500757843,0.02872164924532938,1223.4081388412694,0.03125002676263293,0.32796591197036273,1031.25,60.37051082532836,6.482516516567059
Normal,normal_0_97.mat,-2.0816681711721685e-17,0.7986487263899225,0.9999999999999999,0.9999999999999998,0.9999999999999999,5.6113941519154675,2.8254322128901674,2.8524626880163284,-0.009075993512755367,2.825432212890168,3.5377658782000148,4.187873003619899,0.012104743669443408,0.028810374558491746,1133.4458916292792,0.0312500000240563,0.3266698817242206,1031.25,55.1782081771249,6.2247294362127
Normal,normal_0_97.mat,6.938893903907228e-18,0.8154624572035528,0.9999999999999999,0.9999999999999999,0.9999999999999999,5.291415465731331,2.725622106761257,2.598784812629117,0.04975994229334927,2.7256221067612576,3.3424250039764822,3.8909918249735544,0.011587815557238501,0.029022148774861638,1143.9547871447503,0.03125000142238047,0.3457009903996645,1031.25,61.26381102733967,6.560376371833088
Normal,normal_0_97.mat,-3.469446951953614e-18,0.8223032925545254,0.9999999999999999,0.9999999999999998,0.9999999999999999,5.160879408739726,2.6720642353051813,2.4684811447578525,0.05027601097309731,2.672064235305182,3.2494874573641597,3.770922834796278,0.011157388755875991,0.029190331348600277,1172.0153992045398,0.03125000428945289,0.33679049703427144,1066.40625,70.57279105665246,7.284976944252677
Normal,normal_0_97.mat,1.3877787807814457e-17,0.8004800296001405,0.9999999999999999,0.9999999999999998,0.9999999999999999,5.8415837474881,3.251256253738404,2.8136637146685963,0.013676043277577255,3.2512562537384047,4.061633186979676,4.80320572480504,0.01197915032364909,0.028862821423289612,1139.5147063830443,0.03125000004782861,0.3731433813653407,1031.25,68.77919014010189,6.806823805915355
Normal,normal_0_97.mat,-1.3877787807814457e-17,0.7860901488388686,0.9999999999999999,0.9999999999999998,0.9999999999999999,6.293053210875035,3.18557978709485,3.1644551222302915,0.062320076780766155,3.1855797870948503,4.0524357057524005,4.824962696479648,0.011818722398549905,0.028928899857391634,1185.814143743649,0.031250015137483995,0.32610886412486506,1031.25,53.58488753376054,6.240064913791907
Normal,normal_0_97.mat,-1.3877787807814457e-17,0.7868254971303155,1.0,1.0,1.0,6.039393602373692,3.0453621836872466,3.0867982129090734,0.05522384789396324,3.0453621836872466,3.870441660564119,4.60261211932674,0.012129953885988164,0.028799774340685477,1113.4036571893512,0.031250004533609356,0.28965323948820587,1066.40625,40.21717333154993,5.3440337037940004
Normal,normal_0_97.mat,-6.938893903907228e-18,0.8017844211773408,1.0,1.0000000000000002,1.0,5.770293537931556,2.9048953231245296,2.819532194291745,-0.05057756392292462,2.9048953231245296,3.623037872024227,4.261766323943089,0.011845873498203647,0.028917779473021193,1110.5706051038724,0.031250003017371526,0.33354233627969115,1066.40625,58.825854727539216,6.428968374096631
Normal,normal_0_97.mat,1.5612511283791264e-17,0.8282748120620089,0.9999999999999999,0.9999999999999999,0.9999999999999999,5.393452789709089,2.802708195742393,2.457455935126297,0.021881512791896186,2.8027081957423934,3.383790204563854,3.883222360259537,0.012949076294021157,0.028440898821545758,1166.1381199243208,0.031250012842329894,0.2832816423907064,1031.25,37.83280269625649,5.054747916893247
Normal,normal_0_97.mat,1.0408340855860843e-17,0.8251799810050693,1.0,1.0,1.0,5.054085452595195,2.5615224162281636,2.4341203322419904,-0.0017201877560607823,2.5615224162281636,3.1041984478443467,3.5794847012226665,0.012130516869432008,0.028799532429401937,1103.9204972577563,0.03125000012274797,0.30455437349053566,1031.25,53.661125076070284,6.136245333453701
Normal,normal_0_97.mat,-1.9081958235744878e-17,0.8069395679613934,1.0,1.0000000000000002,1.0,6.118804581463712,3.393306085064376,2.775939643036451,-0.08583250862898151,3.393306085064376,4.205155156335973,4.942630763596013,0.011803934763961096,0.02893492920852905,1168.8984993099054,0.031250008067429946,0.34628709374096595,1066.40625,63.947349402800846,6.662648562361838
Normal,normal_0_97.mat,2.7755575615628914e-17,0.804372801596142,1.0,1.0,0.9999999999999999,6.243143972840366,3.4571244046807195,2.91382556535359,-0.009283523721866999,3.45712440468072,4.29791310424798,5.042318688443712,0.012140641552073698,0.028795271614322333,1151.3084765625172,0.03125000551421609,0.3166526046598677,1031.25,50.7574698575119,5.976253209054863
Normal,normal_0_97.mat,-1.0408340855860843e-17,0.8047949917401447,1.0,1.0,1.0,5.810631512407169,3.216190164895532,2.8907056455787425,0.20587668880307625,3.216190164895532,3.99628501407721,4.676789372459351,0.012377652534101953,0.02869418459899568,1109.5669067964175,0.031250000192899224,0.3165092667288268,1031.25,39.76427222024155,5.164181740673935
Normal,normal_0_97.mat,6.938893903907228e-18,0.8025359255044838,1.0,1.0,1.0,5.716446670056683,2.871266124260759,2.8479898288362384,0.03441642304752314,2.871266124260759,3.577741547776626,4.224099054227245,0.011561472013646778,0.029032659757989816,1141.6971201191884,0.03125000748392773,0.31450865324086036,1031.25,58.45158765171364,6.531928346137903
Normal,normal_0_97.mat,6.938893903907228e-18,0.8074453203051466,1.0,1.0,1.0,5.803496008884846,2.9594857959414953,2.759505363501465,-0.07239792850037266,2.9594857959414953,3.6652460810882626,4.3079119920538576,0.011838846075323692,0.028920660725464967,1146.9938033752805,0.03125000629108191,0.34375878385310404,1066.40625,60.01373377520372,6.449137919686892
Normal,normal_0_97.mat,-2.7755575615628914e-17,0.8143057845351788,1.0,1.0,1.0,5.122003149282091,2.5911171563452267,2.5358457267690566,0.019681672669665765,2.5911171563452267,3.181995271990221,3.7202657526130096,0.012022188798982213,0.028844930457555568,1198.1175069216295,0.031250008585912266,0.3027640154782267,1042.96875,60.32707495543055,6.668521279969547
Normal,normal_0_97.mat,8.673617379884035e-19,0.8133168876851802,1.0,1.0,1.0,5.16180408236984,2.6304505665200653,2.5470212360021334,-0.06724888569661044,2.6304505665200653,3.2342259288464,3.7937500574132597,0.012412552840278993,0.028679112816901598,1210.9410544746218,0.03125000767963566,0.3612397585161438,1031.25,60.95389917654265,6.365686874760783
Normal,normal_0_97.mat,1.0408340855860843e-17,0.8049619978530009,1.0,1.0,1.0,6.01786285515077,3.2270430092230056,2.870355380554683,-0.11425348086883916,3.2270430092230056,4.008938332281763,4.713935486755417,0.011095865861650274,0.029213768631608555,1145.5517373069638,0.031250000270094266,0.3334902421172902,1031.25,63.37318189006705,6.8431500389895445
Normal,normal_0_97.mat,1.0408340855860843e-17,0.7979810672426655,1.0,1.0,1.0,6.139225365949075,3.3023908985810864,2.983511614126698,-0.08357384292342696,3.3023908985810864,4.13843264476453,4.890125549085932,0.012215409947206938,0.02876363355694873,1144.7963401167217,0.03125000568922747,0.35076444548970676,1066.40625,68.03873558047617,6.814974601179536
Normal,normal_0_97.mat,-1.3877787807814457e-17,0.8050767646125623,1.0,1.0,1.0,5.382332181769066,2.729232415782513,2.6215136268072827,-0.013993060114011857,2.729232415782513,3.390027554820735,4.004017264545808,0.011825825381627512,0.028925990753549,1220.73613819858,0.031250009392496954,0.3275596569272054,1066.40625,63.673675433381504,6.833708478327995
Normal,normal_0_97.mat,-2.0816681711721685e-17,0.7978502130817697,1.0,1.0,1.0,6.14379275258462,3.5704021384395843,2.9065421058487555,-0.1419465504384088,3.5704021384395843,4.475028119186154,5.300612205575873,0.012082037469580982,0.028819912380550306,1189.0236054218099,0.03125000766462235,0.33849948102852356,1031.25,59.64167709523625,6.444392268865755
Normal,normal_0_97.mat,3.469446951953614e-17,0.8084411197384964,1.0,1.0000000000000002,1.0,6.167049032151141,3.544620675066148,2.7550855361509248,-0.06334452222845921,3.544620675066148,4.384513093807888,5.171005277466685,0.011633254653825156,0.029003975094022624,1195.401000621389,0.031250010961524945,0.33693376209775106,1066.40625,64.91297218364123,6.939675902983816
Normal,normal_0_97.mat,-8.673617379884035e-18,0.8169659483483721,1.0,1.0,1.0,5.8488652600218725,3.1100693364677534,2.5572102411515005,0.05271270380949754,3.1100693364677534,3.8068530796849713,4.438204651804273,0.012830062193646434,0.02849479828359275,1232.81318942932,0.031250024401838085,0.3203837034978694,1031.25,56.64196957971186,6.2530855524484945
Normal,normal_0_97.mat,3.469446951953614e-18,0.7874097989552722,0.9999999999999999,0.9999999999999998,0.9999999999999999,6.364282554219244,3.50765781825295,3.2269533079016965,-0.13307961608409885,3.5076578182529503,4.454678901515928,5.282043298290901,0.012893134982672744,0.028466303215128583,1166.014487836358,0.03125001357467001,0.30485873018470744,1031.25,43.42645978225994,5.4256444903055225
Normal,normal_0_97.mat,-3.2959746043559335e-17,0.7823866200239866,1.0,1.0,1.0,6.780095904435701,3.394116872111211,3.283646350665304,-0.10259260184564085,3.394116872111211,4.338158124441281,5.194564846102655,0.012326011837063035,0.02871640528704472,1086.69020967727,0.031250000006675646,0.30503463888753607,1031.25,42.91045977671317,5.389652053705052
Normal,normal_0_97.mat,-2.168404344971009e-17,0.813559158150843,1.0,1.0000000000000002,1.0,6.5493555231907346,3.3039993472936,2.6964294867500205,0.031140034796854836,3.3039993472936,4.061166682461463,4.746543161046976,0.012270665637503607,0.02874010650984645,1158.2510923517596,0.031250007318154825,0.29323635651324675,1066.40625,49.51157048596927,5.9133060620535085
Normal,normal_0_97.mat,6.938893903907228e-18,0.8152217534177797,0.9999999999999998,0.9999999999999996,0.9999999999999998,5.697196017758202,2.9872977700368275,2.6001169223385667,0.08832640714693503,2.987297770036828,3.664398990229001,4.275304139889723,0.012020114533663228,0.028845785767115138,1113.8325391474912,0.03125000015879495,0.3384211957654247,1031.25,54.42558305567149,6.136025606099076
Normal,normal_0_97.mat,3.469446951953614e-18,0.8083704549812232,0.9999999999999998,0.9999999999999997,0.9999999999999998,5.43675517973216,2.841038531386887,2.6491517848438586,-0.0737433800778716,2.8410385313868876,3.514525442982548,4.127533524690848,0.012097667997026792,0.028813347281407945,1111.857630604561,0.031250000840404864,0.30182215398602275,1031.25,47.774258175052836,5.791008602047642
Normal,normal_0_97.mat,0.0,0.8149712282797837,1.0,1.0000000000000002,1.0,5.405282252218855,2.807688362768185,2.626053620859584,-0.11536429819014424,2.807688362768185,3.4451380187918628,4.023625632361726,0.011902972748655725,0.028894324974053556,1130.7530833230653,0.03125000441538298,0.31985065132945084,1031.25,56.79064542840461,6.2774908059429855
Normal,normal_0_97.mat,1.0408340855860843e-17,0.8157608364202327,0.9999999999999999,0.9999999999999998,0.9999999999999999,5.550634495925902,2.8772995655476814,2.5965799045566658,-0.009612083514169981,2.877299565547682,3.5271361863533537,4.107414235496307,0.01225325195050622,0.02874752839689097,1140.1109390738254,0.03125000115668217,0.3496565922612275,1031.25,61.584242685863636,6.53018469581597
Normal,normal_0_97.mat,-1.0408340855860843e-17,0.8114632618795932,1.0,1.0000000000000002,1.0,5.320889283047585,2.799215522230784,2.560728921893487,-0.10135767844896942,2.799215522230784,3.449589961407444,4.0419371872584415,0.011732327171754228,0.028964030077066747,1120.6129955659885,0.03125000062672495,0.3074291328444221,1031.25,46.041765495612395,5.7573262790779856
Normal,normal_0_97.mat,1.5612511283791264e-17,0.811480199235308,1.0,1.0,1.0,5.2436315719801705,2.7015664237544024,2.590677119283771,-0.13831749220960637,2.7015664237544024,3.3291834185235847,3.888583039851641,0.012557274092706908,0.028616033842885323,1112.4038056355134,0.031250000408584416,0.3123377987410264,1031.25,44.781284192878964,5.5236607219516385
Normal,normal_0_97.mat,0.0,0.810944764342999,1.0,1.0,1.0,5.385877788667441,2.7613574119127637,2.614133366567792,-0.037278176329377376,2.7613574119127637,3.4051115850657543,3.9767548633748255,0.011983263029907806,0.028861114407359924,1143.3894012467565,0.03125000028285878,0.35674242749102164,1066.40625,61.98935168838228,6.536790780603102
Normal,normal_0_97.mat,-3.469446951953614e-17,0.8114349647467782,1.0,1.0,1.0,5.289291630709224,2.7661092930866196,2.6256671929263105,0.026694007001966485,2.7661092930866196,3.408910649974062,3.9782576956151554,0.012424277133791439,0.028674029012945423,1110.5248718440607,0.03125000163411978,0.30145875903529323,1066.40625,46.964522537541924,5.654524223796552
Normal,normal_0_97.mat,1.734723475976807e-18,0.8049811059551801,1.0,1.0,1.0,5.942190487918756,3.3605019635204534,2.851278557069466,-0.13917708858490596,3.3605019635204534,4.17463458292344,4.893152162532547,0.012207804504389406,0.028766858307728873,1091.942062125866,0.03125000204342937,0.3088748511643067,1031.25,44.339617521536276,5.585624286565079
Normal,normal_0_97.mat,-3.469446951953614e-18,0.8064467657893464,1.0,1.0,1.0,5.795050267627691,3.3346213276408614,2.7359945414004008,-0.07046901834049053,3.3346213276408614,4.134955299097702,4.870924787440386,0.01173451304969454,0.028963144714343927,1129.9276118684095,0.031250000772119674,0.3013701692142714,1031.25,46.35919668758545,5.722930389835239
Normal,normal_0_97.mat,2.6454533008646308e-17,0.8255326194407901,1.0,1.0,1.0,5.460503978638889,2.890487919699902,2.4071729639744692,0.09588663128454321,2.890487919699902,3.501361244402308,4.05669024354079,0.012652144405816967,0.028574215825555766,1081.8135623139049,0.03125000108977737,0.33744302280146177,1031.25,53.58249551949529,5.892788498637135
Normal,normal_0_97.mat,-6.938893903907228e-18,0.8205424346412797,1.0,1.0,1.0,5.560034445298971,2.930154116459664,2.533416409627797,0.019610806910491344,2.930154116459664,3.5709964442492885,4.144365755593106,0.012149469607516707,0.02879154836197258,1089.589819736545,0.0312500059011799,0.2697793571147503,1031.25,38.299825652426655,5.202728553100928
Normal,normal_0_97.mat,-2.7755575615628914e-17,0.8089853616967482,1.0,1.0,1.0,5.922826580445263,2.9786910174727894,2.6716768315649935,-0.013475111279682879,2.9786910174727894,3.6820085486161926,4.32597010349883,0.012071237104183782,0.028824450114328926,1225.8812772441054,0.031250019033895966,0.3386347970209298,1031.25,59.153018193418184,6.473339186995466
Normal,normal_0_97.mat,2.0816681711721685e-17,0.8148163664096468,0.9999999999999999,0.9999999999999998,0.9999999999999999,5.696127997421099,2.8738717632304476,2.571368686125952,0.01774332738756019,2.873871763230448,3.527017720438885,4.1090503388135975,0.01191354468629458,0.02888997274869031,1113.796257616235,0.031250009158597165,0.2966112662981025,1066.40625,41.31894359816508,5.420237506987613
Normal,normal_0_97.mat,5.204170427930421e-18,0.8130529353450737,1.0,1.0000000000000002,1.0,5.267612705401202,2.6569301789785693,2.5759521898782523,-0.08269735413963354,2.6569301789785693,3.267844027708875,3.8105479589577134,0.012182382915503177,0.028777647684624298,1139.2399928926413,0.03125001535616112,0.3026851586599712,1031.25,46.051365559679816,5.767364814992747
Normal,normal_0_97.mat,1.3877787807814457e-17,0.8107323563634872,1.0,1.0,1.0,5.630339659406963,3.1652073571731534,2.6909997126326903,-0.06178568205223586,3.1652073571731534,3.9041335063652634,4.5552583369947754,0.012047579895676227,0.028834331218528304,1168.43398680887,0.031250005410599496,0.35986102506765844,1031.25,57.28127476502172,6.230891756433887
Normal,normal_0_97.mat,-2.0816681711721685e-17,0.8240155684172856,0.9999999999999999,0.9999999999999999,0.9999999999999999,5.255118562689107,2.9644495535850255,2.467152502546056,-0.03565694698112028,2.964449553585026,3.5975649820293363,4.158236576495929,0.011712363040862876,0.028972122978782475,1207.8691870385692,0.03125001372637565,0.3023024364344591,1031.25,55.19128196220724,6.366060101986914
Normal,normal_0_97.mat,-1.5612511283791264e-17,0.823004512321736,0.9999999999999999,0.9999999999999999,0.9999999999999999,5.661079992157839,2.861912057378695,2.5212185900348127,-0.04176898035047659,2.8619120573786954,3.477395341740109,4.016476331979646,0.012017901388111561,0.02884670772237355,1124.4140044407434,0.031250000003110706,0.35224532233696887,1066.40625,61.270159404041976,6.4424010300698376
Normal,normal_0_97.mat,2.0816681711721685e-17,0.8242328999982116,0.9999999999999999,0.9999999999999999,0.9999999999999999,6.064291388013563,3.081236594952606,2.5318437276286567,0.0016960998404153555,3.0812365949526064,3.7383081832323017,4.322430508385308,0.011708150896395247,0.028973820144819376,1203.548310805213,0.03125000881915239,0.30959439268343075,1042.96875,63.26379440087501,6.805907068125049
Normal,normal_0_97.mat,6.938893903907228e-18,0.8152736102017021,1.0,1.0,1.0,6.208500030008995,3.387714508394326,2.6812510793839435,-0.021953865044575617,3.387714508394326,4.155309905782663,4.8442541763328,0.0127268630370267,0.02854101563227387,1093.8717272761617,0.031250001857358954,0.36078179723034637,1031.25,54.192772302723796,5.78863581395551
Normal,normal_0_97.mat,-4.336808689942018e-18,0.8144683700505234,0.9999999999999999,0.9999999999999998,0.9999999999999999,5.785206890471706,3.138522889188508,2.6059178550995363,0.0036834616656312136,3.1385228891885086,3.8534619693012977,4.513501439302783,0.011914691635667126,0.028889491547573063,1058.111113748452,0.03125000157840527,0.28834958548744405,1066.40625,45.21244708151656,5.70681142556646
Normal,normal_0_97.mat,1.0408340855860843e-17,0.8143216274391152,1.0,1.0,1.0,5.376117884254418,2.7745983999375183,2.556303611010895,-0.021927064039797918,2.7745983999375183,3.4072512708069618,3.9839394070100638,0.0126965102134718,0.02855454934682681,1168.0430970620037,0.03125001856001307,0.32991041166763785,1066.40625,48.146493166662495,5.615085572965092
Normal,normal_0_97.mat,-1.0408340855860843e-17,0.8073089388470402,1.0,1.0,1.0,5.834492934800805,3.0551264945187664,2.6937512764936677,-0.15051342966271947,3.0551264945187664,3.7843337878581536,4.443302979886306,0.012321579848680483,0.028718331282377683,1181.3710313825206,0.031250022105781004,0.2981147647170084,1042.96875,47.97793237457263,5.858893955591256
Normal,normal_0_97.mat,-2.2551405187698492e-17,0.8105040827274221,0.9999999999999999,0.9999999999999999,0.9999999999999999,5.5718712903750145,2.9523514337983037,2.6784835636550786,-0.14139826964818664,2.952351433798304,3.642611427524664,4.253158435392,0.012886044446610718,0.02846951678088022,1157.271583283347,0.03125001643546524,0.3250665971805844,1031.25,44.786128785546346,5.429296714172072
Normal,normal_0_97.mat,0.0,0.8140946011841617,0.9999999999999999,0.9999999999999998,0.9999999999999999,5.581357093644003,2.934703382456703,2.595492928378276,0.008329130256096946,2.9347033824567035,3.6048677612994324,4.194521833269897,0.011330792820795956,0.029123462590731865,1176.9585424503748,0.031250007027544165,0.3102728010937379,1066.40625,62.780926950726645,6.847705351787582
Normal,normal_0_97.mat,-8.673617379884035e-18,0.8069324714121522,1.0,1.0000000000000002,1.0,6.406385511777932,3.5652800545888903,2.822018651643372,0.07675360808873799,3.5652800545888903,4.418312784401352,5.169159027470381,0.012370232682208174,0.02869739026900357,1163.2784163956117,0.031250005837815,0.3367049827739978,1031.25,56.0190211945438,6.148816951362187
Normal,normal_0_97.mat,1.3877787807814457e-17,0.8008516547264122,1.0,1.0000000000000002,1.0,6.0495303746634965,3.3480808582017745,2.8230843228862743,0.13851552273070344,3.3480808582017745,4.180650484321656,4.927250888273299,0.012105606700563588,0.028810012056520493,1060.626210403859,0.03125000013256938,0.28409432925436107,1031.25,45.07976404862919,5.594543211893359
Normal,normal_0_97.mat,-3.469446951953614e-18,0.7979027564052188,1.0,1.0000000000000002,1.0,5.5532719271187725,2.8982052083610985,2.811320068420814,0.021732453276634894,2.8982052083610985,3.6322787270698824,4.294283884567458,0.011830427170462001,0.028924103234211178,1089.8198515047773,0.03125000407902231,0.30397221383262885,1031.25,47.38393051701328,5.789502307634037
Normal,normal_0_97.mat,1.9081958235744878e-17,0.8101042078710454,1.0,1.0,1.0,5.567992265628121,2.8830668665624555,2.6920626267207943,-0.08443602514002468,2.8830668665624555,3.558883954126294,4.157359402742214,0.011740682321120455,0.0289606446763987,1080.7360825975686,0.03125000098300944,0.2968718125355581,1066.40625,50.67248995637736,6.042296767565647
Normal,normal_0_97.mat,0.0,0.8246635119945182,1.0,1.0000000000000002,1.0,4.957501534846838,2.509446269343295,2.3943561242055713,-0.01599967109691921,2.509446269343295,3.042994182286528,3.5342436351500157,0.011805006844132491,0.028934485095348454,1081.9080853473668,0.031250001829167255,0.3434202831472207,1031.25,53.69881196068952,6.050588751841736
Normal,normal_0_97.mat,-1.0408340855860843e-17,0.814208079647865,0.9999999999999999,0.9999999999999999,0.9999999999999999,5.112724160828298,2.6104332828677723,2.5404219159565558,0.030630561687249497,2.6104332828677728,3.2061009318364326,3.746878736285047,0.0120915422187681,0.028815919454304877,1091.8692953634222,0.031250001715603756,0.2895159050434871,1031.25,44.25423367697641,5.641633621644197
Normal,normal_0_97.mat,-1.3877787807814457e-17,0.8063172268329213,0.9999999999999999,0.9999999999999999,0.9999999999999999,6.319040840018089,3.19511357353185,2.8609767465242535,-0.005610567052417812,3.1951135735318505,3.9626011539921078,4.637744312909657,0.011412131003438429,0.02909169067625081,1212.1729387118019,0.03125001120707477,0.3541118485126223,1066.40625,71.3925908529528,7.167057254618876
Normal,normal_0_97.mat,4.336808689942018e-18,0.8200696571097159,0.9999999999999999,0.9999999999999999,0.9999999999999999,6.131580436282109,3.0993019132019968,2.632289191492964,-0.05392240930581304,3.099301913201997,3.7793154353805654,4.37176251815625,0.01200105095796262,0.028853728934489044,1168.7576852111195,0.03125000636032872,0.345452863382319,1031.25,63.492443238664855,6.679536377434648
Normal,normal_0_97.mat,-1.734723475976807e-17,0.8116174456600864,1.0,1.0,1.0,5.2296846353091,2.638325187368318,2.535582928095396,0.02119962289019829,2.638325187368318,3.2507004395680217,3.818319558892433,0.012480231719390519,0.028649759623448564,1252.1962014925684,0.03125003856399324,0.34634343943896656,1031.25,55.42161640005721,6.219605786120406
Normal,normal_0_97.mat,-1.3877787807814457e-17,0.8012644114935346,0.9999999999999999,0.9999999999999998,0.9999999999999999,5.539476026233297,2.8159162984131605,2.66530675854853,-0.007066538787460388,2.815916298413161,3.5143409067231266,4.16882757705904,0.012086056087478021,0.028818223103903282,1158.540359106533,0.03125000375385593,0.29912442860952004,1031.25,46.2500819122764,5.789266912250139
Normal,normal_0_97.mat,-6.938893903907228e-18,0.8077010354045923,1.0,1.0,1.0,6.498274135956388,3.4384092581016956,2.8433163146068763,-0.042808724593528885,3.4384092581016956,4.257032128700112,4.999743788728941,0.011936565058923916,0.02888046763601465,1113.5476918242796,0.031250007940492,0.336174130919566,1031.25,56.67790613341171,6.222364328071568
Normal,normal_0_97.mat,-6.938893903907228e-18,0.8006461765200446,1.0,1.0,1.0,6.3556875391249275,3.3591461739629236,2.9680601980782066,-0.0408697064195188,3.3591461739629236,4.1955438900154745,4.953618154492908,0.012124304763336438,0.028802148101269097,1047.7326407298415,0.031250000019867226,0.28748387680307086,1031.25,41.993983092823264,5.468751903538686
Normal,normal_0_97.mat,-3.469446951953614e-18,0.804024984456565,0.9999999999999999,0.9999999999999999,0.9999999999999999,6.139747047248826,3.214031236151549,2.8118461904706176,-0.047045739701716355,3.2140312361515493,3.9974270679211426,4.72295055194298,0.012717305365984335,0.028545285662764184,1183.029665642318,0.03125001102944612,0.34355164977511043,1031.25,54.083036796336465,5.984481230154531
Normal,normal_0_97.mat,-1.734723475976807e-17,0.8181678923064926,1.0,1.0,1.0,5.64150372368929,3.045450843393308,2.48875780631349,-0.06799416041667308,3.045450843393308,3.7222810526185452,4.348327145543007,0.01171480386585424,0.02897113080289974,1208.930858180327,0.031250008793825314,0.3332583039499606,1066.40625,62.58539683714862,6.759160977223815
Normal,normal_0_97.mat,1.5612511283791264e-17,0.8183411754478346,1.0,1.0,1.0,5.396298906711694,2.917015335541872,2.4718499086012007,-0.02893921776499471,2.917015335541872,3.5645466989309744,4.149032035372052,0.012543336535826288,0.02862217607425737,1220.2423103147783,0.031250028074815965,0.3405509733244068,1031.25,65.76664088498113,6.751108279534194
Normal,normal_0_97.mat,4.5102810375396984e-17,0.8094946803885215,1.0,1.0,1.0,5.255816205827708,2.8065817543838922,2.6232961442932905,0.04970494428803744,2.8065817543838922,3.4670786879499413,4.071772528928339,0.011951261592699722,0.028874387351614187,1180.3487533802468,0.0312500063774105,0.3107186830965092,1031.25,51.16608942567318,6.05261265893867
Normal,normal_0_97.mat,1.3877787807814457e-17,0.7985679868469095,1.0,1.0000000000000002,1.0,5.473765973838105,2.93277708698442,2.8478361168045287,-0.15707264458066306,2.93277708698442,3.672545275154702,4.350477310891198,0.012498377757947333,0.028641827827472065,1234.267573558844,0.031250019966056114,0.3165668675236731,1031.25,49.165696883530586,5.825174842243887
Normal,normal_0_97.mat,3.469446951953614e-18,0.8126126932247761,0.9999999999999999,0.9999999999999999,0.9999999999999999,5.243287666058789,2.7973122250432456,2.648925919845943,-0.11486062899885048,2.797312225043246,3.442368361171394,4.029192919831227,0.011624984016834115,0.029007282964795968,1132.3726915353836,0.03125000349426206,0.33409781264269306,1066.40625,61.06830170289076,6.602739841147052
Normal,normal_0_97.mat,-2.0816681711721685e-17,0.8173569490635555,0.9999999999999999,0.9999999999999998,0.9999999999999999,5.28764401958556,2.7652510037535647,2.5323221076505744,-0.0502623776740467,2.765251003753565,3.383162040674773,3.953538590457167,0.011849356993519636,0.028916349444982843,1122.4652670500786,0.03125000042214771,0.34103594149691624,1031.25,63.157015815504515,6.685170923440206
Normal,normal_0_97.mat,-3.469446951953614e-18,0.7956015453638472,1.0,1.0,1.0,5.6233039739160215,2.8247450539520766,2.8265991595498723,-0.0428849268076564,2.8247450539520766,3.55045194471091,4.2272165839499705,0.012114903365967286,0.02880610502123438,1147.8870775470034,0.03125000112097774,0.3508116368383668,1031.25,58.12683885300608,6.284076056853853
Normal,normal_0_97.mat,1.0408340855860843e-17,0.8038228096091189,0.9999999999999999,0.9999999999999999,0.9999999999999999,5.814756933413304,2.9214882618834714,2.7274590168251756,-0.05104099582099857,2.921488261883472,3.634492859569544,4.299716983072959,0.011500902944636907,0.02905669856811753,1167.766139496982,0.031250000003526415,0.3283320457428451,1066.40625,60.447034055506826,6.639890935615913
Normal,normal_0_97.mat,8.673617379884035e-18,0.8195243292121468,1.0,1.0,1.0,5.415135110517401,2.86691942215634,2.4566698883928897,0.03901678926645109,2.86691942215634,3.4982724977945012,4.0806116849994485,0.012083331270992722,0.02881936306390888,1165.880766793099,0.03125000131222311,0.34266796462710963,1066.40625,65.27287251468304,6.731246619256607
Normal,normal_0_97.mat,1.734723475976807e-18,0.8270745474956004,1.0,1.0,1.0,5.774583497647891,2.9162882185762498,2.5379863310232382,0.06334029482836162,2.9162882185762498,3.5260282490941517,4.0427209543228315,0.011915326616562173,0.02888922927896134,1169.012935579863,0.03125000122738801,0.32067443153465086,1031.25,55.65272624120234,6.3159988245834064
Normal,normal_0_97.mat,1.734723475976807e-17,0.8204083255941257,1.0,1.0,1.0,5.894434674267421,3.2821603048668977,2.6524999084486987,-0.08951341505372058,3.2821603048668977,4.000642366092535,4.630703186553584,0.012024436047303303,0.028843985869624052,1151.4126134225442,0.03125000132964412,0.3600692154831211,1031.25,64.80953487343967,6.66160390557372
Normal,normal_0_97.mat,5.204170427930421e-18,0.8118373733935356,1.0,1.0000000000000002,1.0,5.817322748988971,3.1273563897693712,2.607831514297668,-0.06655239013759495,3.1273563897693712,3.8521956394995813,4.516906603512384,0.011273588376679418,0.029145649022057605,1143.6853746094946,0.0312500024288602,0.34296773748074705,1066.40625,60.59159217080998,6.69364489497388
Normal,normal_0_97.mat,8.673617379884035e-18,0.814540926568193,0.9999999999999999,0.9999999999999999,0.9999999999999999,5.405040541349974,2.8262485736178515,2.632840431092156,0.0008084788578474336,2.826248573617852,3.4697440993239512,4.034171782064747,0.012549956117684793,0.028619259594203153,1201.5125593969485,0.0312500146924158,0.3281358895966098,1031.25,62.30828454540705,6.526258825031239
Normal,normal_0_97.mat,-1.3877787807814457e-17,0.8064784666067835,1.0,1.0,1.0,5.640865357299525,2.8510669064809058,2.804231714579229,0.06881004646223363,2.8510669064809058,3.535205246677723,4.12646333221323,0.012242313889482477,0.028752187797694187,1112.1016130971952,0.03125000084035983,0.2951982660166918,1042.96875,47.89818067388871,5.787165661137854
Normal,normal_0_97.mat,-1.214306433183765e-17,0.8148019420794206,0.9999999999999998,0.9999999999999996,0.9999999999999998,5.519906493879599,2.8487026238483546,2.6671726032006413,-0.05895372414526477,2.848702623848355,3.496190272421669,4.0564892656007645,0.012384568886527877,0.02869120631767677,1162.6607641803091,0.03125000586349785,0.33281710309144796,1031.25,52.43311193933847,5.941294870343367
Normal,normal_0_97.mat,-1.214306433183765e-17,0.8232039864660161,0.9999999999999999,0.9999999999999999,0.9999999999999999,5.642326591211696,2.8807725626143537,2.5505096874712296,-0.1296340295861503,2.880772562614354,3.499463814529619,4.042520970444094,0.01162487531860858,0.02900732949485233,1181.1288192168236,0.031250006249537374,0.3418184260551609,1066.40625,64.51487225741012,6.824520046934507
Normal,normal_0_97.mat,-2.2551405187698492e-17,0.8172601735875116,1.0,1.0,1.0,5.803523350741701,2.975418417950056,2.638704763085596,-0.08504161761187722,2.975418417950056,3.640723620348362,4.232028008461849,0.012541666728414443,0.028622907173991952,1220.871130207138,0.03125002751066913,0.3127462834202562,1031.25,52.84853508596594,6.04229715111264
Normal,normal_0_97.mat,-1.734723475976807e-18,0.8152886241928157,1.0,1.0,1.0,5.322739123910492,2.674152418813955,2.606663057046644,-0.06592148522517681,2.674152418813955,3.280007029978525,3.8177501086612873,0.012834966079178514,0.028492607234446434,1222.8612929524345,0.03125004034029544,0.2924067205492647,1042.96875,47.47664449221934,5.833984470734521
Normal,normal_0_97.mat,-6.938893903907228e-18,0.8134660765595048,1.0,1.0,1.0,5.916439581758029,3.0718742319330943,2.677306130855281,0.07083174271465917,3.0718742319330943,3.776278225301492,4.401257136457279,0.01150622968329372,0.02905459032522733,1090.0569873626669,0.03125000064786404,0.3212736658851549,1031.25,53.89051899927988,6.21696261963038
Normal,normal_0_97.mat,1.9949319973733282e-17,0.8143222175047258,1.0,1.0,1.0,5.780923487681902,2.9849493898498016,2.6530072401699325,0.1354224797039511,2.9849493898498016,3.6655629991238436,4.282722200568001,0.012485984504135478,0.028647250898375845,1233.9426051957576,0.031250036689130574,0.2908171840496728,1066.40625,44.67286354147676,5.692474030390621
Normal,normal_0_97.mat,3.469446951953614e-18,0.8050808082288172,1.0,1.0000000000000002,1.0,5.889880231849513,2.9742443173609057,2.8183499916639096,0.08606493315822376,2.9742443173609057,3.694342588918821,4.3463163861938945,0.012481834348535888,0.028649035783764043,1180.4659416543611,0.03125001504069531,0.320011727879159,1031.25,49.8204705693505,5.821294275960021
Normal,normal_0_97.mat,-6.938893903907228e-18,0.8079031839782584,0.9999999999999999,0.9999999999999999,0.9999999999999999,5.936199189338246,2.979213000200608,2.781941519663983,-0.013641278512597462,2.9792130002006085,3.687586655532703,4.315290378915909,0.01206051263911692,0.0288289285479778,1180.7116158643184,0.03125000938148193,0.3232349160175366,1031.25,61.943560430984625,6.61768643701982
Normal,normal_0_97.mat,-3.469446951953614e-17,0.8089212856878281,0.9999999999999999,0.9999999999999998,0.9999999999999999,5.670912186239141,2.8576976908410985,2.6881314930950158,-0.0520808005726115,2.857697690841099,3.5327265352044606,4.149260061726385,0.01126853433964399,0.02914760408529259,1149.3833902774547,0.03125000304122707,0.3286769839627498,1031.25,60.08426551880354,6.4729682984641554
Normal,normal_0_97.mat,-1.5612511283791264e-17,0.8040749071402311,1.0,1.0,1.0,5.6068901347744315,2.8796132387986444,2.7298079692130806,-0.18011070852017946,2.8796132387986444,3.581274845449739,4.23844855820698,0.01238504198912001,0.028691006047174287,1138.5107216518988,0.031250009489138676,0.2965294442535303,1031.25,47.32396305466277,5.7149376216766905
Normal,normal_0_97.mat,-1.0408340855860843e-17,0.8179760989216808,1.0,1.0,1.0,5.744817131204462,2.929000411790626,2.651594794592669,-0.03855310927464144,2.929000411790626,3.5807897268048055,4.156262576904398,0.012509192136883302,0.02863708891827622,1133.5622854533092,0.031250003994091294,0.3373678836535445,1031.25,50.25388318369354,5.740518877277245
Normal,normal_0_97.mat,1.734723475976807e-18,0.8124607887016793,0.9999999999999999,0.9999999999999998,0.9999999999999999,5.970360519361804,3.189486274923868,2.7787803036652283,0.14114252841403913,3.1894862749238686,3.9257110241845643,4.582446311702257,0.011673510934918993,0.028987786065396003,1104.8320389324297,0.0312500015763334,0.32151331098868274,1066.40625,54.8610900679808,6.262507618108789
Normal,normal_0_97.mat,-6.938893903907228e-18,0.8006177460754249,0.9999999999999998,0.9999999999999996,0.9999999999999998,5.967671825271768,3.1658807882910764,2.892772702426911,0.0910121904576445,3.1658807882910773,3.9542975456265044,4.6792917680614385,0.01216272801701334,0.02878594741658466,1120.8313272296245,0.03125000354377929,0.3600549117752147,1066.40625,66.16510577601254,6.601634917625752
Normal,normal_0_97.mat,-2.949029909160572e-17,0.8029957542122553,0.9999999999999999,0.9999999999999998,0.9999999999999999,6.043516166181582,3.0742381836493298,2.8767580667600647,-0.053816736245090625,3.07423818364933,3.8284613181612395,4.494994211116744,0.011694087078246238,0.028979494062146206,1177.617066199395,0.03125000397906491,0.3235933987673737,1066.40625,58.912285775059544,6.544174145944005
Normal,normal_0_97.mat,1.6479873021779667e-17,0.7996557025274295,1.0,1.0000000000000002,1.0,6.018323064758972,3.1854521711002226,2.9755877704488345,0.0957994550147098,3.1854521711002226,3.983529612847295,4.686887072716361,0.012329613053993022,0.028714865060026913,1124.6571305400273,0.03125000533562753,0.31749843757206436,1031.25,47.26103851435633,5.658784577290123
Normal,normal_0_97.mat,0.0,0.7970111598038356,0.9999999999999999,0.9999999999999999,0.9999999999999999,6.4389682693153105,3.2947625386220847,3.030259115601362,0.09108744765504323,3.294762538622085,4.133897622503816,4.882024137447974,0.0116648704505487,0.028991262528569553,1073.5082724546953,0.0312500000900564,0.32572539993434774,1066.40625,49.72918975067166,5.9691608881394655
Normal,normal_0_97.mat,-6.938893903907228e-18,0.8071638964502885,0.9999999999999999,0.9999999999999998,0.9999999999999999,6.300179592441738,3.3494911148253745,2.8190600180054766,-0.10912328001429535,3.349491114825375,4.149703832834478,4.857431686567811,0.012799763390397564,0.028508396588301555,1114.768337531504,0.031250001902176666,0.326864700434618,1066.40625,54.32014569284639,6.002868391240787
Normal,normal_0_97.mat,-1.734723475976807e-18,0.8068379206573962,1.0,1.0,1.0,6.230110496479355,3.38834574257035,2.8395477853075284,0.07207129931867712,3.38834574257035,4.199537051765725,4.904041253504519,0.012134470468167124,0.028797874994440267,1182.1224604834508,0.031250007643810716,0.3206639215848743,1031.25,56.30536161478384,6.396459958446417
Normal,normal_0_97.mat,6.071532165918825e-18,0.7991646651178896,0.9999999999999999,0.9999999999999998,0.9999999999999999,6.233337368246977,3.262331048322834,3.0133799876071072,0.04548415360972638,3.2623310483228343,4.082176290716742,4.794876934271587,0.011996992198423847,0.0288554102772618,1113.0695410285489,0.03125000038525037,0.34003662835165493,1031.25,58.5577087942897,6.316439615118826
Normal,normal_0_97.mat,1.9081958235744878e-17,0.8051590491712552,0.9999999999999999,0.9999999999999998,0.9999999999999999,6.083654934794989,3.1706746167320885,2.8143183151597477,-0.07070584023311162,3.170674616732089,3.937948185511474,4.630188435914971,0.011566016351014,0.029030842070840147,1107.2822078417928,0.03125000040918377,0.3494260914099655,1066.40625,58.97078264643511,6.4361724284107575
Normal,normal_0_97.mat,2.0816681711721685e-17,0.8030341929298732,1.0,1.0,1.0,6.363383532476066,3.297368482864586,2.8844810343251153,-0.06013162398116982,3.297368482864586,4.1061370884272375,4.838412782553508,0.012070364044975584,0.02882480147781536,1173.7068683124367,0.031250005894618745,0.35891907502747694,1031.25,64.25280323373066,6.570792217037131
Normal,normal_0_97.mat,1.0408340855860843e-17,0.8119045839073809,0.9999999999999999,0.9999999999999998,0.9999999999999999,6.053187436998061,3.118829877281193,2.8407406658868877,-0.03803624684132005,3.1188298772811933,3.8413748845602993,4.4579813651707445,0.011930042782789994,0.02888315534270963,1109.8574658102766,0.0312500013336047,0.29630111131727477,1031.25,47.87164149540962,5.865177817936362
Normal,normal_0_97.mat,1.9081958235744878e-17,0.8140314171687122,1.0,1.0,1.0,5.4765068629031255,3.055518455506363,2.705266442833102,-0.15507230694610982,3.055518455506363,3.7535633036545213,4.367013818592525,0.01200106273322537,0.028853729852615504,1105.0012516907348,0.03125001173015021,0.3246130956046575,1066.40625,47.365277968787666,5.766220217862275
Normal,normal_0_97.mat,8.673617379884035e-18,0.7995088429358568,1.0,1.0,1.0,5.611789423939921,3.09215363386188,2.862226223718021,-0.16213035534603154,3.09215363386188,3.867566520599395,4.5663579511823364,0.011730696904201358,0.028964696789974344,1121.1747199360957,0.031250006559893545,0.317745144722678,1031.25,61.424088669781796,6.70198595041081
Normal,normal_0_97.mat,6.071532165918825e-18,0.8009137619669169,1.0,1.0,1.0,5.51515967229769,2.772997273946723,2.817634869947278,-0.031422604483863754,2.772997273946723,3.462291954050936,4.08550428173741,0.012334488592866783,0.02871276976532259,1073.4018123170886,0.03125000410310347,0.26785216186859334,1031.25,36.566407892921724,5.108902037539262
Normal,normal_0_97.mat,1.734723475976807e-17,0.8065960209874816,1.0,1.0000000000000002,1.0,5.85997988051188,3.008455482671821,2.7575763203789174,-0.08446487873360942,3.008455482671821,3.7298169150260563,4.387925317970084,0.011832954194889769,0.02892306531664775,1091.8823429962029,0.031250000196630906,0.3651055615200412,1031.25,62.72965923064734,6.5503234653446905
Normal,normal_0_97.mat,4.336808689942018e-18,0.8153008409779101,1.0,1.0,1.0,5.962425654348342,3.042439362320683,2.6621380663290006,-0.11120608327262137,3.042439362320683,3.731676958251924,4.342129032149988,0.010857539287771292,0.029303185345975754,1214.0184432779338,0.03125000529289723,0.3632485565168454,1066.40625,72.82467949655411,7.374863744917452
Normal,normal_0_97.mat,-1.0408340855860843e-17,0.8220798263256914,1.0000000000000002,1.0000000000000004,1.0000000000000002,5.49657720515291,2.75400151535658,2.527021256615534,-0.03100466272145276,2.7540015153565798,3.3500414767087356,3.880715081227514,0.012615544317802024,0.028590423015563055,1299.5146291578992,0.03125002794627974,0.34108132506783806,1066.40625,64.1227849942888,6.751549620871396
Normal,normal_0_97.mat,-2.6020852139652106e-17,0.80749635496996,1.0,1.0,1.0,6.00723461193245,3.058513436183244,2.8720071415660993,0.043568949243812986,3.058513436183244,3.787649835641704,4.42930439592369,0.013408027554946897,0.02822746484596696,1288.3704601182596,0.03125003959268717,0.32658794436752725,1031.25,48.320301386536855,5.660609747694621
Normal,normal_0_97.mat,6.938893903907228e-18,0.7948617301027135,0.9999999999999999,0.9999999999999999,0.9999999999999999,6.048230422854585,3.3396306766991617,3.059653484073571,-0.06885456647013216,3.339630676699162,4.201524051570087,4.959792873565773,0.012406319259566874,0.028681819950826585,1184.085005980028,0.031250016852186396,0.3225729213877238,1031.25,49.433479720215125,5.9256358853912525
Normal,normal_0_97.mat,1.0408340855860843e-17,0.7935412337045571,1.0,1.0,1.0,6.351640720586381,3.2920466071092327,3.0672493116670134,-0.007251508826849912,3.2920466071092327,4.148551413945671,4.906186127820003,0.01279270171802692,0.028511627172120108,1298.973875763642,0.031250057619921064,0.30768279956681427,1066.40625,48.158053843593365,5.877126548251438
Normal,normal_0_97.mat,1.3010426069826053e-17,0.7912121489215082,1.0,1.0,1.0,5.731085938459471,3.1325888234038897,2.952384268000884,0.07136228146158438,3.1325888234038897,3.959227405284264,4.698424722630177,0.012722969074663002,0.02854277693673301,1186.1455749764848,0.03125002491734893,0.3190167214617154,1066.40625,48.10575934268199,5.777820581904827
Normal,normal_0_97.mat,-1.0408340855860843e-17,0.8003083411655736,1.0,1.0,1.0,5.363433569747614,2.778061495959025,2.7805290918154846,-0.028980391245085578,2.778061495959025,3.471238962614135,4.089333261210213,0.012663013668521992,0.0285694555398717,1269.9614964131908,0.03125005128018001,0.28325840969411836,1042.96875,46.68553137042083,5.823548024426823
Normal,normal_0_97.mat,2.2551405187698492e-17,0.8103210560918604,0.9999999999999999,0.9999999999999999,0.9999999999999999,6.047870162333767,3.2800269475611032,2.781188992268952,-0.11593526124424892,3.2800269475611037,4.047811571601651,4.713837926726256,0.011489186019011572,0.02906135033112744,1237.733355443001,0.03125001565516363,0.37778920117956616,1031.25,80.62528528554685,7.595021354131893
Normal,normal_0_97.mat,-1.474514954580286e-17,0.8174229360943609,1.0,1.0,1.0,5.986202376466316,3.25578701961266,2.7144306976128805,0.00023402235418863715,3.25578701961266,3.9829895588308055,4.609900576013254,0.011983852518804104,0.028860873999259396,1138.419850731837,0.031250004307096894,0.3284392590971206,1031.25,61.99577806059528,6.584464638647026
Normal,normal_0_97.mat,3.469446951953614e-18,0.8155245558358234,0.9999999999999999,0.9999999999999998,0.9999999999999999,6.033093732210519,3.2286111730503797,2.7166662647055566,0.04743194617231237,3.22861117305038,3.9589380233209615,4.5957680627083795,0.012275441745172347,0.028738062204749795,1093.321214527368,0.03125000302917087,0.28109428965991157,1031.25,37.342817722692615,5.154996356223645
Normal,normal_0_97.mat,3.469446951953614e-17,0.8022642117007962,1.0,1.0,1.0,5.4898869047276,3.1261409801088824,2.8290545729431757,-0.22749651132085957,3.1261409801088824,3.8966476810444766,4.593272246638853,0.011736543459421983,0.028962321552130566,1104.7378918417478,0.03125000035302252,0.34325570576136916,1031.25,60.343386375101694,6.454710488366595
Normal,normal_0_97.mat,0.0,0.8001030204008396,1.0,1.0000000000000002,1.0,5.523775478786048,2.938472047376537,2.7477967718328378,-0.10257843691732338,2.938472047376537,3.672617116111381,4.350779026383737,0.011758290987731769,0.0289535083588536,1144.325368858725,0.03125000885181281,0.3432719235403937,1066.40625,55.59610768478341,6.22414726096203
Normal,normal_0_97.mat,-2.949029909160572e-17,0.8123536865795474,1.0,1.0,1.0,4.992911776035673,2.528670709243844,2.525999322642896,-0.04390085951939546,2.528670709243844,3.1127706453711417,3.650839254593809,0.012047848299882358,0.028834221459942046,1126.9823494540533,0.03125000761372644,0.29446514167124843,1031.25,46.35695274390403,5.7918708468974955
Normal,normal_0_97.mat,2.42861286636753e-17,0.8171644991787573,0.9999999999999999,0.9999999999999999,0.9999999999999999,5.311615131591227,2.729848445059421,2.493088457636736,-0.10146183943336348,2.7298484450594214,3.3406351448244425,3.9058617368621302,0.012915816707194622,0.028456046841553877,1238.9393274279892,0.03125003876897685,0.31735591415124625,1031.25,45.8617809674011,5.616570519522596
Normal,normal_0_97.mat,-8.673617379884035e-19,0.8319010587257331,1.0,1.0000000000000002,1.0,4.996920154082412,2.690200474106964,2.340726314243685,-0.1508518076019295,2.690200474106964,3.233798594063201,3.731676084909133,0.011787076993913907,0.02894179458105467,1141.350346464362,0.03125000252211862,0.3257696212645418,1066.40625,63.37440595500439,6.76759149160383
Normal,normal_0_97.mat,1.5612511283791264e-17,0.831429649976738,1.0,1.0,1.0,5.204457160093798,2.651977588542408,2.3821991652660524,-0.07543698178387616,2.651977588542408,3.189659628588668,3.6750829639667066,0.012883720276285223,0.028470606295059844,1317.7600119698293,0.03125005073541264,0.34400327960763305,1066.40625,66.59392829071726,6.791663333009034
Normal,normal_0_97.mat,1.7780915628762273e-17,0.8188611355223951,0.9999999999999999,0.9999999999999999,0.9999999999999999,5.785293500151263,3.0784221131524894,2.5998856336084804,0.007367686417113428,3.07842211315249,3.7593945781644647,4.366785055899075,0.011553720679026514,0.029035739783696828,1148.6513466411277,0.03125000234104822,0.32080324665630955,1031.25,55.23207268760447,6.360164900675547
Normal,normal_0_97.mat,5.637851296924623e-18,0.8148798741380381,1.0,1.0,1.0,5.966468069579034,3.1729754622331923,2.6919990514065675,-0.0017606206507447542,3.1729754622331923,3.893795346939321,4.536149907081314,0.012988347670201924,0.028422993447122874,1204.749444887409,0.03125001970714946,0.29341376157197424,1031.25,38.63765880300977,5.190088678784164
Normal,normal_0_97.mat,1.1275702593849246e-17,0.8250884426638622,0.9999999999999999,0.9999999999999999,0.9999999999999999,5.055391198449801,2.6835829158700126,2.480436129646368,-1.4518441814465049e-05,2.683582915870013,3.2524791005505502,3.752836086903622,0.011123306063424605,0.029203331364731352,1080.8754134718663,0.03125000000926272,0.3048952417335008,1066.40625,53.86636386277975,6.445867946646597
Normal,normal_0_97.mat,-5.204170427930421e-18,0.8261554740195187,0.9999999999999999,0.9999999999999999,0.9999999999999999,4.9418020843701544,2.6052487742956325,2.407633832546174,0.05284736884237565,2.605248774295633,3.153460645391888,3.6387091400583484,0.011856028035641418,0.028913614511586253,1081.5499487047032,0.03125000007850442,0.32388285461851174,1031.25,59.338725625852625,6.408757964423666
Normal,normal_0_97.mat,-1.734723475976807e-17,0.8044594984089873,1.0,1.0,1.0,6.072977375414868,3.2357157669823273,2.8166288662258587,0.13261514966809523,3.2357157669823273,4.022223335521224,4.71468120797801,0.011813213338303244,0.02893114008197414,1134.4862856398183,0.031250006013104646,0.29515873355923733,1031.25,50.0122847878421,6.030820570383253
Normal,normal_0_97.mat,5.204170427930421e-18,0.8002940426677645,1.0,1.0,1.0,6.051719977826046,3.2339454268567644,2.842932521864923,-0.006579899970038189,3.2339454268567644,4.040946520202088,4.767205752116296,0.012626029557624444,0.028585790019986852,1211.9760939596836,0.031250024215299196,0.3054869159344201,1031.25,43.883226075096985,5.535756898216807
Normal,normal_0_97.mat,2.3418766925686896e-17,0.8083773309260929,1.0,1.0,1.0,5.800520539473702,2.9517735634268956,2.6346652179205483,0.007911660639418255,2.9517735634268956,3.651479885074568,4.29166526689431,0.011990004078016212,0.02885833266567491,1207.0957632294342,0.03125001699253306,0.3169779367497256,1066.40625,66.70998820942359,7.01559789943761
Normal,normal_0_97.mat,0.0,0.8092954564537344,0.9999999999999999,0.9999999999999998,0.9999999999999999,5.881684891233142,3.023062800219406,2.6112945192822066,0.004510452383086609,3.0230628002194067,3.7354253951532326,4.387873240859984,0.01252524842316044,0.028630090832473403,1217.2507858535027,0.03125002318619236,0.3242556427521918,1031.25,53.72216343157122,6.0314685444653575
Normal,normal_0_97.mat,-2.0816681711721685e-17,0.8113534479631745,1.0,1.0,1.0,5.338759370373193,2.9714447347496264,2.566850292020365,-0.10029152655531329,2.9714447347496264,3.662330815514687,4.284217798270212,0.012253135628581453,0.02874758897708129,1108.3254133125422,0.03125001127563985,0.27356915639482055,1031.25,42.69762679460182,5.569349826707509
Normal,normal_0_97.mat,6.938893903907228e-18,0.8172960356047616,0.9999999999999999,0.9999999999999999,0.9999999999999999,5.20514118305535,2.805391408032152,2.4997293166866292,-0.11330967165580656,2.8053914080321523,3.4325278550461715,4.000304260901326,0.011552186670248786,0.029036355895133502,1154.937906514206,0.0312500076885291,0.32308054637669154,1066.40625,51.95927151499423,6.158055506162948
Normal,normal_0_97.mat,-1.734723475976807e-18,0.8165164803406315,0.9999999999999999,0.9999999999999999,0.9999999999999999,5.204933278998197,2.752290478508539,2.4874335501473617,-0.08087760434498698,2.7522904785085394,3.3707714966884046,3.948101223018678,0.011602630372124993,0.029016233711948988,1137.221806949545,0.03125000560605713,0.34220059859790547,1031.25,63.27491612017935,6.684069678469039
Normal,normal_0_97.mat,-2.0816681711721685e-17,0.8173942761279158,1.0,1.0,1.0,5.334473048190612,2.8523261523059515,2.523690385095752,0.019720289182939096,2.8523261523059515,3.4895352654262832,4.078057525132411,0.011958547212381014,0.028871366913760122,1108.7282651333242,0.0312500028623952,0.3183111249475596,1031.25,48.09007275362719,5.801252386511809
Normal,normal_0_97.mat,-1.734723475976807e-17,0.8199040562475338,0.9999999999999999,0.9999999999999999,0.9999999999999999,4.923985674491217,2.545694115094462,2.4455361183718836,-0.023978741229850935,2.5456941150944625,3.1048683022076697,3.6136708906534842,0.012251178510472534,0.028748421219156516,1117.9055083688334,0.03125000955983074,0.2816461861982297,1031.25,42.495491869987994,5.515538607711845
Normal,normal_0_97.mat,-3.469446951953614e-18,0.8212187335010375,1.0000000000000002,1.0000000000000004,1.0000000000000002,4.9927192456017195,2.5417613339551433,2.410658819212347,-0.08550593869118908,2.541761333955143,3.095108806297016,3.596458569943577,0.012118431838365218,0.02880462146531295,1081.4189272787507,0.031250001727697096,0.3273872273558058,1031.25,54.815535132715944,6.11135873324989
Normal,normal_0_97.mat,3.469446951953614e-18,0.8128778671439696,0.9999999999999999,0.9999999999999998,0.9999999999999999,5.47094873424593,2.9444470233658255,2.6560877912856626,-0.22858438709910972,2.944447023365826,3.622250208030737,4.227043557110142,0.012398496643898626,0.02868520353693672,1182.9180818736954,0.03125001793574289,0.30756529711572006,1066.40625,50.80264307751143,6.051859526161101
Normal,normal_0_97.mat,1.3877787807814457e-17,0.8147957896025124,1.0,1.0,1.0,5.595817767937522,3.0219275598548987,2.657707200388934,-0.09115170222729607,3.0219275598548987,3.708815875606214,4.321734096322264,0.012728305890307375,0.02854037041484323,1107.4279210925197,0.03125000022805907,0.31582155109824606,1031.25,40.84809727707003,5.196967837324181
Normal,normal_0_97.mat,-2.2551405187698492e-17,0.8227927599588387,1.0,1.0000000000000002,1.0,5.433954318309977,2.770865594928795,2.465633772877624,0.04435898668565428,2.770865594928795,3.36763487693719,3.9090330066949424,0.011448189754095691,0.029077510083570055,1092.0836188112585,0.03125000226089431,0.3113833495659635,1031.25,48.967266443665864,5.959607471126007
Normal,normal_0_97.mat,6.938893903907228e-18,0.813907848425856,1.0,1.0,1.0,5.450171287004963,2.7893469663716757,2.5562404254972444,0.04674463409636147,2.7893469663716757,3.4271041516142535,4.01263607543378,0.011934349395627819,0.028881377024421513,1062.9546387710286,0.0312500021491792,0.326187423499997,1066.40625,57.92704023202387,6.3051684952316185
Normal,normal_0_97.mat,-1.734723475976807e-18,0.8106141429700484,0.9999999999999999,0.9999999999999999,0.9999999999999999,5.745091105307652,2.9605664473725897,2.6328201324020006,-0.06850649324472108,2.96056644737259,3.652251164191667,4.287528248468648,0.011957487609009167,0.028871813347516692,1188.6321214678856,0.03125000985429366,0.31126504158659324,1066.40625,53.66360197860993,6.220743993830481
Normal,normal_0_97.mat,6.5052130349130266e-18,0.804405484763959,0.9999999999999998,0.9999999999999997,0.9999999999999998,6.375632114035745,3.717022908734768,2.8613017883605494,-0.23722546344734494,3.717022908734769,4.620832377622927,5.443267834058574,0.012500966456442126,0.028640696934247544,1181.3038174155677,0.03125001893158639,0.3037988038162146,1031.25,44.421906717525566,5.5209394461183825
Normal,normal_0_97.mat,-1.0408340855860843e-17,0.8153850773261961,1.0,1.0,1.0,6.072004671447433,3.512174703737879,2.6319568929752117,-0.16666095391014568,3.512174703737879,4.307381630351848,5.024486389920779,0.011751804249696794,0.028956143900368003,1162.3675154272669,0.031250010763230314,0.33349167858592155,1066.40625,59.51395471812018,6.561563540700031
Normal,normal_0_97.mat,-1.3877787807814457e-17,0.8202036446483909,1.0,1.0,1.0,5.358727284452765,2.7711074406833096,2.532855364602209,-0.09570403894399417,2.7711074406833096,3.378560262154458,3.9156284298543476,0.013048439417066963,0.028395489012731624,1247.5668763090616,0.03125004907984993,0.321876367594873,1066.40625,55.509122168494564,6.14040843668203
Normal,normal_0_97.mat,-1.3877787807814457e-17,0.805845775855656,1.0,1.0,1.0,5.536788233693082,2.824937241698618,2.7406769645023625,0.024113397347988706,2.824937241698618,3.5055556861349406,4.11794765133712,0.011872722079276794,0.0289067653473507,1071.8377999731406,0.03125000179869662,0.2716202697827738,1031.25,40.37666299243796,5.459944669815793
Normal,normal_0_97.mat,-3.209238430557093e-17,0.7968176422219052,1.0,1.0,1.0,6.134950906905242,3.162983194813746,2.8251118422858355,0.02774844842736212,3.162983194813746,3.969519532717486,4.72319106516986,0.01168277429405967,0.02898406168862756,1085.6051231600827,0.031250008754816525,0.30980310040768333,1031.25,47.74893099013677,5.817015122480063
Normal,normal_0_97.mat,-1.3010426069826053e-17,0.8089017507571726,0.9999999999999999,0.9999999999999999,0.9999999999999999,5.9778255605818975,3.080427061924444,2.641263885294649,-0.020636049012200904,3.0804270619244445,3.8081597166046555,4.474870004372028,0.011374952416678793,0.02910624670200276,1145.2600112638306,0.031250010232951174,0.32652225684269875,1066.40625,54.0117046411071,6.3573119930568565
Normal,normal_0_97.mat,-3.122502256758253e-17,0.8114452714303305,0.9999999999999999,0.9999999999999999,0.9999999999999999,5.4482073065159495,2.754225198455131,2.6221469077302593,-0.028729594675124346,2.7542251984551314,3.3942217613767984,3.9740279783702057,0.012032840639191161,0.02884047932349282,1072.407782005391,0.0312500000233118,0.2995650332931426,1031.25,46.08194315469498,5.675918146238564
Normal,normal_0_97.mat,1.3877787807814457e-17,0.8083567443942307,0.9999999999999999,0.9999999999999999,0.9999999999999999,5.802849664094645,3.026294082612444,2.763265888845653,-0.0857092957112426,3.0262940826124445,3.743760540873942,4.385393460626696,0.012259084806290739,0.028745055526828024,1206.0965774872286,0.03125001404044892,0.3070935108635632,1031.25,52.40639791887371,6.093035534801125
Normal,normal_0_97.mat,2.7755575615628914e-17,0.8206315144553021,0.9999999999999999,0.9999999999999999,0.9999999999999999,5.6225812987781545,2.9436370871424904,2.522977491374589,-0.1629674065112043,2.943637087142491,3.5870388052259274,4.167978811824992,0.011463190192026457,0.02907160278461372,1165.7764098734667,0.03125000508551849,0.33913785224651755,1066.40625,69.85558884460902,7.108781137057244
Normal,normal_0_97.mat,-1.214306433183765e-17,0.8165598989047966,1.0,1.0,1.0,5.521564617050113,2.9479767650875788,2.542371179279641,-0.038708564093194606,2.9479767650875788,3.61023945584583,4.210357523796554,0.011362524234297053,0.029111097908582555,1160.6901074192228,0.03125000765468815,0.3251769049498646,1031.25,62.86685464495803,6.784940133930114
Normal,normal_0_97.mat,-5.204170427930421e-18,0.813413411455122,0.9999999999999999,0.9999999999999998,0.9999999999999999,5.4169370971353965,2.892176586778729,2.564188781435742,-0.032681577017735414,2.8921765867787292,3.5556047466747445,4.161416005400572,0.011943763033737268,0.028877488600994563,1083.7290841941194,0.03125000517290581,0.3429033175992323,1031.25,53.88171036551461,6.0708289426347655
Normal,normal_0_97.mat,-1.0408340855860843e-17,0.8178788834769264,1.0,1.0,1.0,5.751511789437236,2.886631170456689,2.5393830828672437,-0.07854861943485278,2.886631170456689,3.5294115409670255,4.1050602261936335,0.012056131931029463,0.028830755709065587,1071.7546977085428,0.03125000467030695,0.33353300307118355,1031.25,49.59077945210985,5.860053883572995
Normal,normal_0_97.mat,-6.071532165918825e-18,0.8131720756508729,1.0,1.0,1.0,5.9110939544372965,3.122546848915698,2.6843137227614764,0.007958215914961764,3.122546848915698,3.83995828486409,4.470705962870253,0.01090357143259719,0.029286084051419504,1099.7485813860314,0.031250001424840884,0.33538732974850843,1066.40625,61.39380959059484,6.829722742272006
Normal,normal_0_97.mat,-8.673617379884035e-18,0.8094000948330413,0.9999999999999999,0.9999999999999999,0.9999999999999999,6.20655365256884,3.313052528326482,2.824906386255188,-0.06135847287650339,3.3130525283264824,4.093219842048425,4.774574339646633,0.01197344097144561,0.02886519032829998,1092.1833550101608,0.03125000002217079,0.316926939934937,1066.40625,52.26831234414262,5.938621111169892
Normal,normal_0_97.mat,2.3418766925686896e-17,0.8060439789610181,0.9999999999999999,0.9999999999999998,0.9999999999999999,5.580885667421813,2.87813782426695,2.759977140624029,-0.13218543362883514,2.8781378242669504,3.5706957677133677,4.186976265618129,0.01226367198662447,0.028743083584747545,1084.7604066685863,0.03125000007288482,0.29427360257812496,1031.25,41.37319039683513,5.42390354972331
Normal,normal_0_97.mat,-1.3877787807814457e-17,0.8141080929965765,0.9999999999999999,0.9999999999999998,0.9999999999999999,5.235890368721457,2.6426538464158593,2.54338659345473,-0.08812531183760214,2.6426538464158598,3.2460724431429675,3.7982817021623987,0.012004699729415617,0.028852207811743837,1114.8023613829005,0.03125000337928755,0.33657432430058837,1031.25,52.25533071336817,6.02791495352223
Normal,normal_0_97.mat,-2.6020852139652106e-17,0.8254733356282203,1.0,1.0,1.0,5.523074465551538,2.857863669001521,2.505952864146585,-0.026364214785345806,2.857863669001521,3.4620908340141177,3.9959298879217426,0.01220692507143375,0.028767235397480856,1084.8560857328735,0.031250005633818266,0.2882766939600314,1066.40625,42.49597636121233,5.453044508320023
Normal,normal_0_97.mat,-6.938893903907228e-18,0.8081251818739715,1.0,1.0000000000000002,1.0,5.614057833344392,2.8363680605906008,2.6806841702347795,-0.012302189655694996,2.8363680605906008,3.5098127421463485,4.118693910463142,0.012155021231821453,0.02878920537537685,1078.3671807401254,0.0312500061966659,0.30768203125532406,1031.25,46.044460947471514,5.641840871931351
Normal,normal_0_97.mat,6.071532165918825e-18,0.8000474929662442,1.0,1.0,1.0,5.541460182852343,2.972004400587975,2.748203703704954,-0.09978272334290851,2.972004400587975,3.7147849680386043,4.3963702238839595,0.011332467896360313,0.029122804464918727,1097.7164557094984,0.03125000109638282,0.3267119195246374,1031.25,58.83805559924616,6.6113245089111405
Normal,normal_0_97.mat,-1.8214596497756474e-17,0.8091053653173277,1.0,1.0,1.0,5.168504791673916,2.9264004230055796,2.6674050605515136,-0.18512489337124155,2.9264004230055796,3.6168347763431994,4.23339001672422,0.011674771902668541,0.02898728596736869,1175.6291272004864,0.03125000874773235,0.3347203681278206,1066.40625,55.971333226215556,6.322065695592012
Normal,normal_0_97.mat,1.0408340855860843e-17,0.8193576283369844,0.9999999999999998,0.9999999999999997,0.9999999999999998,5.342534756589904,3.186283333316112,2.552608594150102,-0.13655857946900515,3.186283333316113,3.88875775744369,4.516443390458646,0.011414997335779404,0.029090554679913252,1045.1114814520251,0.031250000572173975,0.3204825630757282,1066.40625,56.197304356894165,6.402026379498792
Normal,normal_0_97.mat,1.9081958235744878e-17,0.8202459786362892,1.0,1.0,1.0,5.821662328346862,3.5126285137843816,2.5536700923350186,-0.05688060544781951,3.5126285137843816,4.282408698454516,4.983210632878227,0.012322737559078341,0.028717816565652424,1113.3208605826821,0.03125000558797359,0.3022167627205421,1031.25,43.02131358837558,5.4179689675172416
Normal,normal_0_97.mat,-1.3877787807814457e-17,0.8182781869997533,1.0,1.0,1.0,5.4403157515147775,2.887068446135883,2.510609280625543,-0.02727714842731043,2.887068446135883,3.5282236432592984,4.1174001939007026,0.011407614064029353,0.029093450555404656,1122.5033761287061,0.03125000038165785,0.32916683134460706,1031.25,59.96428096723022,6.623904884749958
Normal,normal_0_97.mat,-6.938893903907228e-18,0.8123120131083832,1.0,1.0,1.0,5.524467981228426,2.8215414082985646,2.6521881156869513,-0.03727839972209649,2.8215414082985646,3.47347000015633,4.053110729999041,0.012320353376740454,0.028718850753670054,1121.5320195742268,0.0312500159350253,0.32744529458945665,1066.40625,48.81847806949912,5.791303956426963
Normal,normal_0_97.mat,-1.734723475976807e-18,0.8023425834656632,1.0,1.0,1.0,6.011602387875058,3.053652135446749,2.863634766152771,-0.10996559962530705,3.053652135446749,3.8059205610859017,4.470272846335077,0.011538618875812374,0.029041742246305284,1084.936054421074,0.03125000029219339,0.27737860208702053,1066.40625,50.733305006889275,6.190401145454609
Normal,normal_0_97.mat,-2.42861286636753e-17,0.8051251977256577,1.0,1.0,1.0,6.239873590027565,3.1782444349292365,2.7132812187785875,-0.1521711557112551,3.1782444349292365,3.947515794943741,4.657190360388671,0.01217644507883743,0.028780146592006808,1109.2555368847857,0.03125000244184543,0.31429632435776006,1031.25,44.2208494030702,5.530212594006565
Normal,normal_0_97.mat,-2.42861286636753e-17,0.8151790022526848,1.0,1.0,0.9999999999999999,5.13013404247952,2.725937389625172,2.469895966953146,-0.16863470428141572,2.7259373896251726,3.3439740009154466,3.919767115415171,0.011204043847738468,0.02917245509720438,1146.3499530790639,0.031250003759047004,0.33570471587883366,1066.40625,62.62945032323133,6.791872834485649
Normal,normal_0_97.mat,-8.673617379884035e-18,0.8052671095739405,0.9999999999999999,0.9999999999999998,0.9999999999999999,5.631225688457049,2.9202013326064877,2.7032245186701718,0.020934204810179262,2.920201332606488,3.6263760159675957,4.266746109388201,0.012618232950828909,0.0285892286846077,1212.3375132911412,0.03125002079330797,0.3455492276060413,1066.40625,68.53309232149199,6.812779504886109
Normal,normal_0_97.mat,1.0408340855860843e-17,0.7977488450204684,1.0,1.0,1.0,5.553040459667052,2.998620964665833,2.8173931375713632,0.09941761528497217,2.998620964665833,3.758853407790136,4.445959711553213,0.012226312038691544,0.028759030365505454,1236.2424251498094,0.03125003253808736,0.2899529097910232,1042.96875,49.899736648826604,6.079337453447398
Normal,normal_0_97.mat,2.0816681711721685e-17,0.8079183193413055,0.9999999999999999,0.9999999999999999,0.9999999999999999,6.022586399180694,3.0437406130909297,2.7327640219742646,0.11425011943121412,3.04374061309093,3.7673865540918623,4.425648449843676,0.012872131914538433,0.028475863370626648,1306.8038552106175,0.031250065195578,0.35892553387823445,1031.25,60.0012684069241,6.374245979695153
Normal,normal_0_97.mat,3.122502256758253e-17,0.811700692695871,1.0,1.0,1.0,5.789803926802464,2.9580961162653683,2.6811241793825094,-0.010841352891735379,2.9580961162653683,3.644318826981353,4.277867635052725,0.011418493112473713,0.029089199636846353,1165.9793719219165,0.03125001632754632,0.30380278676103706,1066.40625,55.90315372904083,6.524859954956037
Normal,normal_0_97.mat,9.540979117872439e-18,0.819590966660516,0.9999999999999999,0.9999999999999998,0.9999999999999999,5.661428348665793,2.8854957347317556,2.4884323937137034,-0.1380200204016108,2.885495734731756,3.5206534138473016,4.102202478145116,0.012560007039125678,0.028614874360794934,1238.600644899733,0.03125003698408957,0.31506603179011133,1031.25,56.23782170803923,6.286158975532529
Normal,normal_0_97.mat,-6.938893903907228e-18,0.7995876024034604,0.9999999999999998,0.9999999999999997,0.9999999999999998,6.099612467729309,3.1711716377253065,2.89078772382551,-0.062185621725554495,3.1711716377253074,3.9660090128875947,4.683708993150171,0.01228115658131164,0.028735619976775522,1087.149503640379,0.031250002598789565,0.2692592433457234,1042.96875,41.11274791028406,5.403752156251555
Normal,normal_0_97.mat,3.469446951953614e-17,0.7920780940748307,0.9999999999999999,0.9999999999999999,0.9999999999999999,5.869179731717791,3.0369231628578346,2.951663390071545,-0.08983334458740076,3.036923162857835,3.834120884765846,4.563819792107239,0.01186234287924772,0.028911028921949997,1079.2930463912026,0.03125000435057039,0.29653910179697035,1066.40625,40.80335034474724,5.386911248036113
Normal,normal_0_97.mat,-1.734723475976807e-17,0.8092009029115226,0.9999999999999999,0.9999999999999999,0.9999999999999999,5.2504301660560575,2.6702735227057386,2.6168561965773542,0.02214135511513645,2.670273522705739,3.299889450318253,3.8749613958428006,0.012180257574058946,0.028778552970558428,1185.835442312192,0.03125002057038775,0.3362708250929483,1066.40625,58.610630986615085,6.436866877134414
Normal,normal_0_97.mat,2.6020852139652106e-17,0.8160874072904127,1.0,1.0,1.0,5.263507971285927,2.6733863123482147,2.489459313330612,-0.0057185206349714066,2.6733863123482147,3.275857816780236,3.834224377208945,0.012057884807301886,0.028830025688327716,1126.8201019452024,0.03125000747545187,0.3202510687578879,1031.25,50.32116750081229,5.9264482589543865
Normal,normal_0_97.mat,1.9081958235744878e-17,0.8086029596587172,1.0,1.0,1.0,6.079230711828549,3.0407469340507953,2.7267506737788256,0.015838946214347005,3.0407469340507953,3.760494440107154,4.404838219164772,0.012518784183765006,0.028632913007449922,1156.0771065326169,0.03125001863570452,0.3012619614814435,1031.25,44.51994594293308,5.626411323309176
Normal,normal_0_97.mat,-6.938893903907228e-18,0.800644767961781,1.0,1.0,1.0,5.7115479443006585,2.887047886761555,2.857029251951085,0.03166891567336557,2.887047886761555,3.605903644522872,4.2405160790713525,0.011351062506536669,0.029115560788000233,1099.5461447815032,0.03125000000043263,0.31376964559460385,1066.40625,49.60001727463527,6.014973625291346
Normal,normal_0_97.mat,-2.0816681711721685e-17,0.7964001267115006,1.0,1.0000000000000002,1.0,5.911635759414663,3.0262501386075056,3.083923059613372,0.05391006239157284,3.0262501386075056,3.7999116739264127,4.466862966793371,0.012183391888323923,0.02877722546027653,1184.454545290408,0.0312500198895307,0.3122315515763271,1031.25,50.2103913879384,6.015765609085884
Normal,normal_0_97.mat,8.673617379884035e-18,0.7971336549974345,0.9999999999999998,0.9999999999999997,0.9999999999999998,6.205857861659724,3.227944007523217,3.0688673283950236,0.1212231993267238,3.227944007523218,4.049438870491055,4.774222032013816,0.012537591571631439,0.02862466245533378,1042.1114902197583,0.03125000004958143,0.29622199365456947,1031.25,34.14585796979162,4.8484687939748214
Normal,normal_0_97.mat,2.42861286636753e-17,0.8060376173874346,0.9999999999999999,0.9999999999999998,0.9999999999999999,6.054116599183125,3.1201807446740686,2.7569381220881968,-0.011308382473036723,3.120180744674069,3.8710113242448148,4.539083001211138,0.012243420785954914,0.028751736388013534,1180.1799907124182,0.03125001916587851,0.2962102633044927,1031.25,47.18063812970001,5.8563991079616
Normal,normal_0_97.mat,-1.734723475976807e-17,0.8080312547562778,1.0,1.0,1.0,5.770544530096988,2.931107852599371,2.7749006008206196,-0.06690074651674631,2.931107852599371,3.6274684120770373,4.2431162576653945,0.01152090468151787,0.029048774787420736,1082.5840459407682,0.03125000098129456,0.32285735033404406,1066.40625,55.308966395135904,6.2630428573833505
Normal,normal_0_97.mat,2.0816681711721685e-17,0.7941381095049774,1.0,1.0,1.0,5.98478402984691,3.0882854057993323,2.997561539536295,-0.2274214954619869,3.0882854057993323,3.8888517864032512,4.603393886329701,0.01249215292450704,0.028644534594643934,1141.7515078008767,0.031250011949326084,0.3045086512800393,1066.40625,51.6004666564402,5.977179305341496
Normal,normal_0_97.mat,1.3877787807814457e-17,0.7962722841915627,0.9999999999999999,0.9999999999999999,0.9999999999999999,5.5093548250718385,2.992799980845093,2.911872694915374,-0.1990639006674876,2.9927999808450934,3.7585133129223696,4.439772420645944,0.012281785346164939,0.028735350910847567,1105.9090265978386,0.03125000229214103,0.29455924200909966,1031.25,41.17710957068234,5.351382078835604
Normal,normal_0_97.mat,-6.938893903907228e-18,0.8034462722572653,1.0,1.0,1.0,5.7482124831391435,3.0643213162365113,2.8690920581096013,-0.028938834441342737,3.0643213162365113,3.813971664374477,4.474059391431317,0.0115868274151418,0.029022544805232264,1096.0773837315155,0.031250002824319806,0.3153116375580074,1066.40625,51.32760354421874,6.086356734911305
Normal,normal_0_97.mat,-8.673617379884035e-18,0.8031311875188685,1.0,1.0,1.0,5.9903483780995845,3.0596714767188127,2.88820098219331,-0.027537861889924624,3.0596714767188127,3.809678324373289,4.465237442926537,0.0115654320738155,0.029031077577590277,1055.55402409092,0.03125000294992154,0.33168696771258305,1066.40625,56.10448107938413,6.334937978660446
Normal,normal_0_97.mat,-8.673617379884035e-19,0.7994489457490381,1.0,1.0000000000000002,1.0,5.637021016045413,3.1253427322523035,2.9445423496545935,-0.14200262844802983,3.1253427322523035,3.9093712598795602,4.598225326781212,0.012041708773515264,0.028836795397804794,1158.7286312981378,0.03125001630401191,0.2775522170907074,1031.25,44.86972436539436,5.7438899304916315
Normal,normal_0_97.mat,1.6479873021779667e-17,0.7925350751911516,1.0,1.0,1.0,6.5913312010758975,3.329581294670168,3.173726449583567,-0.01607889904962323,3.329581294670168,4.2011784700722625,4.9715849072212555,0.012217899413424152,0.028762584975970423,1176.2519768555069,0.03125001376922048,0.3512260607266879,1031.25,58.104408069729246,6.278673023839559
Normal,normal_0_97.mat,-2.0816681711721685e-17,0.7974531076725229,1.0,1.0,1.0,6.264787359478142,3.4405808447534643,2.9923969307244995,-0.01192544031274173,3.4405808447534643,4.314461642509959,5.100592135835211,0.011863803313863,0.028910448360222413,1211.6422877887533,0.031250021655338314,0.325831508410442,1066.40625,58.08616088869935,6.471196686664495
Normal,normal_0_97.mat,-3.469446951953614e-18,0.8073734107604845,1.0,1.0,1.0,5.320133485398717,2.7672957360849395,2.6333569753863686,-0.09594421855313058,2.7672957360849395,3.4275289465853933,4.032423669342046,0.012500330594638466,0.028640964896114746,1133.3127869254943,0.03125001016249005,0.3239019836020039,1066.40625,54.73909312052563,6.071830257974691
Normal,normal_0_97.mat,-8.673617379884035e-18,0.7952583107753436,0.9999999999999999,0.9999999999999999,0.9999999999999999,6.548220192543239,3.3215160041773335,3.012712631919764,0.14554894631441723,3.321516004177334,4.176650478432592,4.939582490520617,0.011599363949361433,0.029017539485952138,1140.2257470939333,0.03125000546957612,0.32157513939667215,1031.25,53.33056077160009,6.243989360702281
Normal,normal_0_97.mat,5.204170427930421e-18,0.7874527262920048,1.0,1.0,1.0,6.1779226468846815,3.1077628093276486,3.0634388719401002,-0.04020912344378279,3.1077628093276486,3.9466023871193276,4.693997672515491,0.012163871424556638,0.028785464726134927,1094.8523933905415,0.03125000396052301,0.3015989160880685,1066.40625,47.20720728096516,5.753884081064388
Normal,normal_0_97.mat,1.474514954580286e-17,0.7950252732944599,1.0,1.0,1.0,5.707710114725341,2.9283290034830762,2.7898450875782976,-0.15315713646755358,2.9283290034830762,3.6833156150477335,4.376539164024555,0.011396838465755984,0.029097672993482256,1064.5561194720117,0.03125000001040259,0.3128475828483922,1066.40625,51.16340693697639,6.171434361274652
Normal,normal_0_97.mat,-1.734723475976807e-17,0.8016676778655363,0.9999999999999998,0.9999999999999997,0.9999999999999998,5.825799116589018,2.9764768045704084,2.7681074854565546,-0.10861426086955021,2.976476804570409,3.7128561955938717,4.395306307370655,0.012264157428472144,0.02874289835201997,1155.537129962467,0.031250020209671873,0.3052257360733566,1031.25,47.35538804230727,5.846849910759413
Normal,normal_0_97.mat,0.0,0.8035092818641317,0.9999999999999999,0.9999999999999999,0.9999999999999999,5.739119318832866,3.092032244565873,2.8485924739379103,-0.08166500404473837,3.0920322445658734,3.8481599582675585,4.529411876012376,0.012385347623947851,0.028690867558429988,1085.61114645103,0.03125000347234222,0.30659223589085866,1031.25,42.14924851344324,5.351325903351263
Normal,normal_0_97.mat,-1.1709383462843448e-17,0.8066695626603847,1.0,1.0000000000000002,1.0,5.465456809468385,2.89120924540273,2.724831705672295,-0.11569908075236152,2.89120924540273,3.584130825350052,4.197827477286439,0.011791767528700791,0.028939885003559325,1095.784059224963,0.03125000360752236,0.33815968934014984,1066.40625,56.424851667604166,6.28005499690761
Normal,normal_0_97.mat,1.474514954580286e-17,0.8164485522878315,0.9999999999999999,0.9999999999999999,0.9999999999999999,5.3272962719149035,2.6804178993957755,2.5859785597303047,-0.06121026316748893,2.680417899395776,3.2830211920699424,3.8083334044009227,0.011319134806310915,0.02912799181359944,1159.5005327875601,0.03125000351770468,0.36120312605679933,1066.40625,78.70820070868255,7.599182337932205
Normal,normal_0_97.mat,-2.6454533008646308e-17,0.8069702801839931,1.0,1.0,1.0,5.706719812130231,2.855032533642868,2.7535559198955255,0.013302973922340911,2.855032533642868,3.5379649086852454,4.149679346228136,0.012171312948367163,0.02878231549586377,1128.0808080149259,0.03125000070704847,0.29375279937971105,1031.25,47.886862161336836,5.7998786678364675
Normal,normal_0_97.mat,2.168404344971009e-17,0.8068266070618754,1.0,1.0,1.0,5.431735705024199,2.8009195338081354,2.7042090649555757,-0.07722332174442707,2.8009195338081354,3.471525987483124,4.081075697100009,0.012236824031513287,0.02875452840606466,1111.783454951534,0.031250004259734114,0.2976360997060737,1031.25,38.62970044789986,5.236823527668348
Normal,normal_0_97.mat,1.0408340855860843e-17,0.8248807626152911,0.9999999999999999,0.9999999999999999,0.9999999999999999,5.079151780504682,2.638631057403979,2.4910950851364637,-0.08920072330888291,2.6386310574039795,3.1988029991609674,3.6897184047380573,0.010826893169876747,0.02931451670803649,1127.9694514263779,0.031250000088602785,0.33319107250031693,1066.40625,70.07855957181722,7.279671579595487
Normal,normal_0_97.mat,-1.3877787807814457e-17,0.8085894623621681,1.0,1.0,1.0,5.999749846125869,3.2312063487580818,2.7695551306900965,-0.06268705979163816,3.2312063487580818,3.9961024712325783,4.668317728064346,0.011471354643555396,0.029068385534673453,1195.5092578980848,0.03125000823920904,0.345377706244969,1066.40625,68.37794622438064,7.025551357464289
Normal,normal_0_97.mat,-1.9949319973733282e-17,0.792197903793632,0.9999999999999999,0.9999999999999998,0.9999999999999999,5.823461941326768,3.107762529953464,2.933608238916474,-0.03842840588928644,3.1077625299534644,3.9229623242767855,4.651764490404263,0.011673250240273306,0.028987890340306847,1066.6172025506885,0.03125000092085912,0.30741717644804917,1042.96875,48.375742376456245,5.938569688882497
Normal,normal_0_97.mat,0.0,0.8031981291078463,1.0,1.0,1.0,5.73926554076413,2.9174846355556396,2.7679132570176153,-0.058368626891749174,2.9174846355556396,3.6323349492811206,4.285168375085736,0.012176972392647962,0.02877993585682773,1151.7520170792602,0.031250013833187804,0.3262037096041585,1031.25,48.908399244832324,5.82318577336536
Normal,normal_0_97.mat,0.0,0.8125626092014984,1.0,1.0,1.0,6.168007965607712,3.1361797168630305,2.773270185159382,0.01046167434218094,3.1361797168630305,3.8596160853930264,4.501029117885534,0.011678868755845812,0.028985631996815468,1145.7166250036498,0.03125000540273688,0.3236064867334921,1066.40625,57.62537900228245,6.465727418706905
Normal,normal_0_97.mat,4.7704895589362195e-18,0.7981500274052808,1.0,1.0,1.0,5.6387673988908595,2.956023516649457,2.83422335798563,0.047138414779646816,2.956023516649457,3.703593829670398,4.394476167472133,0.012173085444581217,0.028781600135368283,1228.024220480624,0.03125003224947626,0.34451403545054016,1031.25,59.19319783222954,6.465546714624314
Normal,normal_0_97.mat,6.5052130349130266e-18,0.80218833593388,1.0,1.0,1.0,5.341968458690692,2.8361353437694468,2.731168118705817,0.004788563410642651,2.8361353437694468,3.5354981077700613,4.1788682596218525,0.011945250695220441,0.028876889542170367,1196.8216682955012,0.03125002022083142,0.30978856329409143,1031.25,54.09931037525915,6.333284651115683
Normal,normal_0_97.mat,3.9898639947466563e-17,0.8133936800819769,0.9999999999999999,0.9999999999999999,0.9999999999999999,5.725612188674611,3.1408306922995104,2.7454136377859317,-0.06500272812214533,3.140830692299511,3.8613905777863504,4.478351046363407,0.0114620365916613,0.029072063353539842,1195.1889963179124,0.03125001040737133,0.3558675826908291,1066.40625,79.01953728256215,7.518941545418941
Normal,normal_0_97.mat,1.734723475976807e-17,0.8249721616578135,0.9999999999999999,0.9999999999999999,0.9999999999999999,5.888288803309157,3.1587383083898817,2.5611797526841182,-0.00965460925756519,3.158738308389882,3.828902907514206,4.410962493645065,0.012257320596629002,0.02874582677915485,1242.1840721300546,0.03125003144679572,0.33346005627545344,1066.40625,59.03359671123273,6.547533550692258
Normal,normal_0_97.mat,1.734723475976807e-18,0.8202816459218296,1.0,1.0,1.0,5.588824342826447,2.8931716362891042,2.4657986792363045,0.06116263480721302,2.8931716362891042,3.527046656075997,4.101005891531758,0.012288961361728598,0.02873228084133342,1122.4471944090767,0.031250000539125015,0.29409884123837327,1031.25,40.49356894430638,5.308655021424873
Normal,normal_0_97.mat,0.0,0.7903285070576236,0.9999999999999999,0.9999999999999998,0.9999999999999999,6.247681371088234,3.4617064438922944,2.998099857591317,-0.11490058376562594,3.461706443892295,4.3800855125170095,5.216913668239529,0.012329473657834544,0.02871493071560306,1204.2541613201922,0.0312500106668961,0.3245722892637773,1031.25,58.79820592892477,6.415477835936366
Normal,normal_0_97.mat,1.3877787807814457e-17,0.7849523737945368,1.0,1.0,1.0,6.6222970824804035,3.680656704395521,3.3022868219003403,-0.020360581697276364,3.680656704395521,4.689019139598069,5.583474365111453,0.012014649707156114,0.028848062400161353,1070.6159815705448,0.031250000189268316,0.3200181344901272,1066.40625,49.06409819482933,5.78891228747675
Normal,normal_0_97.mat,-1.3877787807814457e-17,0.7974166630492783,1.0,1.0,1.0,6.548683892238406,3.664285357033543,3.1018732874437074,-0.04262979558392312,3.664285357033543,4.595195368781878,5.421725187527748,0.011899328879505755,0.028895829403422373,1139.2115612461103,0.03125000775510829,0.2963448059822481,1031.25,48.5521041407775,5.943961851739891
Normal,normal_0_97.mat,1.214306433183765e-17,0.8064428788540714,1.0,1.0,1.0,5.948878926594336,3.056119196996816,2.8031337604364315,-0.06491574841069365,3.056119196996816,3.7896288467937866,4.43795664695875,0.012320398249973843,0.028718823797969095,1219.7725272767775,0.03125000885402682,0.3896226596970073,1031.25,72.44584655537096,6.946627523104054
Normal,normal_0_97.mat,3.903127820947816e-18,0.8056905299197538,1.0,1.0,1.0,5.557604593443902,3.065697927278635,2.7802046214816745,-0.05022121876646483,3.065697927278635,3.8050564248086376,4.455218197616107,0.011222391375467633,0.02916539816354423,1141.005796034238,0.03125000029155583,0.30757883926383006,1066.40625,62.3708142789389,6.825576796489807
Normal,normal_0_97.mat,-3.0357660829594124e-18,0.819467527126414,1.0,1.0000000000000002,1.0,5.715222150538137,2.9402760400735706,2.558334707135673,-0.007977814693706613,2.9402760400735706,3.5880324024358723,4.1636807961857745,0.011834648159062263,0.028922388112758615,1160.0155181883567,0.03125001489909784,0.3428335000626682,1066.40625,61.81232440143927,6.545901473755589
Normal,normal_0_97.mat,-4.5536491244391186e-17,0.8188697047052278,1.0,1.0000000000000002,1.0,5.743055025326748,3.18415088112646,2.5536939828403264,-0.005446442352158201,3.18415088112646,3.8884707332928787,4.52671878042052,0.011694989730929861,0.028979127142090253,1170.8538552280966,0.03125000151558375,0.3022188379042209,1031.25,58.149083545001815,6.617433053943559
Normal,normal_0_97.mat,1.734723475976807e-18,0.8024695130536476,0.9999999999999999,0.9999999999999999,0.9999999999999999,6.59892156787755,3.3898714826687892,2.8999875362028624,-0.06272829776581879,3.3898714826687897,4.224299400196859,4.990817877493569,0.012251508301641886,0.02874827308297283,1147.4990361933633,0.03125000257469398,0.34152880231434285,1031.25,58.57583978527721,6.296269871957369
Normal,normal_0_97.mat,-6.938893903907228e-18,0.7963734579789129,0.9999999999999999,0.9999999999999998,0.9999999999999999,5.951042663068788,3.015944966644551,2.9713665521804673,-0.08844767753055024,3.0159449666445513,3.7870987994735628,4.479045559942006,0.011808712566826472,0.028932970946135624,1061.623986904077,0.031250000004093656,0.3241760111250348,1066.40625,49.65846022380724,5.898039137971542
Normal,normal_0_97.mat,-1.3877787807814457e-17,0.7993635711054774,1.0,1.0,1.0,5.909831876363689,2.960150364039674,2.9419679744160563,-0.16020639426227978,2.960150364039674,3.703133931842732,4.353193037467534,0.012128223449836653,0.02880050733963696,1134.2044070477618,0.03125000843311326,0.31944991222805413,1066.40625,54.26682021012483,6.133577218446971
Normal,normal_0_97.mat,-1.9949319973733282e-17,0.8094264787715187,1.0,1.0,1.0,5.550490076006911,2.8982824872189434,2.664704599813137,-0.052902251464894856,2.8982824872189434,3.5806618182515098,4.195556776386993,0.011627150143345803,0.02900641332964593,1083.371058286661,0.031250002155298606,0.28745332405573176,1042.96875,46.66131832770323,5.797185008198332
Normal,normal_0_97.mat,-6.938893903907228e-18,0.8114713120711837,1.0,1.0,1.0,5.244434915272187,2.6901065277758263,2.5243572454741363,-0.035440885613643044,2.6901065277758263,3.3150975120853627,3.884144400216904,0.011576355726940768,0.029026721265729635,1051.8117900069158,0.03125000094968055,0.32337066490556293,1031.25,52.330810133997105,6.0996042961856105
Normal,normal_0_97.mat,-1.0408340855860843e-17,0.8093324241395439,0.9999999999999999,0.9999999999999998,0.9999999999999999,5.727228078457776,2.984711494998006,2.6000802609940696,-0.03888470756873076,2.9847114949980065,3.687868428317641,4.3238763703282475,0.012054300451459074,0.02883152847858355,1158.3084831315473,0.03125001110056476,0.32911521530520155,1066.40625,51.44790678599449,6.028872781165664
Normal,normal_0_97.mat,-1.3877787807814457e-17,0.8042347178145979,0.9999999999999999,0.9999999999999998,0.9999999999999999,5.270457061880217,2.7604119437520938,2.722981916020006,-0.07506928693850501,2.760411943752094,3.4323461579141354,4.03574860796173,0.012237257785775203,0.028754339574425122,1114.44061045049,0.03125000035962987,0.307383422313307,1066.40625,49.43865313433811,5.848304934315319
Normal,normal_0_97.mat,1.5612511283791264e-17,0.793317096798511,1.0,1.0,1.0,5.764184323366816,2.977903020562499,2.90939050123046,-0.1596961369961029,2.977903020562499,3.7537360944066926,4.457129707810082,0.012379337229690698,0.028693458574348744,1065.758438415361,0.03125000088326837,0.31606261140577036,1031.25,51.35163573875391,5.925023791664552
Normal,normal_0_97.mat,1.734723475976807e-18,0.8035071238554001,1.0,1.0,1.0,6.052227201794404,3.4073825008170258,2.79263663528055,-0.1531645476154998,3.4073825008170258,4.240637574521643,5.00138557357418,0.011603962110010633,0.02901569513266823,1102.184567833985,0.03125000001092015,0.31495188455408335,1066.40625,54.57973540866468,6.254933642954954
Normal,normal_0_97.mat,-2.2551405187698492e-17,0.8052799553933603,1.0,1.0,1.0,6.300518139921614,3.5567946175397047,2.8119972414329943,-0.08960798086394925,3.5567946175397047,4.4168423586332715,5.196381378667813,0.011764146283431393,0.02895112024248082,1130.6140575248637,0.031250000017160884,0.3232987386864524,1066.40625,59.86560441522863,6.582791270675039
Normal,normal_0_97.mat,-3.469446951953614e-17,0.7995235426202028,1.0,1.0,1.0,5.5409486530969545,2.8479016624204387,2.79809189412546,-0.06218048765408749,2.8479016624204387,3.5619985036178927,4.204204439202125,0.012341993813462605,0.028709543561860416,1088.6315203287133,0.03125000324515039,0.3139209377592119,1031.25,46.92494042383304,5.693406143264331
Normal,normal_0_97.mat,-2.0816681711721685e-17,0.8085881512727534,0.9999999999999999,0.9999999999999999,0.9999999999999999,5.433933077626803,2.8770098453170196,2.6834994844681876,-0.20562132938042071,2.87700984531702,3.558065797511971,4.159558938457947,0.011938405632697513,0.028879699485352076,1115.2853490493992,0.03125000114264108,0.3078232629382,1031.25,45.21290341677678,5.714459882043066
Normal,normal_0_97.mat,-3.8163916471489756e-17,0.8151320755435909,1.0,1.0,1.0,5.296804674109505,2.7802234488820847,2.618925389609906,-0.11565325396179893,2.7802234488820847,3.4107643807637236,3.963671859964834,0.011869828259505943,0.028907958618679085,1138.747317428037,0.031250006310550214,0.33512359106336087,1066.40625,62.44796419966976,6.569404594102717
Normal,normal_0_97.mat,1.214306433183765e-17,0.7889510325990473,1.0,1.0,1.0,6.87738601398634,3.7773447317660986,3.2796231768152886,-0.24211965507840616,3.7773447317660986,4.787806309502332,5.677438098096362,0.012387145476649958,0.028690096978632958,1117.1172353400214,0.03125000860324767,0.31818413088126085,1066.40625,52.48158939657564,6.022013418571087
Normal,normal_0_97.mat,-3.469446951953614e-18,0.7925297202503819,1.0,1.0,1.0,7.17966580809985,3.9583129877421452,3.3679360065235,-0.28638545305690183,3.9583129877421452,4.994529399467322,5.905109897889123,0.012422799324201704,0.028674667857583908,1110.151589024246,0.03125000031667427,0.3288901508239711,1031.25,45.65258305378239,5.513474196670493
Normal,normal_0_97.mat,-3.469446951953614e-18,0.813446486832927,1.0,1.0,1.0,5.713730028661973,3.0687713855912757,2.62399364790426,-0.08481500580063973,3.0687713855912757,3.772554722731955,4.40218531188134,0.01253383731849803,0.028626334147174432,1200.5340261284236,0.031250025354105856,0.30077418312400617,1031.25,49.33979828878999,5.922626445046973
Normal,normal_0_97.mat,1.734723475976807e-17,0.8124345447368467,1.0,1.0,1.0,5.3296392982951,2.7064566700456383,2.622680398001163,-0.029079017192183636,2.7064566700456383,3.3312919638618745,3.8784697212775665,0.011340501383968667,0.02911967634677664,1046.9238769011429,0.03125000035489309,0.32845799419125826,1031.25,56.883003801912544,6.394554617140688
Normal,normal_0_97.mat,-2.6020852139652106e-18,0.8002278439907197,1.0,1.0,1.0,5.363104114722567,2.7197781828405763,2.7501992139820017,-0.033281004568699875,2.7197781828405763,3.3987547462446432,4.016441413292799,0.011567107850517563,0.029030410327905806,1069.9975581514389,0.031250003325313185,0.27762544256396143,1066.40625,44.14229071343586,5.719047293324463
Normal,normal_0_97.mat,3.469446951953614e-18,0.8050110826297046,0.9999999999999998,0.9999999999999997,0.9999999999999998,5.589731120021752,2.882826215935317,2.653104205794114,-0.15899985206611517,2.8828262159353173,3.581101276914199,4.219515521266659,0.011622031868435733,0.029008464828453467,1130.8791314501584,0.031250002503272825,0.3371276445789534,1031.25,55.44138265064731,6.278035846442113
Normal,normal_0_97.mat,-1.431146867680866e-17,0.8106927891205576,1.0,1.0,1.0,5.403216389389815,2.9258292224912212,2.6887084686127753,-0.2376470377976639,2.9258292224912212,3.609048041077522,4.221742493345159,0.01216144544870996,0.02878649201482349,1104.840867057364,0.03125000604674254,0.3216883350803611,1066.40625,50.7331018726561,5.953557987439693
Normal,normal_0_97.mat,2.7755575615628914e-17,0.8115134102200975,1.0,1.0,1.0,5.694941804274907,3.1004315635080215,2.738511897850568,-0.20373001985050518,3.1004315635080215,3.82055493410408,4.459676851315414,0.01290317972847061,0.02846176946635221,1220.354284101815,0.03125002989216161,0.32539486641366255,1066.40625,56.693280216000225,6.232215875080544
Normal,normal_0_97.mat,6.938893903907228e-18,0.8020772002327301,1.0,1.0000000000000002,1.0,5.853949149837341,2.9783079718026926,2.818039315257053,0.015182328639107887,2.9783079718026926,3.7132435268556554,4.369867712552982,0.011954844544546463,0.028872910950031555,1178.5473387442094,0.031250012717001,0.32382278239986856,1031.25,49.58183235357149,5.968252420441706
Normal,normal_0_97.mat,1.734723475976807e-18,0.7960670135063364,0.9999999999999999,0.9999999999999998,0.9999999999999999,6.312343086066672,3.1946145585552728,2.967971431647308,-0.003764203310519619,3.194614558555273,4.0129970270773505,4.746842380271635,0.011327675871249006,0.029124683021057474,1170.7631634355155,0.031250014427535076,0.3116158056220241,1031.25,51.49470677798157,6.2088756926703565
Normal,normal_0_97.mat,-3.122502256758253e-17,0.8055708447454748,0.9999999999999999,0.9999999999999999,1.0,6.387818030625074,3.247866647399131,2.9106818706398747,-0.06774177396891737,3.247866647399131,4.031757937348533,4.71619789355022,0.011542780543633712,0.02904009822795851,1129.8936390458525,0.03125000940428608,0.33248614508074814,1066.40625,60.84764081810552,6.605831276257698
Normal,normal_0_97.mat,3.469446951953614e-18,0.8059819463504562,1.0,1.0000000000000002,1.0,5.8483851280791805,3.09149668361232,2.809224929906258,-0.13661387172561615,3.09149668361232,3.8356897417005897,4.492510613249794,0.011534098811873597,0.029043546754790713,1157.0963941649113,0.03125000869599524,0.351594743247655,1031.25,58.61337434931355,6.5062260219206305
Normal,normal_0_97.mat,-1.214306433183765e-17,0.8037826709657351,1.0,1.0,1.0,5.414106106133463,2.842457561140627,2.7517267080214607,-0.1304660558008982,2.842457561140627,3.5363508866463227,4.163125308275091,0.012477687680216946,0.028650834132139296,1096.5603814820613,0.03125000778099736,0.3148398345872465,1031.25,40.11652739171488,5.211118066489213
Normal,normal_0_97.mat,1.734723475976807e-18,0.8078220387512017,1.0,1.0,1.0,5.523748937622603,2.7879993072288336,2.6449874105464017,-0.019384329932710873,2.7879993072288336,3.451254327671914,4.04948485693218,0.01195032931204614,0.02887476822000806,1063.0198004859465,0.03125000176680853,0.2966790093333426,1066.40625,43.33317082344692,5.531440832482177
Normal,normal_0_97.mat,-5.204170427930421e-18,0.8065238220876059,1.0,1.0,1.0,5.533226643122086,2.8002929804423298,2.7231144631412523,0.03750807904103044,2.8002929804423298,3.472052410298375,4.066066622203792,0.011787713325602309,0.02894154170288004,1151.7822670908117,0.03125000834537691,0.35774866720248066,1031.25,72.5788268577101,7.106721420018299
Normal,normal_0_97.mat,-4.336808689942018e-18,0.7994605339167159,1.0,1.0000000000000002,1.0,5.70160053916652,2.9418540035466787,2.8364938997975786,-0.060322555390399504,2.9418540035466787,3.6797989128168114,4.339074177284363,0.011726044180837643,0.028966577118509567,1157.5922908088708,0.031250003233496124,0.3184291843154559,1031.25,58.49668359486159,6.497452043434989
Normal,normal_0_97.mat,4.336808689942018e-18,0.7988790571752638,1.0,1.0,1.0,6.115375116427037,3.2912247992938286,2.8876848445241814,-0.1146689991884586,3.2912247992938286,4.119803579444412,4.867559777611262,0.012280421949689695,0.02873594225615536,1123.4578697202376,0.03125001024978257,0.2992613168388684,1031.25,39.6720750477664,5.334335009357451
Normal,normal_0_97.mat,6.938893903907228e-18,0.816430646861659,0.9999999999999999,0.9999999999999998,0.9999999999999999,6.003027238044938,3.2245941541694507,2.660318604898501,-0.0364103572041063,3.224594154169451,3.949624094299642,4.601394794966564,0.011633236940320958,0.029003974989069065,1138.4654288207644,0.03125000427001878,0.3003211982719076,1066.40625,51.282166114846476,6.1426366681913045
Normal,normal_0_97.mat,-3.122502256758253e-17,0.8248496688754406,1.0,1.0000000000000002,1.0,4.993420424655861,2.602987149206246,2.4215003195343505,-0.05207085466888929,2.602987149206246,3.155710970648786,3.6518917256471424,0.012373646704117251,0.028695931965552035,1214.5393737710187,0.03125001830607308,0.3510610875174532,1031.25,60.598602913960654,6.3940990068589185
Normal,normal_0_97.mat,5.204170427930421e-18,0.8132616275031008,1.0,1.0,1.0,5.230936305732305,2.6360860062763316,2.5730862400173753,-0.024252453479490246,2.6360860062763316,3.2413751210292787,3.786490621619761,0.012662886131888615,0.02856949186556304,1218.7141988098006,0.03125003281031317,0.3158996672975963,1042.96875,51.5274633337107,5.986193932601856
Normal,normal_0_97.mat,1.734723475976807e-18,0.808724823169741,1.0,1.0,1.0,5.607249531917972,3.0999888216058107,2.6794709811574813,-0.0888503194181112,3.0999888216058107,3.833181241371594,4.49151180574097,0.011671882093969884,0.02898844284091474,1087.2025918053357,0.03125000239930416,0.31666641557470154,1031.25,52.945705133379185,6.046568652514301
Normal,normal_0_97.mat,-1.5612511283791264e-17,0.8157874650621939,1.0,1.0,1.0,5.553485164522724,3.145754794181855,2.6897183054518736,-0.15886797538966588,3.145754794181855,3.8560960163098725,4.47883642293364,0.011788822694127763,0.028941103340452398,1179.1666387786397,0.03125002084921428,0.3224436234963076,1066.40625,56.93988724557186,6.40272821206816
Normal,normal_0_97.mat,-1.5612511283791264e-17,0.8101502272569971,1.0,1.0000000000000002,1.0,5.684273002559822,3.1994204759098137,2.7581848291049607,-0.16762032872277277,3.1994204759098137,3.9491693864511976,4.608927931919808,0.012088663528336669,0.02881712550395457,1052.2606945172129,0.0312500001313921,0.3019583190361508,1031.25,44.31178524678852,5.46546615235327
Normal,normal_0_97.mat,-1.214306433183765e-17,0.8051065108584092,1.0,1.0,1.0,5.80974547096247,3.157099102512291,2.7411750399703285,-0.06811823308725007,3.157099102512291,3.9213433998269047,4.596639288590793,0.011411942783370679,0.029091752533553547,1098.4580760679758,0.03125000005703112,0.32902958840588387,1031.25,57.95336183999483,6.556585909229889
Normal,normal_0_97.mat,2.5153490401663703e-17,0.8200251054686909,1.0,1.0,1.0,5.292144340752364,2.6895861081713246,2.4765156105118944,0.0012189194420210367,2.6895861081713246,3.279882640463884,3.8017664006728653,0.011680984622490736,0.02898477682689916,1132.206527902235,0.0312500030312961,0.3305203480926891,1031.25,55.008212039695124,6.22728895324526
Normal,normal_0_97.mat,1.6479873021779667e-17,0.8125408122043325,1.0,1.0,1.0,6.030568835675587,3.128715858055953,2.689581633531732,0.07346469589860194,3.128715858055953,3.8505337960416983,4.49592750983178,0.011692227798665081,0.028980243500272018,1127.6726674152396,0.03125000326769479,0.32835978751280664,1031.25,65.00215187836861,6.928193422599458
Normal,normal_0_97.mat,1.734723475976807e-17,0.8052360268133892,1.0,1.0,1.0,6.436335699395627,3.2954390941289575,2.922065399264672,0.0813662794783207,3.2954390941289575,4.092513231394035,4.7946136392362675,0.011810165222250155,0.02893238446093393,1182.05363076223,0.03125000597075364,0.36308248262360737,1031.25,64.0651277311821,6.6788178914786
Normal,normal_0_97.mat,-1.734723475976807e-17,0.8099479089742068,0.9999999999999999,0.9999999999999998,0.9999999999999999,6.083078875763311,3.1438532259681744,2.7690474601932804,-0.10672212012863763,3.143853225968175,3.8815499010915926,4.530938188239467,0.01169190969087628,0.028980372138734445,1133.6566892346373,0.03125000354430608,0.296754994208137,1031.25,53.41941387442289,6.2511198602346685
Normal,normal_0_97.mat,-3.469446951953614e-18,0.8144089400311716,1.0,1.0,1.0,5.776396567285195,3.0017709567280426,2.621488910382419,-0.0522123946881191,3.0017709567280426,3.6858276096688596,4.308892035674109,0.011765839731285999,0.028950434871612096,1062.3999239045104,0.03125000262140408,0.3302386481803452,1031.25,60.455700002719986,6.433561250512785
Normal,normal_0_97.mat,-2.0816681711721685e-17,0.8088008159712959,1.0,1.0,1.0,5.725495587154628,2.965016769266968,2.6238515063981924,0.044064881137416585,2.965016769266968,3.665941861972844,4.318872584842559,0.011763405277308028,0.02895142224668358,1110.5535059459187,0.0312500008611834,0.3155094769595087,1031.25,53.96944637624324,6.232878614315079
Normal,normal_0_97.mat,-1.5612511283791264e-17,0.8180162824332683,0.9999999999999999,0.9999999999999998,0.9999999999999999,5.376530633340128,2.7286106440960216,2.483258660510831,0.12871560017070144,2.728610644096022,3.335643437291378,3.8879637658637654,0.011925718241626429,0.028884941089713068,1091.5576919780297,0.03125000123735767,0.31833416296539735,1031.25,44.39280157472667,5.582137583952912
Normal,normal_0_97.mat,1.3877787807814457e-17,0.8245140944611319,0.9999999999999999,0.9999999999999999,0.9999999999999999,5.2695976671697125,2.8613476337605515,2.44654141725001,0.036523133023548815,2.861347633760552,3.470344112953714,4.0113583655910245,0.011141664471783034,0.029196332779986785,1051.6109140037165,0.03125000056002437,0.3111423034406256,1066.40625,54.215844095049235,6.272507058461816
Normal,normal_0_97.mat,-1.9081958235744878e-17,0.8145132255199421,1.0,1.0,1.0,5.288975129008586,2.9590396431332424,2.6548574289789597,-0.021109124165226097,2.9590396431332424,3.632893304150277,4.230773753050711,0.011840499886679217,0.028919977113944284,1094.4864591531395,0.03125000022140019,0.3367410741638487,1066.40625,62.16329476191594,6.503692225743586
Normal,normal_0_97.mat,-8.673617379884035e-18,0.8145269009529758,1.0,1.0000000000000002,1.0,5.750481873373133,3.0911144004838795,2.6646113214721128,-0.0501477820243342,3.0911144004838795,3.794981352816407,4.400219243645943,0.011638186433658196,0.029001984710329356,1092.7020170051392,0.031250000009644216,0.2920019545748361,1066.40625,50.019427194869614,6.063988221344768
Normal,normal_0_97.mat,-1.5612511283791264e-17,0.8040775857220613,1.0,1.0,1.0,5.667562913806529,3.1298857800027355,2.7423851462408555,-0.03540531877387087,3.1298857800027355,3.892517134639563,4.585300420225742,0.012295051597953341,0.028729675441556593,1050.2624639050414,0.031250000716376236,0.33832064985752147,1031.25,53.138159451664805,5.906806998995444
Normal,normal_0_97.mat,1.734723475976807e-17,0.8071735366004474,1.0,1.0,1.0,5.803472127883366,3.248322859112671,2.7222890670671647,0.006625983858797389,3.248322859112671,4.024317834791204,4.747138524110471,0.012010674856978727,0.028849722035462717,1095.6821612604544,0.03125000435269608,0.32391899522712514,1066.40625,52.925188777194734,6.103693463758364
Normal,normal_0_97.mat,-6.938893903907228e-18,0.8214617883888908,1.0,1.0,1.0,5.2804766433527845,2.6924339835978017,2.3909172129062015,-0.05655841499432457,2.6924339835978017,3.2776131789141334,3.820491383334888,0.012097828546688727,0.028813284542034735,1124.1960548721286,0.03125000514632492,0.3514331417060365,1031.25,63.65174897111141,6.5719700420907
Normal,normal_0_97.mat,3.122502256758253e-17,0.8083501748560138,0.9999999999999999,0.9999999999999999,0.9999999999999999,6.014832751617449,3.4310569948339786,2.6883184805629172,0.002315100842044609,3.431056994833979,4.244518157548653,5.013639595971303,0.011768161168797432,0.028949488725942114,1061.830661532967,0.03125000023661186,0.29380743276750776,1031.25,47.77291301548175,5.834541337798861
Normal,normal_0_97.mat,1.0408340855860843e-17,0.8061502599498829,1.0,1.0,1.0,6.036708522927538,3.2091130090352533,2.7645266447665735,0.02348035950843831,3.2091130090352533,3.980787662630983,4.676965201683582,0.011545255756510414,0.02903910489008806,1050.665220552115,0.031250000692812356,0.30627491620205927,1066.40625,48.01305004862561,5.822666613080509
Normal,normal_0_97.mat,-4.336808689942018e-19,0.8071258658007796,1.0,1.0,1.0,5.6633199141986035,2.843240267847918,2.7148728894114456,0.07212948796784968,2.843240267847918,3.5226727184948206,4.1441264396978825,0.011384862979741332,0.02910236156062082,1092.335076907772,0.031250000855561344,0.34108052579534126,1066.40625,63.54697606347295,6.735151792005431
Normal,normal_0_97.mat,2.2551405187698492e-17,0.8136290543307975,0.9999999999999999,0.9999999999999998,0.9999999999999999,5.555249784010931,2.8510106998317153,2.653186198059009,0.07653138171943596,2.8510106998317157,3.5040669757997343,4.0915539897591415,0.012011231801045111,0.028849486331684687,1093.3202468391466,0.03125000081568797,0.3074164781006376,1031.25,46.36797952623093,5.695001736475148
Normal,normal_0_97.mat,2.949029909160572e-17,0.8107953931053911,0.9999999999999999,0.9999999999999999,0.9999999999999999,5.824613410067574,2.95687134604904,2.798122076147017,0.010444856659476812,2.9568713460490406,3.646877339453126,4.248093386236089,0.012143781010582362,0.028793950815952644,1078.843212914118,0.031250008333190575,0.30758606795536386,1031.25,44.649686875946756,5.632843109893328
Normal,normal_0_97.mat,1.0408340855860843e-17,0.812278047452573,1.0,1.0,1.0,5.7824355160260215,2.9230311250530616,2.7134010949594525,-0.07680102911522385,2.9230311250530616,3.598559796390078,4.2049170890073375,0.011343288910898527,0.02911859391122295,1086.244390842992,0.03125000343492499,0.3618737117918622,1066.40625,63.79126978776782,6.647159225146336
Normal,normal_0_97.mat,-2.7755575615628914e-17,0.8106354256990982,1.0,1.0,1.0,5.826332671413008,2.988781830777325,2.592119344242654,-0.052496088013744224,2.988781830777325,3.686961778409544,4.3438049867196185,0.01209349216587526,0.028815114022833942,1136.0110187209873,0.031250013582637175,0.33445873933933234,1031.25,66.31377140732087,6.772810718571279
Normal,normal_0_97.mat,1.3877787807814457e-17,0.7932143493692028,1.0,1.0,1.0,6.036739582203124,3.084622671081926,2.8323387031925957,-0.01143602234142696,3.084622671081926,3.8887630733545695,4.6492427383290496,0.012633415207576599,0.02858253517926833,1199.560971287445,0.03125003195328189,0.29934699086747474,1031.25,45.34013505161748,5.704278335776991
Normal,normal_0_97.mat,1.734723475976807e-18,0.8042212418499768,0.9999999999999999,0.9999999999999998,0.9999999999999999,5.377950395447259,2.8579330257962425,2.6474645338929643,0.05564410537097574,2.857933025796243,3.553665182011413,4.19322493310745,0.011660106383275453,0.028993181120366675,1120.1714064714126,0.03125000211756293,0.3247539742409824,1031.25,56.00532460070121,6.300269563700746
Normal,normal_0_97.mat,0.0,0.8281835000690365,1.0,1.0000000000000002,1.0,5.130505445669918,2.746717365050551,2.3502855203583097,0.06224240400401475,2.746717365050551,3.3165564936050855,3.826151974274189,0.012064697722680422,0.02882723346631331,1323.2927221507002,0.031250061127315966,0.342801426190788,1066.40625,61.13725501486507,6.670904706496715
Normal,normal_0_97.mat,3.903127820947816e-18,0.8150201155371029,1.0,1.0,1.0,5.854555544999414,3.097198242440814,2.6911738887958494,-0.051995780009367845,3.097198242440814,3.8001494483356932,4.41532449282023,0.012394155727237288,0.02868707634914981,1138.31454895466,0.03125001513044368,0.3248415839857381,1031.25,53.152694171658936,6.044983774297571
Normal,normal_0_97.mat,6.938893903907228e-18,0.8018980430742344,1.0,1.0,1.0,6.055674421848346,3.1989652836494553,2.8832447382410886,-0.010288133705506394,3.1989652836494553,3.989241913330516,4.696084689594467,0.013014043658398249,0.028411238617176735,1208.3167855734835,0.03125002099367055,0.335888485299703,1031.25,50.80878017808077,5.793200764115139
Normal,normal_0_97.mat,-2.6020852139652106e-17,0.8175270804824426,1.0,1.0,1.0,5.307618296940954,2.774792297189302,2.469865432397115,0.05978320048128262,2.774792297189302,3.394128908307025,3.959153371500624,0.012116524907736834,0.02880545269469763,1187.3966255004777,0.03125002849256733,0.33417258840440073,1031.25,53.49415793025303,6.154435668534749
Normal,normal_0_97.mat,8.673617379884035e-19,0.81189598794828,1.0,1.0,1.0,5.40653286682465,2.899097332990626,2.654940443179301,0.13251565098955162,2.899097332990626,3.5707743060990547,4.167496494284154,0.01195479775731256,0.028872916936143554,1030.7397250200409,0.03125000034911505,0.3130364677674428,1066.40625,45.063794864660046,5.6243876273443085
Normal,normal_0_97.mat,-5.204170427930421e-18,0.8115373362237428,1.0,1.0,1.0,6.082135313562635,3.1698192254688027,2.7996558463090073,0.06932812962328132,3.1698192254688027,3.9059437982467338,4.542856831753695,0.011629381087494556,0.029005525027563463,1154.5769877388304,0.031250007785643616,0.33041642384053743,1031.25,55.843875772264845,6.37672558212631
Normal,normal_0_97.mat,1.3010426069826053e-17,0.8166740480918473,1.0,1.0,1.0,5.927973071219205,3.1243081693561097,2.7559364615570265,-0.05610043079800074,3.1243081693561097,3.825648894630645,4.437961855298401,0.012150140550941477,0.028791258835410484,1073.288053406627,0.03125000001176375,0.3344137932022738,1031.25,48.741531932202626,5.752962016872542
Normal,normal_0_97.mat,1.3877787807814457e-17,0.8130792351957561,1.0,1.0,1.0,5.789013403934263,3.062819574970138,2.7569876895377905,-0.048561336890122896,3.062819574970138,3.7669386234328526,4.390022615878271,0.01177643379030378,0.028946133412815402,1093.775558137369,0.03125000851791751,0.3089977998538282,1066.40625,50.97930024320638,5.994146087729408
Normal,normal_0_97.mat,-1.214306433183765e-17,0.8134110834925277,1.0,1.0,1.0,5.968322254270824,3.0457541160949164,2.6342713264917395,-0.007749537612986204,3.0457541160949164,3.744421704972866,4.383891510725844,0.011647688454256403,0.028998171306917547,1118.8911965455895,0.031250001367564034,0.3436169708738602,1066.40625,69.84056841484492,7.063662871048527
Normal,normal_0_97.mat,1.9081958235744878e-17,0.8037418011131438,1.0,1.0,1.0,5.663600212985306,3.025490750146703,2.7617285832728955,0.1601849617906338,3.025490750146703,3.7642570611066186,4.4389362672420045,0.012276702920790288,0.028737543258534823,1218.8000638198096,0.031250021234256804,0.3496311077905108,1031.25,57.276129292837,6.286772363501453
Normal,normal_0_97.mat,-1.9081958235744878e-17,0.8050596573475335,0.9999999999999999,0.9999999999999999,0.9999999999999999,5.411612192106395,2.8414036325838197,2.704337980899077,0.050764021425679984,2.84140363258382,3.5294323925577404,4.162340211069385,0.01190630588615984,0.028892950975394387,1122.5185602142121,0.03125000377474134,0.3012800158315223,1031.25,52.80939771701153,6.104512273394349
Normal,normal_0_97.mat,9.540979117872439e-18,0.8074971055357477,1.0,1.0,1.0,5.455144191818821,2.806305811936142,2.7032545295463195,-0.10344589593979622,2.806305811936142,3.4753137722695,4.0838352359153705,0.011654422979130007,0.028995465490062478,1121.795129881759,0.03125000150339,0.34211846905442306,1066.40625,63.85787129006504,6.6482713740139
Normal,normal_0_97.mat,1.3010426069826053e-17,0.8003924042623725,1.0,1.0,1.0,5.797784086273264,3.2606949129515486,2.9408388852937453,-0.12100453251103713,3.2606949129515486,4.073870386059633,4.8064671694258765,0.012340350014531503,0.028710267706616804,1169.1207800133793,0.03125001936426202,0.2905372945762356,1066.40625,49.16143604267868,5.939781461964928
Normal,normal_0_97.mat,-6.938893903907228e-18,0.8069717105355751,1.0,1.0000000000000002,1.0,6.1183737459110805,3.168619671017484,2.8456152833201958,0.02969066018288323,3.168619671017484,3.9265560733405613,4.599707490212006,0.011944986244205395,0.02887697733338555,1081.9942754141714,0.0312500002605939,0.3263071877116301,1031.25,47.41270726096487,5.667383580543913
Normal,normal_0_97.mat,-2.6020852139652106e-17,0.8080612746387974,1.0,1.0,1.0,6.017973414325871,3.108508045301761,2.745497052629157,0.05199781378872864,3.108508045301761,3.846871695084338,4.506717100686175,0.011661774477406796,0.028992517466580818,1163.5305106415854,0.031250008848188994,0.32555203596199306,1066.40625,53.47315118003724,6.22321218978383
Normal,normal_0_97.mat,0.0,0.8086732793918997,0.9999999999999999,0.9999999999999999,0.9999999999999999,5.900456160853229,3.118964040714562,2.7689763973882937,0.07553506954741733,3.1189640407145625,3.85689019310733,4.5137192440866745,0.011622495482252386,0.029008280491786668,1129.0074062326346,0.031250003813202136,0.372256102916786,1031.25,74.92879924545977,7.163910642504615
Normal,normal_0_97.mat,1.9949319973733282e-17,0.8013435045798011,0.9999999999999999,0.9999999999999998,0.9999999999999999,5.720588548440881,2.9552679731753906,2.883274357280754,0.07519939337630155,2.955267973175391,3.6878915924139655,4.344569939156202,0.011859506947246322,0.028912187936198284,1088.107943453559,0.03125000026063733,0.3289573703107365,1042.96875,58.875745431954634,6.441885329635643
Normal,normal_0_97.mat,-8.673617379884035e-18,0.8002898250398481,0.9999999999999999,0.9999999999999999,0.9999999999999999,5.970390464043402,3.162814792306931,2.8342298015946996,0.006279582864538948,3.1628147923069316,3.9520867232685957,4.683375375056619,0.011981408807962711,0.028861883917549375,1095.1955184077967,0.03125000000469794,0.33287865083167967,1031.25,53.325714985056585,5.985189454082677
Normal,normal_0_97.mat,2.0816681711721685e-17,0.8212874061309003,1.0,1.0,1.0,5.976340392342098,3.0604803514622176,2.543101712092006,0.028184808398571515,3.0604803514622176,3.7264425688446816,4.326604700509306,0.011396521254819035,0.029097806215590317,1179.7006293882841,0.0312500083723443,0.3486714735752872,1066.40625,63.34217304190848,6.835214104512718
Normal,normal_0_97.mat,3.209238430557093e-17,0.8141068823246274,0.9999999999999999,0.9999999999999998,0.9999999999999999,5.574826643316809,2.8691772740710855,2.607929259359205,0.04183575531422059,2.869177274071086,3.524325044247683,4.104783238921752,0.011993409792662916,0.028856906439557278,1168.0645442508423,0.03125000684345693,0.3358226527825664,1031.25,61.71966565250793,6.578658448132775
Normal,normal_0_97.mat,-1.0408340855860843e-17,0.7967604774004587,1.0,1.0,1.0,6.054406437716587,3.175092498300156,2.9394968340470222,0.1287382536315943,3.175092498300156,3.9850025049677846,4.730239189636052,0.011682337475281928,0.028984239783921246,1134.6566129712207,0.0312500106358097,0.3097960872149293,1031.25,55.83177247438232,6.365114258867687
Normal,normal_0_97.mat,1.9081958235744878e-17,0.8072765571280085,0.9999999999999999,0.9999999999999998,0.9999999999999999,6.107904305602821,3.1064103098472233,2.8491683558709893,0.01980715907564109,3.1064103098472238,3.8480125335221955,4.524132952209063,0.01187628927994921,0.028905321178395282,1236.3992309457885,0.031250021431788226,0.34420948928633804,1031.25,71.63700969276351,7.0974387406094
Normal,normal_0_97.mat,-4.336808689942018e-18,0.8187937463888526,1.0,1.0,1.0,5.605523930808987,3.001799955465854,2.601296663680116,-0.011367832664039852,3.001799955465854,3.6661246726721726,4.2692501048647955,0.012233454493584713,0.02875600012131203,1304.149631320961,0.03125003922915147,0.30886235854275484,1066.40625,62.6567721149495,6.791515408432758
Normal,normal_0_97.mat,8.673617379884035e-19,0.8101359068563232,1.0,1.0,1.0,5.5188933350426534,2.808264840080207,2.6904236708312563,0.00028367828644303844,2.808264840080207,3.4664120134823873,4.06908524340886,0.012178077574377163,0.028779473557085152,1219.5372778094618,0.031250018746082554,0.35535808849826395,1031.25,59.93073236673814,6.427543272251069
Normal,normal_0_97.mat,1.5612511283791264e-17,0.809564098454338,1.0,1.0000000000000002,1.0,5.284399926431761,2.6507860443135463,2.6814730246563228,0.021886351621439815,2.6507860443135463,3.2743374482324072,3.8335169384258676,0.01222753364305406,0.02875849800229447,1229.8221212044803,0.03125002058143312,0.29563719741327554,1031.25,52.73423414488745,6.197169584697842
Normal,normal_0_97.mat,2.168404344971009e-17,0.8125385702403407,1.0,1.0,1.0,5.490040514278045,2.8220860070279175,2.631107320772191,0.07188019533857537,2.8220860070279175,3.4731717488723923,4.048069752668232,0.011046028956538655,0.0292326502272642,1142.2453207277533,0.03125000152029213,0.34977408361713186,1066.40625,70.09806324348209,7.119919296210712
Normal,normal_0_97.mat,0.0,0.8018802795893821,1.0,1.0,1.0,5.936562568152642,3.2650631309489593,2.9157458170896695,0.2265056752274126,3.2650631309489593,4.071758857345758,4.774409284116018,0.01176560322632447,0.028950528863555806,1079.161475924535,0.031250000652141986,0.3284747630728242,1066.40625,58.178919028242284,6.460389045082976
Normal,normal_0_97.mat,-3.469446951953614e-18,0.7927903595482705,0.9999999999999999,0.9999999999999999,0.9999999999999999,6.6540090500645785,3.581853348712875,3.18483735818524,0.12986855086471222,3.5818533487128756,4.5180334316297746,5.344092859162953,0.012441815642401707,0.0286664514378029,1207.9227114702628,0.03125002743223474,0.32930389461674525,1031.25,49.115643402658485,5.7864693058376275
Normal,normal_0_97.mat,-2.0816681711721685e-17,0.79241078123617,1.0,1.0,1.0,6.435073730227858,3.5118065244974472,3.0574495205024816,-0.2098401584005638,3.5118065244974472,4.431800535347321,5.265582970184988,0.012075895864104432,0.028822478609763422,1139.109432958884,0.031250000546095426,0.2986379748503806,1031.25,52.78730261657784,6.160404324059177
Normal,normal_0_97.mat,1.734723475976807e-18,0.808136702069544,0.9999999999999999,0.9999999999999998,0.9999999999999999,5.825130175543828,3.1806837670246586,2.7343827491069166,-0.12223892743722926,3.180683767024659,3.9358239254315484,4.620331480534716,0.012084783374942641,0.02881879700045023,1248.9652594607562,0.031250040796332555,0.36083870267546025,1066.40625,74.13431132922311,7.211514952370823
Normal,normal_0_97.mat,-8.673617379884035e-19,0.8227161575885427,1.0,1.0000000000000002,1.0,5.510103039429694,2.940604285230582,2.538962458712306,-0.0324294091883157,2.940604285230582,3.574263442023268,4.140765225683917,0.012221859455593424,0.02876091299197098,1210.070132901149,0.03125002343493527,0.3131088649588128,1066.40625,61.84166897063895,6.658717335135503
Normal,normal_0_97.mat,1.734723475976807e-18,0.8099852798624345,0.9999999999999999,0.9999999999999998,0.9999999999999999,5.846095925577295,2.929389290205974,2.727661787406545,0.09920099808546524,2.9293892902059744,3.6165957123362693,4.226668895884613,0.013142531485020367,0.02835206156102963,1292.4371188213272,0.03125004845748509,0.34000847217665975,1031.25,53.71985599520248,6.003430254434738
Normal,normal_0_97.mat,-1.0408340855860843e-17,0.7914033379531531,1.0,1.0,1.0,6.26711601899858,3.247131962119238,3.0485384062426837,0.08776751048975176,3.247131962119238,4.103005138337502,4.854333317257062,0.012271143619531239,0.02873992098092164,1195.3964628001395,0.031250024379523005,0.2989096449901236,1066.40625,49.51406152748291,5.912993602025183
Normal,normal_0_97.mat,1.0408340855860843e-17,0.8040739325967148,1.0,1.0,1.0,6.012262621841763,3.1007664119094356,2.8095128203765416,0.03234990944947433,3.1007664119094356,3.856320030044591,4.533722678898026,0.012666408631315487,0.028567914491944058,1155.117533412239,0.031250018336546476,0.3034346804315739,1066.40625,45.019858371982416,5.5394757689090195
Normal,normal_0_97.mat,2.5153490401663703e-17,0.7996840647004592,1.0,1.0,1.0,5.765305613514004,3.0198129390539843,2.7884419394290774,-0.033624909129154466,3.0198129390539843,3.7762574901190855,4.47317074198321,0.011656045910233148,0.02899481558782503,1140.4503394866942,0.03125000379573487,0.31702565118459125,1031.25,54.33621240483364,6.317781847375893
Normal,normal_0_97.mat,-8.673617379884035e-18,0.7910767340476416,1.0,1.0,1.0,6.37582099384479,3.228929310665946,3.029894717060179,0.08107822442935209,3.228929310665946,4.0816891354454725,4.86862199553283,0.012130801319390509,0.028799416403415413,1136.1195733761901,0.03125000361324522,0.3197161277606586,1031.25,54.661277583809664,6.107041205666035
Normal,normal_0_97.mat,-3.469446951953614e-18,0.8083404079842241,1.0,1.0,1.0,6.20095283259354,3.1644926433233835,2.7667280938898413,0.0639962628407952,3.1644926433233835,3.9148019968650916,4.597310760399138,0.01177852487334939,0.028945278349402807,1110.6963746079418,0.03125000459066394,0.34189673258333464,1066.40625,60.92246713699842,6.530776864136258
Normal,normal_0_97.mat,1.5612511283791264e-17,0.8077512700296129,1.0,1.0000000000000002,1.0,5.9959290361841,3.0250952415042716,2.675068301729942,-0.07826912018734225,3.0250952415042716,3.745082618555795,4.403776093375885,0.01246634427034785,0.02865577061243964,1146.8845439785423,0.031250006861752756,0.3276004886678937,1066.40625,57.95000731501404,6.2731393504651605
Normal,normal_0_97.mat,1.0408340855860843e-17,0.7952334387177663,1.0,1.0,1.0,6.16299918536004,3.144367056610419,2.932218304373581,0.0034873473957260856,3.144367056610419,3.9540176550930677,4.696546985455205,0.01298683818567618,0.02842369251616011,1235.3236299470125,0.03125002819701373,0.2887611985936496,1066.40625,45.11496154688543,5.618241231263456
Normal,normal_0_97.mat,-1.3877787807814457e-17,0.7994430528326371,1.0,1.0000000000000002,1.0,5.933558617314517,3.4102071152473514,2.920279088405801,-0.12815360199584777,3.4102071152473514,4.265728625902859,5.051124920302923,0.012130958415335553,0.028799374026110026,1214.795968920108,0.03125002554191566,0.3274741803512786,1066.40625,59.84920852478841,6.5373015476355585
Normal,normal_0_97.mat,-1.0408340855860843e-17,0.8101584104437578,1.0,1.0,1.0,5.89014916449102,3.08622732886522,2.739890513783958,-0.036844732148141324,3.08622732886522,3.809412195294947,4.462359994930089,0.011939662172446127,0.02887919729510724,1187.7602599828476,0.03125001710722524,0.3321266704804714,1066.40625,65.43022947092463,6.809625078892663
Normal,normal_0_97.mat,-2.6020852139652106e-17,0.8082592929260632,1.0,1.0,1.0,6.226463734600511,3.2988373807776568,2.843977546001148,-0.00715935683137061,3.2988373807776568,4.081409777344092,4.780137337368188,0.012079250414809777,0.028821104570306635,1268.4510749488934,0.031250029747765556,0.3128958055857736,1066.40625,54.21648755600344,6.2739249247979325
Normal,normal_0_97.mat,-1.0408340855860843e-17,0.7919020468051096,0.9999999999999999,0.9999999999999999,0.9999999999999999,6.540335498070171,3.538671598562186,3.1530243711876693,0.0005677208812081282,3.5386715985621864,4.4685723604816845,5.309890132458115,0.012516539774901001,0.028633876261568107,1110.0356496122133,0.031250002203191476,0.31629113909285855,1066.40625,53.17851122199355,5.912642081367862
Normal,normal_0_97.mat,-1.5612511283791264e-17,0.7957375169579289,1.0,1.0,1.0,6.00907236526054,3.250449256252956,2.973754917058687,-0.01760873226683768,3.250449256252956,4.0848259469771975,4.843930684713548,0.011372648342486835,0.029107138972751787,1119.5015579546755,0.03125000271201516,0.3362075348240261,1066.40625,61.49687711738656,6.717410121900558
Normal,normal_0_97.mat,1.734723475976807e-18,0.8084087070148084,1.0,1.0,1.0,6.065428618504491,3.274191856783391,2.7416045434420493,0.009402041215990371,3.274191856783391,4.0501689657375435,4.752543867917552,0.012067309493481063,0.028826074420317857,1161.5801157916449,0.031250000398354585,0.3385127769069042,1031.25,61.42586674594482,6.523572882035547
Normal,normal_0_97.mat,1.734723475976807e-18,0.8117906712777166,0.9999999999999999,0.9999999999999999,0.9999999999999999,5.901659758031512,3.09191484410173,2.6165238584055515,-0.026302960740458733,3.0919148441017303,3.8087587767363913,4.465469744200445,0.01195706601688683,0.028871977463223966,1126.241992194807,0.03125000016590564,0.30949329989477165,1042.96875,56.047541802767164,6.29655870488531
Normal,normal_0_97.mat,3.469446951953614e-18,0.8152245083280898,1.0,1.0,1.0,5.759475769057941,2.884216222111959,2.628073148665764,-0.05237502570305761,2.884216222111959,3.5379410121355144,4.135685120178284,0.012086340659080756,0.028818103953902868,1117.336608092115,0.03125000393640456,0.33752132260186907,1031.25,57.58307644800592,6.286353197213581
Normal,normal_0_97.mat,-2.0816681711721685e-17,0.8064472021534941,0.9999999999999999,0.9999999999999999,0.9999999999999999,5.880305752240876,3.0341882951481502,2.753896300176784,0.12395638172153073,3.0341882951481507,3.762414063866567,4.429528218609987,0.01164166445320743,0.029000592591098367,1130.6390039073958,0.03125000355001488,0.31687287384364765,1031.25,62.54531980119641,6.737651683142514
Normal,normal_0_97.mat,-1.734723475976807e-17,0.7933513240040841,1.0,1.0,1.0,7.321306492299074,3.789094550310793,3.2711011051185412,0.0935965962306832,3.789094550310793,4.77606129298057,5.644754020205314,0.012859260204303223,0.02848165337833007,1275.6964228952613,0.031250042434616265,0.32590546053167146,1066.40625,54.8366209743059,6.119266462383132
Normal,normal_0_97.mat,-2.0816681711721685e-17,0.8004724351296928,1.0,1.0,1.0,7.020407130984026,3.6268147146163074,3.0198952837921516,0.030032663141407893,3.6268147146163074,4.530842731678437,5.3557577506201755,0.01217005611168763,0.028782864298718496,1200.7321354412602,0.03125001668799665,0.30302706204444896,1031.25,52.01932571057121,6.0883736399983635
Normal,normal_0_97.mat,2.42861286636753e-17,0.8129451867528575,0.9999999999999999,0.9999999999999998,0.9999999999999999,5.701156892299201,2.987336040854209,2.625153933578878,0.015796277274600437,2.9873360408542093,3.6747078272109692,4.304247520585766,0.012134945543549446,0.028797680738284988,1205.3432643956785,0.03125001310798286,0.3331249498918307,1066.40625,62.487062300031255,6.580134789955
Normal,normal_0_97.mat,2.42861286636753e-17,0.8172055828990065,1.0,1.0,1.0,5.682787762201606,2.9508736652488343,2.6011062512140595,0.07140780930595088,2.9508736652488343,3.6109318475049075,4.201938153925498,0.011671832010652654,0.028988472705260213,1170.2160091827284,0.03125001139629412,0.3197590290975528,1066.40625,61.400542093034375,6.7279357189491
Normal,normal_0_97.mat,-1.6479873021779667e-17,0.8077698889813614,1.0,1.0,1.0,5.825019045915241,3.0881022982872013,2.707787978405179,0.10092926666281832,3.0881022982872013,3.822997539783829,4.484906208151422,0.012442527464598476,0.02866611925636885,1177.472394491602,0.03125000612684177,0.32008437062358364,1031.25,44.36476981613856,5.495661468621513
Normal,normal_0_97.mat,-5.204170427930421e-18,0.8052908886987571,1.0,1.0,1.0,5.6819564701956,3.076863224424633,2.856277736566043,-0.13661250558715043,3.076863224424633,3.82080968207207,4.487420166928044,0.01230406125418974,0.028725832203665445,1197.253966440252,0.03125001374623691,0.32097684389581965,1031.25,57.18289094492667,6.37524076749783
Normal,normal_0_97.mat,-2.0816681711721685e-17,0.8132584198939241,1.0,1.0,1.0,5.806531308168117,3.3813273484676323,2.812868691322829,-0.18895006449528257,3.3813273484676323,4.157752647563943,4.843422624708942,0.01157436410824287,0.029027514470808504,1100.3354634866646,0.03125000001381084,0.3610572169225283,1066.40625,63.58756557409365,6.585066803889
Normal,normal_0_97.mat,-8.673617379884035e-18,0.8074722810379501,1.0,1.0,1.0,5.9509856638039595,3.467753949980242,2.8462219742543864,-0.08856407764485044,3.467753949980242,4.294579555749806,5.034438727609481,0.012153144689392579,0.028790002171909905,1175.0805714924966,0.03125001041439648,0.34778599626110424,1066.40625,61.24370684722235,6.5095506555850084
Normal,normal_0_97.mat,2.42861286636753e-17,0.8069469687917927,1.0,1.0000000000000002,1.0,5.706761127689116,2.9148193091919383,2.814837136910402,0.10885176067433668,2.9148193091919383,3.6121572072526313,4.215503744013208,0.012281169312993914,0.028735626082367287,1184.515660289858,0.03125001321663801,0.335913961285067,1031.25,52.75978387963638,6.022537707160688
Normal,normal_0_97.mat,2.5153490401663703e-17,0.8175484358156738,0.9999999999999999,0.9999999999999998,0.9999999999999999,5.485178279241916,2.7890638094445657,2.594133089545572,0.026813870480250603,2.789063809444566,3.411496722713312,3.9469782638509594,0.011123581918684995,0.029203230740609317,1190.6925188142343,0.03125000416625515,0.3178885629942232,1066.40625,67.05422971153253,7.168628830624258
Normal,normal_0_97.mat,-1.3877787807814457e-17,0.8189133319993722,1.0,1.0,1.0,5.203944180047631,2.8637067042818454,2.474745111842875,-0.1322102216088878,2.8637067042818454,3.496959436830906,4.0768606848601925,0.011939543809883347,0.02887927330015604,1315.1523636199415,0.031250042123703275,0.35321205407474476,1066.40625,76.78755510991257,7.449667641679895
Normal,normal_0_97.mat,2.42861286636753e-17,0.7995772964345782,0.9999999999999999,0.9999999999999998,0.9999999999999999,6.141206469869758,3.3104098056433706,2.926517562073007,-0.1197231564988011,3.310409805643371,4.14019985360381,4.898522166103485,0.011627099995179437,0.029006440265076167,1170.2463913105041,0.03125000849838818,0.3456172212315581,1031.25,68.13123424431522,7.060847470216516
Normal,normal_0_97.mat,2.42861286636753e-17,0.7949245874891664,1.0,1.0,1.0,5.9907281613766425,3.2629060627293405,2.9370454451938723,0.04870586898629016,3.2629060627293405,4.104673718843562,4.875135673729567,0.012689434756590642,0.028557706329810424,1224.1063537844382,0.03125002952416949,0.3276089234984383,1031.25,50.092751375001605,5.8875173622602235
Normal,normal_0_97.mat,0.0,0.8084285644864251,0.9999999999999999,0.9999999999999999,0.9999999999999999,5.363336799592649,2.6955333347775245,2.6186044324512197,0.07435680863603027,2.695533334777525,3.334287595948482,3.924042346663531,0.01166742391455195,0.028990241085602914,1129.2830048261158,0.031250005744051276,0.3143527877029373,1066.40625,53.26461471407587,6.216059924282098
Normal,normal_0_97.mat,3.469446951953614e-18,0.8069272292821936,0.9999999999999999,0.9999999999999998,0.9999999999999999,5.67956099872035,2.8915726629915808,2.698549648775338,0.012806993148686472,2.891572662991581,3.5834367190258214,4.2087096146087815,0.012251613891057705,0.02874822835763237,1176.6982495581601,0.031250002826210044,0.33604984840665875,1066.40625,54.84051213297311,6.161147548404884
Normal,normal_0_97.mat,0.0,0.8062603927202487,1.0,1.0,1.0,5.612458090862287,2.91319231037016,2.637378267354575,-0.04482889502134881,2.91319231037016,3.6132152052531263,4.257167523841058,0.011669206766122264,0.028989518707651173,1152.5658753955527,0.03125000130322831,0.32728150105911097,1031.25,59.34586540179426,6.496900037138183
Normal,normal_0_97.mat,-3.469446951953614e-18,0.8108627869775189,1.0,1.0,1.0,5.253593919610937,2.9732740953086805,2.5915916734039177,-0.1909210562162575,2.9732740953086805,3.66680299436545,4.3116169562000275,0.011817753572371963,0.02892927931076676,1144.6019559688054,0.03125000001500269,0.36444172377035455,1031.25,66.86203486087003,6.767639690372632
Normal,normal_0_97.mat,4.5102810375396984e-17,0.8114022278118422,1.0,1.0,1.0,5.356544838957385,2.8579279058085367,2.583306114347655,-0.10365272243670667,2.8579279058085367,3.522208601171437,4.133721583796539,0.011702195277204881,0.028976218058390523,1156.4751740086,0.031250001396371706,0.31550382626970713,1066.40625,56.97274163913468,6.434992591252929
Normal,normal_0_97.mat,6.938893903907228e-18,0.8091572327803872,0.9999999999999999,0.9999999999999998,0.9999999999999999,5.1756265305937585,2.593323732484891,2.61798162423116,0.05169137540899198,2.5933237324848912,3.2049688582450613,3.755233028039503,0.011743847426240973,0.02895936465041888,1160.4253915400977,0.03125000405322786,0.3293933799634624,1031.25,57.76775425834533,6.4153604701791185
Normal,normal_0_97.mat,1.734723475976807e-18,0.8153391259353863,0.9999999999999999,0.9999999999999999,0.9999999999999999,5.224256385032437,2.681617695127826,2.5266015506933535,0.06084650214961521,2.6816176951278266,3.288959906163436,3.842231513510186,0.011927386537929895,0.028884251018752315,1063.7152519753322,0.03125000010463177,0.29739388819703416,1031.25,41.16258537212568,5.397471814052982
Normal,normal_0_97.mat,5.204170427930421e-18,0.8238070030407865,1.0,1.0000000000000002,1.0,5.005194156631608,2.573199496487714,2.362043125957329,0.02397233838774764,2.573199496487714,3.1235465187716005,3.63449783973992,0.011493138071053628,0.02905977308326775,1088.346130895552,0.03125000214994097,0.3301057828060276,1031.25,55.00442009740146,6.203160493394337
Normal,normal_0_97.mat,-3.469446951953614e-18,0.8287374149174518,0.9999999999999998,0.9999999999999997,0.9999999999999998,5.351238813784937,2.6983691209623166,2.3863846418819614,0.04620424727446752,2.698369120962317,3.2560001182414258,3.7508451412705335,0.011795614290604788,0.028938317448888033,1156.8276616795251,0.03125000373224517,0.34929554202335383,1031.25,67.1659746814403,6.843729192634655
